merge_key,GT,ET1_Label,ET1_Z3,ET2_Label,ET2_Z3,CPA_Pred,CPA_Raw
2Nested_false-termination_true-valid-memsafety.c,non-terminating,non-terminating,Skipped,non-terminating,Skipped,non-terminating,NO
3pieces_Caterina_TACAS16.c,terminating,terminating,Failed: Not Decreasing,terminating,Failed: Not Decreasing,unknown,MAYBE
3pieces_Caterina_TACAS16_modif_1.c,terminating,terminating,Skipped,terminating,Skipped,unknown,MAYBE
3pieces_Caterina_TACAS16_modif_2.c,terminating,terminating,Failed: Not Decreasing,terminating,Skipped,unknown,MAYBE
3pieces_Caterina_TACAS16_modif_3.c,terminating,terminating,Skipped,terminating,Skipped,unknown,MAYBE
3pieces_Caterina_TACAS16_nonterm.c,non-terminating,non-terminating,Skipped,non-terminating,Skipped,non-terminating,NO
4NestedWith2Variables_false-no-overflow.c,terminating,error,,terminating,Failed: Not Decreasing,unknown,MAYBE
4NestedWith3Variables_false-no-overflow.c,terminating,error,,error,,unknown,MAYBE
AliasDarteFeautrierGonnord-SAS2010-counterex1a_false-no-overflow.c,terminating,terminating,Failed: Not Decreasing,terminating,Failed: Not Decreasing,terminating,YES
AliasDarteFeautrierGonnord-SAS2010-cousot9_true-termination_true-no-overflow.c,terminating,terminating,Verified,terminating,Verified,terminating,YES
AliasDarteFeautrierGonnord-SAS2010-rsd_true-termination.c,terminating,terminating,Failed: Not Decreasing,terminating,Failed: Not Decreasing,terminating,YES
AliasDarteFeautrierGonnord-SAS2010-speedFails4_true-termination.c,terminating,terminating,Failed: Not Decreasing,terminating,Failed: Not Decreasing,terminating,YES
AliasDarteFeautrierGonnord-SAS2010-speedpldi2_true-termination_true-no-overflow.c,terminating,terminating,Failed: Not Decreasing,terminating,Failed: Not Decreasing,unknown,MAYBE
AliasDarteFeautrierGonnord-SAS2010-speedpldi3_true-termination_true-no-overflow.c,terminating,terminating,Failed: Not Decreasing,terminating,Failed: Invariants Not Inductive,terminating,YES
AliasDarteFeautrierGonnord-SAS2010-wise_true-termination_true-no-overflow.c,terminating,terminating,Verified,terminating,Verified,terminating,YES
AlternDivWidening_false-no-overflow_false-termination-simplified.c,non-terminating,non-terminating,Failed: Not Decreasing,terminating,Skipped,unknown,MAYBE
AlternDivWidening_false-no-overflow_false-termination.c,non-terminating,non-terminating,Failed: Not Decreasing,non-terminating,Failed: Not Decreasing,non-terminating,NO
AlternKonv_false-termination_true-no-overflow.c,non-terminating,non-terminating,Failed: Not Decreasing,non-terminating,Failed: Potential Non-Termination (2-Cycle Found),non-terminating,NO
Bangalore_v3_false-termination_true-valid-memsafety.c,non-terminating,non-terminating,Error: Unknown verification output...,non-terminating,Failed: Not Decreasing,non-terminating,NO
Ben-Amram-2010LMCS-Ex2.3-alloca_true-termination-broken1.c,non-terminating,non-terminating,Skipped,non-terminating,Failed: Not Decreasing,non-terminating,NO
Ben-Amram-2010LMCS-Ex2.3-alloca_true-termination-broken2.c,non-terminating,non-terminating,Skipped,non-terminating,Skipped,non-terminating,NO
Ben-Amram-2010LMCS-Ex2.3-alloca_true-termination-broken3.c,non-terminating,non-terminating,Skipped,non-terminating,Skipped,non-terminating,NO
Ben-Amram-2010LMCS-Ex2.3-alloca_true-termination-broken4.c,non-terminating,non-terminating,Skipped,non-terminating,Skipped,non-terminating,NO
Ben-Amram-2010LMCS-Ex2.3-alloca_true-termination-modified1.c,terminating,non-terminating,Skipped,non-terminating,Skipped,terminating,YES
Ben-Amram-2010LMCS-Ex2.3-alloca_true-termination-modified2.c,terminating,error,,non-terminating,Skipped,unknown,MAYBE
Ben-Amram-2010LMCS-Ex2.3-alloca_true-termination.c,terminating,non-terminating,Skipped,non-terminating,Skipped,terminating,YES
BradleyMannaSipma-ICALP2005-Fig1_true-termination-broken1.c,non-terminating,non-terminating,Skipped,non-terminating,Failed: Not Decreasing,non-terminating,NO
BradleyMannaSipma-ICALP2005-Fig1_true-termination-broken2.c,non-terminating,non-terminating,Skipped,non-terminating,Failed: Invariants Not Inductive,non-terminating,NO
BradleyMannaSipma-ICALP2005-Fig1_true-termination.c,terminating,terminating,Skipped,terminating,Skipped,terminating,YES
Cairo_nondet_false-no-overflow.c,non-terminating,terminating,Verified,non-terminating,Failed: Not Bounded,non-terminating,NO
Cairo_step2_false-no-overflow.c,non-terminating,non-terminating,Failed: Not Decreasing,non-terminating,Failed: Invariants Not Inductive,non-terminating,NO
Cairo_true-no-overflow_true-termination_true-valid-memsafety.c,terminating,terminating,Failed: Not Bounded,terminating,Verified,terminating,YES
ChawdharyCookGulwaniSagivYang-ESOP2008-aaron12_false-no-overflow.c,terminating,non-terminating,Skipped,error,,non-terminating,NO
ChawdharyCookGulwaniSagivYang-ESOP2008-aaron4_true-termination.c,terminating,non-terminating,Failed: Not Decreasing,terminating,Failed: Not Decreasing,unknown,MAYBE
ChawdharyCookGulwaniSagivYang-ESOP2008-aaron6_true-termination-broken.c,non-terminating,non-terminating,Skipped,non-terminating,Skipped,non-terminating,NO
ChawdharyCookGulwaniSagivYang-ESOP2008-aaron6_true-termination.c,terminating,non-terminating,Skipped,non-terminating,Skipped,terminating,YES
ChenCookFuhsNimkarOHearn-TACAS2014-Introduction_false-termination_true-no-overflow.c,non-terminating,non-terminating,Skipped,non-terminating,Failed: No ranking function provided,non-terminating,NO
ChenFlurMukhopadhyay-SAS2012-Ex1.01_false-no-overflow-broken.c,non-terminating,non-terminating,Skipped,non-terminating,Skipped,non-terminating,NO
ChenFlurMukhopadhyay-SAS2012-Ex1.01_false-no-overflow-version1.c,terminating,terminating,Failed: No ranking function provided,terminating,Skipped,unknown,MAYBE
ChenFlurMukhopadhyay-SAS2012-Ex1.01_false-no-overflow-version2.c,terminating,terminating,Skipped,terminating,Skipped,unknown,MAYBE
ChenFlurMukhopadhyay-SAS2012-Ex1.01_false-no-overflow-version3.c,terminating,terminating,Skipped,terminating,Skipped,unknown,MAYBE
ChenFlurMukhopadhyay-SAS2012-Ex1.01_false-no-overflow-version4.c,terminating,terminating,Skipped,terminating,Skipped,unknown,MAYBE
ChenFlurMukhopadhyay-SAS2012-Ex1.01_false-no-overflow-version5.c,terminating,non-terminating,Skipped,non-terminating,Skipped,non-terminating,NO
ChenFlurMukhopadhyay-SAS2012-Ex1.01_false-no-overflow-version6.c,terminating,error,,non-terminating,Skipped,unknown,MAYBE
ChenFlurMukhopadhyay-SAS2012-Ex1.01_false-no-overflow.c,terminating,terminating,Failed: No ranking function provided,terminating,Skipped,unknown,MAYBE
ChenFlurMukhopadhyay-SAS2012-Ex1.02_false-no-overflow.c,terminating,terminating,Skipped,terminating,Skipped,terminating,YES
ChenFlurMukhopadhyay-SAS2012-Ex2.02_false-no-overflow.c,non-terminating,non-terminating,Skipped,non-terminating,Failed: Not Decreasing,non-terminating,NO
ChenFlurMukhopadhyay-SAS2012-Ex2.03_false-no-overflow.c,non-terminating,non-terminating,Skipped,non-terminating,Skipped,non-terminating,NO
ChenFlurMukhopadhyay-SAS2012-Ex2.04_false-no-overflow.c,non-terminating,terminating,Failed: Not Decreasing,terminating,Failed: No ranking function provided,non-terminating,NO
ChenFlurMukhopadhyay-SAS2012-Ex2.05_false-termination.c,non-terminating,non-terminating,Failed: Not Decreasing,non-terminating,Failed: Not Decreasing,non-terminating,NO
ChenFlurMukhopadhyay-SAS2012-Ex2.06_false-no-overflow.c,terminating,non-terminating,Skipped,error,,unknown,MAYBE
ChenFlurMukhopadhyay-SAS2012-Ex2.11_false-termination.c,non-terminating,non-terminating,Skipped,non-terminating,Failed: Not Decreasing,unknown,MAYBE
ChenFlurMukhopadhyay-SAS2012-Ex2.12_false-termination.c,non-terminating,non-terminating,Failed: Not Decreasing,non-terminating,Error: Unknown verification output...,non-terminating,NO
ChenFlurMukhopadhyay-SAS2012-Ex2.13_true-termination-broken.c,non-terminating,non-terminating,Skipped,non-terminating,Failed: Not Decreasing,non-terminating,NO
ChenFlurMukhopadhyay-SAS2012-Ex2.13_true-termination.c,terminating,terminating,Skipped,terminating,Failed: Not Decreasing,terminating,YES
ChenFlurMukhopadhyay-SAS2012-Ex2.14_false-no-overflow.c,non-terminating,non-terminating,Skipped,non-terminating,Skipped,non-terminating,NO
ChenFlurMukhopadhyay-SAS2012-Ex2.15_false-no-overflow.c,non-terminating,non-terminating,Skipped,non-terminating,Skipped,non-terminating,NO
ChenFlurMukhopadhyay-SAS2012-Ex2.17_false-termination.c,non-terminating,non-terminating,Skipped,non-terminating,Skipped,non-terminating,NO
ChenFlurMukhopadhyay-SAS2012-Ex3.02_false-no-overflow.c,non-terminating,non-terminating,Skipped,non-terminating,Skipped,non-terminating,NO
ChenFlurMukhopadhyay-SAS2012-Ex3.06_false-termination.c,non-terminating,non-terminating,Skipped,non-terminating,Error: Unknown verification output...,non-terminating,NO
ChenFlurMukhopadhyay-SAS2012-Ex4.01_false-no-overflow-simpl.c,terminating,terminating,Skipped,terminating,Skipped,unknown,MAYBE
ChenFlurMukhopadhyay-SAS2012-Ex4.01_false-no-overflow-version1.c,terminating,terminating,Skipped,terminating,Failed: Not Decreasing,terminating,YES
ChenFlurMukhopadhyay-SAS2012-Ex4.01_false-no-overflow-version2.c,terminating,terminating,Skipped,error,,unknown,MAYBE
ChenFlurMukhopadhyay-SAS2012-Ex4.01_false-no-overflow.c,terminating,terminating,Skipped,terminating,Skipped,terminating,YES
Choose_false-no-overflow_false-termination.c,non-terminating,non-terminating,Skipped,non-terminating,Skipped,non-terminating,NO
ComplInterv2_false-termination_true-no-overflow.c,non-terminating,terminating,Verified,non-terminating,Error: Unknown verification output...,non-terminating,NO
ComplInterv_false-no-overflow_false-termination.c,non-terminating,non-terminating,Failed: No ranking function provided,non-terminating,Failed: No Ranking Function Provided,non-terminating,NO
ConvLower_false-termination_true-no-overflow.c,non-terminating,non-terminating,Failed: Not Decreasing,non-terminating,Failed: Not Decreasing,non-terminating,NO
CookSeeZuleger-TACAS2013-Fig1_true-termination_true-no-overflow.c,terminating,terminating,Verified,terminating,Failed: Not Decreasing,terminating,YES
CookSeeZuleger-TACAS2013-Fig7a-true-termination_true-no-overflow.c,terminating,non-terminating,Failed: Not Decreasing,terminating,Failed: Not Decreasing,terminating,YES
CookSeeZuleger-TACAS2013-Fig7b-true-termination_true-no-overflow.c,terminating,error,,error,,terminating,YES
CookSeeZuleger-TACAS2013-Fig8a-modified-true-termination_true-no-overflow-broken-1.c,non-terminating,non-terminating,Failed: Not Decreasing,non-terminating,Failed: Not Decreasing,unknown,MAYBE
CookSeeZuleger-TACAS2013-Fig8a-modified-true-termination_true-no-overflow-broken-2.c,non-terminating,non-terminating,"Error: Traceback (most recent call last):
  File ""/tmp/tmp5zkduk2v.py"", line 38, in <module>
    loop_condition = substitute(loop_condition, subs)
  File ""/home/clexma/Desktop/fox3/TermDB/EvolveTerm/.venv_ev...",non-terminating,Failed: Not Decreasing,non-terminating,NO
CookSeeZuleger-TACAS2013-Fig8a-modified_true-termination_true-no-overflow-broken-3.c,non-terminating,terminating,Verified,terminating,Verified,non-terminating,NO
CookSeeZuleger-TACAS2013-Fig8a-modified_true-termination_true-no-overflow-broken-4.c,non-terminating,terminating,Verified,terminating,Verified,non-terminating,NO
CookSeeZuleger-TACAS2013-Fig8a-modified_true-termination_true-no-overflow.c,terminating,terminating,Verified,terminating,Verified,terminating,YES
Copenhagen_disj_true-termination_true-valid-memsafety.c,terminating,terminating,Verified,terminating,Error: Unknown verification output...,unknown,MAYBE
Copenhagen_disj_true_version.c,terminating,terminating,Failed: Not Decreasing,terminating,Skipped,terminating,YES
Copenhagen_true-no-overflow_true-termination_true-valid-memsafety.c,terminating,terminating,Verified,terminating,Verified,terminating,YES
DivWithoutMinus_false-no-overflow_false-termination.c,non-terminating,non-terminating,Failed: Not Decreasing,non-terminating,Skipped,non-terminating,NO
DoubleNeg_false-no-overflow_false-termination.c,non-terminating,non-terminating,Failed: Not Bounded,non-terminating,Failed: Not Bounded,non-terminating,NO
DoublePos_false-no-overflow_false-termination.c,non-terminating,non-terminating,Skipped,non-terminating,Skipped,non-terminating,NO
Et1_false-no-overflow_true-termination.c,terminating,error,,error,,terminating,YES
Et2_false-no-overflow_false-termination.c,non-terminating,error,,non-terminating,Failed: Not Decreasing,non-terminating,NO
Et4_false-no-overflow_false-termination.c,non-terminating,non-terminating,Skipped,non-terminating,Failed: Not Decreasing,non-terminating,NO
Even_false-no-overflow_false-termination.c,non-terminating,non-terminating,Failed: Not Bounded,non-terminating,Failed: Not Bounded,non-terminating,NO
Ex08_false-termination_true-no-overflow-version1.c,non-terminating,non-terminating,Skipped,non-terminating,Skipped,unknown,MAYBE
Ex08_false-termination_true-no-overflow-version2.c,non-terminating,non-terminating,Skipped,non-terminating,Skipped,unknown,TIMEOUT
Ex08_false-termination_true-no-overflow.c,non-terminating,non-terminating,Skipped,non-terminating,Skipped,non-terminating,NO
Factorial_false-no-overflow_false-termination.c,non-terminating,non-terminating,Skipped,non-terminating,Failed: Not Decreasing,non-terminating,NO
Flip2_false-termination_true-no-overflow.c,non-terminating,terminating,Failed: Not Decreasing,non-terminating,Failed: Not Decreasing,unknown,MAYBE
Flip_false-termination_true-no-overflow.c,non-terminating,non-terminating,Skipped,non-terminating,Failed: Potential infinite loop detected (cycle found),unknown,MAYBE
Gauss_false-no-overflow_false-termination.c,non-terminating,non-terminating,Failed: Not Bounded,non-terminating,Failed: Not Bounded,non-terminating,NO
Gothenburg_false-no-overflow.c,terminating,terminating,"Error: File ""/tmp/tmp5y345e93.py"", line 171
    decreasing = Implies(And(loop_condition, invariants, transition),
                        ^
SyntaxError: '(' was never closed...",terminating,Failed: Not Bounded,terminating,YES
Gothenburg_v2_false-no-overflow.c,terminating,terminating,Failed: Not Bounded,terminating,Failed: Not Bounded,terminating,YES
Gothenburg_v3_false-no-overflow.c,terminating,terminating,Verified,terminating,Skipped,unknown,MAYBE
Gothenburg_v4_false-no-overflow.c,terminating,terminating,Failed: Not Bounded,terminating,Failed: No ranking function provided and potential non-termination detected,unknown,MAYBE
GulavaniGulwani-CAV2008-Fig1a_true-termination.c,terminating,terminating,Failed: Not Bounded,terminating,Failed: Not Decreasing,terminating,YES
GulwaniJainKoskinen-PLDI2009-Fig1_true-termination-broken.c,non-terminating,non-terminating,Failed: Not Decreasing,non-terminating,Failed: Not Bounded,non-terminating,NO
GulwaniJainKoskinen-PLDI2009-Fig1_true-termination-version1.c,terminating,terminating,Failed: Not Decreasing,terminating,Skipped,unknown,FAILED
GulwaniJainKoskinen-PLDI2009-Fig1_true-termination-version2.c,terminating,terminating,Skipped,terminating,Skipped,unknown,FAILED
GulwaniJainKoskinen-PLDI2009-Fig1_true-termination.c,terminating,terminating,Failed: Not decreasing,terminating,Skipped,unknown,FAILED
HarrisLalNoriRajamani-SAS2010-Fig2_false-no-overflow.c,non-terminating,non-terminating,Failed: Not Decreasing,non-terminating,Failed: Not Decreasing,non-terminating,NO
HeizmannHoenickeLeikePodelski-ATVA2013-Fig2_true-termination-broken.c,non-terminating,non-terminating,Failed: Not Decreasing,non-terminating,Failed: Not Decreasing,non-terminating,NO
HeizmannHoenickeLeikePodelski-ATVA2013-Fig2_true-termination-version.c,terminating,terminating,Failed: Not Decreasing,non-terminating,Failed: Not Decreasing,terminating,YES
HeizmannHoenickeLeikePodelski-ATVA2013-Fig2_true-termination.c,terminating,terminating,Failed: Not Decreasing,terminating,Failed: Not Decreasing,terminating,YES
HeizmannHoenickeLeikePodelski-ATVA2013-Fig5_true-termination_true-no-overflow-broken.c,non-terminating,non-terminating,Failed: Not Decreasing,non-terminating,Failed: Not Decreasing,non-terminating,NO
HeizmannHoenickeLeikePodelski-ATVA2013-Fig5_true-termination_true-no-overflow-version.c,terminating,terminating,Failed: Not Decreasing,terminating,Failed: Not Decreasing,unknown,MAYBE
HeizmannHoenickeLeikePodelski-ATVA2013-Fig5_true-termination_true-no-overflow.c,terminating,terminating,Failed: Not Decreasing,terminating,Failed: Not Decreasing,unknown,MAYBE
HeizmannHoenickeLeikePodelski-ATVA2013-Fig8_true-termination-broken.c,non-terminating,non-terminating,Failed: No Ranking Function Provided,non-terminating,Failed: Not Decreasing,non-terminating,NO
HeizmannHoenickeLeikePodelski-ATVA2013-Fig8_true-termination-version.c,terminating,terminating,Verified,terminating,Verified,unknown,MAYBE
HeizmannHoenickeLeikePodelski-ATVA2013-Fig8_true-termination.c,terminating,terminating,Failed: No Ranking Function Provided,terminating,Failed: Not Decreasing,unknown,MAYBE
HeizmannHoenickeLeikePodelski-ATVA2013-Fig9_true-termination-version.c,terminating,terminating,Skipped,terminating,Verified,unknown,MAYBE
HeizmannHoenickeLeikePodelski-ATVA2013-Fig9_true-termination.c,terminating,terminating,Failed: Not Decreasing,terminating,Failed: Not Decreasing,unknown,MAYBE
Lcm_false-no-overflow_false-termination.c,non-terminating,non-terminating,Skipped,non-terminating,Failed: Not Decreasing,non-terminating,NO
LeikeHeizmann-WST2014-Ex5_false-termination.c,non-terminating,non-terminating,Failed: No Ranking Function Proposed,non-terminating,Skipped,unknown,MAYBE
Lobnya-Boolean-Reordered_true-termination_true-valid-memsafety.c,terminating,terminating,Failed: Not Bounded,terminating,Failed: Not Bounded,unknown,MAYBE
Masse-VMCAI2014-Fig1a_true-termination.c,terminating,terminating,Failed: Not Decreasing,terminating,Failed: Not Decreasing,unknown,MAYBE
Masse-VMCAI2014-Fig1b_true-termination-version-1.c,terminating,terminating,Skipped,terminating,Skipped,unknown,MAYBE
Masse-VMCAI2014-Fig1b_true-termination-version-2.c,terminating,terminating,Skipped,terminating,Skipped,unknown,MAYBE
Masse-VMCAI2014-Fig1b_true-termination.c,terminating,terminating,Skipped,terminating,Skipped,unknown,MAYBE
Masse-alloca_true-termination-broken.c,non-terminating,non-terminating,Skipped,non-terminating,Skipped,unknown,MAYBE
McCarthyIterative_true-termination_true-no-overflow.c,terminating,terminating,Failed: Not Decreasing,terminating,Failed: Not Decreasing,terminating,YES
MenloPark_true-no-overflow_true-termination_true-valid-memsafety-modif.c,terminating,terminating,Failed: Not Decreasing,terminating,Failed: Not Decreasing,terminating,YES
MenloPark_true-no-overflow_true-termination_true-valid-memsafety.c,terminating,terminating,Failed: Not Decreasing,terminating,Failed: Not Decreasing,terminating,YES
MenloPark_true-no-overflow_true-termination_true-valid-memsafety_modif_broken1.c,non-terminating,non-terminating,Failed: Not Decreasing,non-terminating,Skipped,unknown,MAYBE
MenloPark_true-no-overflow_true-termination_true-valid-memsafety_modif_broken2.c,non-terminating,non-terminating,Skipped,non-terminating,Skipped,non-terminating,NO
MenloPark_true-no-overflow_true-termination_true-valid-memsafety_modif_broken3.c,non-terminating,non-terminating,Failed: Not Decreasing,non-terminating,Error: Unknown verification output...,non-terminating,NO
Middle_false-no-overflow_false-termination.c,non-terminating,non-terminating,Error: Unknown verification output...,non-terminating,Failed: Loop is non-terminating (no valid ranking function exists),non-terminating,NO
MirrorIntervSim_false-termination_true-no-overflow.c,non-terminating,non-terminating,Failed: Not Decreasing,non-terminating,Failed: No Ranking Function Provided,non-terminating,NO
Mysore_false-no-overflow.c,terminating,terminating,Failed: Not Decreasing,terminating,Failed: Not Decreasing,terminating,YES
NO_13_false-termination_true-no-overflow.c,non-terminating,non-terminating,Failed: No Ranking Function Provided,non-terminating,Failed: Not Decreasing,unknown,MAYBE
NO_22_false-termination_true-no-overflow.c,non-terminating,non-terminating,Skipped,non-terminating,Skipped,unknown,MAYBE
NO_24_false-termination_true-no-overflow.c,non-terminating,non-terminating,Failed: Not Decreasing,non-terminating,Failed: Not Decreasing,unknown,MAYBE
NarrowKonv_false-termination_true-no-overflow.c,non-terminating,terminating,Failed: Not Decreasing,terminating,Failed: Not Decreasing,unknown,MAYBE
Narrowing_false-termination_true-no-overflow.c,non-terminating,non-terminating,Failed: Not Decreasing,terminating,Skipped,unknown,FAILED
NonTermination2_false-no-overflow-version.c,non-terminating,non-terminating,Skipped,non-terminating,Skipped,non-terminating,NO
NonTermination2_false-no-overflow.c,non-terminating,non-terminating,Skipped,non-terminating,Failed: No ranking function provided,unknown,MAYBE
NonTerminationSimple5_false-termination_true-valid-memsafety-version.c,non-terminating,non-terminating,Skipped,non-terminating,Skipped,unknown,MAYBE
NonTerminationSimple5_false-termination_true-valid-memsafety.c,non-terminating,non-terminating,Skipped,non-terminating,Skipped,unknown,MAYBE
NonTerminationSimple7_true-no-overflow_false-termination_true-valid-memsafety-version.c,non-terminating,non-terminating,Skipped,non-terminating,Skipped,non-terminating,NO
NonTerminationSimple7_true-no-overflow_false-termination_true-valid-memsafety.c,non-terminating,non-terminating,Failed: Not Terminating (No Ranking Function Exists),non-terminating,Skipped,non-terminating,NO
NonTerminationSimple8_false-termination_true-valid-memsafety-simplifed-1.c,non-terminating,non-terminating,Skipped,non-terminating,Skipped,non-terminating,NO
NonTerminationSimple8_false-termination_true-valid-memsafety-simplifed-2.c,non-terminating,non-terminating,Skipped,non-terminating,Failed: Not Decreasing,non-terminating,NO
NonTerminationSimple8_false-termination_true-valid-memsafety.c,non-terminating,non-terminating,Skipped,non-terminating,Skipped,non-terminating,NO
NonTerminationSimple9_false-no-overflow-version.c,non-terminating,non-terminating,Skipped,non-terminating,Skipped,non-terminating,NO
NonTerminationSimple9_false-no-overflow.c,non-terminating,non-terminating,Skipped,non-terminating,Skipped,non-terminating,NO
NoriSharma-2013FSE-Fig8-true-termination-broken.c,non-terminating,non-terminating,Skipped,non-terminating,Failed: Not Decreasing,non-terminating,NO
NoriSharma-2013FSE-Fig8-true-termination-modif.c,terminating,non-terminating,Skipped,non-terminating,Failed: Not Decreasing,terminating,YES
NoriSharma-2013FSE-Fig8-true-termination.c,terminating,terminating,Failed: Not Decreasing,terminating,Failed: Not Decreasing,terminating,YES
Nyala-2lex_true-no-overflow_true-termination_true-valid-memsafety-broken.c,non-terminating,error,,non-terminating,Skipped,non-terminating,NO
Nyala-2lex_true-no-overflow_true-termination_true-valid-memsafety-version.c,terminating,terminating,Verified,terminating,Verified,unknown,MAYBE
Nyala-2lex_true-no-overflow_true-termination_true-valid-memsafety.c,terminating,terminating,Verified,terminating,Verified,terminating,YES
Parallel_true-no-overflow_true-termination_true-valid-memsafety-modif.c,non-terminating,non-terminating,Failed: Not Bounded,non-terminating,Error: Unknown verification output...,non-terminating,NO
Parallel_true-no-overflow_true-termination_true-valid-memsafety.c,terminating,terminating,Error: Unknown verification output...,terminating,Error: Unknown verification output...,terminating,YES
PastaC10_false-no-overflow_false-termination.c,non-terminating,non-terminating,Failed: Not Decreasing,non-terminating,Failed: Not Decreasing,non-terminating,NO
Piecewise_true-no-overflow_true-termination_true-valid-memsafety.c,terminating,terminating,Failed: Not Decreasing,terminating,Failed: Not Decreasing,terminating,YES
PodelskiRybalchenko-2004VMCAI-Ex2-alloca_false-termination-modif1.c,non-terminating,non-terminating,Skipped,non-terminating,Skipped,unknown,MAYBE
PodelskiRybalchenko-2004VMCAI-Ex2-alloca_false-termination-modif2.c,non-terminating,non-terminating,Skipped,non-terminating,Skipped,unknown,MAYBE
PodelskiRybalchenko-2004VMCAI-Ex2-alloca_false-termination.c,non-terminating,non-terminating,Skipped,non-terminating,Skipped,unknown,MAYBE
PodelskiRybalchenko-LICS2004-Fig2_true-termination-modif1.c,terminating,error,,terminating,Failed: Not Decreasing,terminating,YES
PodelskiRybalchenko-LICS2004-Fig2_true-termination-modif2.c,terminating,terminating,Failed: Not Decreasing,error,,terminating,YES
PodelskiRybalchenko-LICS2004-Fig2_true-termination-simpl.c,terminating,terminating,Verified,terminating,Skipped,terminating,YES
PodelskiRybalchenko-LICS2004-Fig2_true-termination.c,terminating,error,,error,,terminating,YES
PodelskiRybalchenko-TACAS2011-Fig4_true-termination_true-no-overflow.c,terminating,terminating,Error: Unknown verification output...,terminating,Verified,terminating,YES
PodelskiRybalchenko-TACAS2011-broken-Fig3_true-termination.c,non-terminating,non-terminating,Skipped,non-terminating,Skipped,unknown,MAYBE
PodelskiRybalchenko-VMCAI2004-Ex1_false-no-overflow-version.c,terminating,terminating,Verified,terminating,Verified,terminating,YES
PodelskiRybalchenko-VMCAI2004-Ex1_false-no-overflow.c,terminating,terminating,Verified,terminating,Verified,terminating,YES
PodelskiRybalchenko-simpl1.c,terminating,terminating,Skipped,terminating,Skipped,unknown,MAYBE
PodelskiRybalchenko-simpl2.c,terminating,terminating,Failed: Not Decreasing,terminating,Failed: Not Decreasing,terminating,YES
PodelskiRybalchenko-simpl3.c,terminating,terminating,Verified,terminating,Verified,terminating,YES
Problem00_label00_true-unreach-call-nonterm-toy.c,non-terminating,non-terminating,Skipped,non-terminating,Failed: Invariants Not Inductive,non-terminating,NO
Problem00_label00_true-unreach-call-toy.c,terminating,terminating,Skipped,terminating,Failed: Invariants Not Inductive,terminating,YES
Pure2Phase_false-no-overflow.c,terminating,non-terminating,Error: Unknown verification output...,terminating,Failed: Not Decreasing,terminating,YES
Pure2Phase_true-termination_true-valid-memsafety.c,terminating,terminating,Failed: Not Decreasing,non-terminating,Error: Unknown verification output...,terminating,YES
Pure3Phase_false-no-overflow.c,terminating,non-terminating,Skipped,terminating,Error: Unknown verification output...,unknown,MAYBE
Singapore_false-no-overflow-broken.c,non-terminating,non-terminating,Failed: Not Decreasing,non-terminating,Skipped,non-terminating,NO
Singapore_false-no-overflow-broken2.c,non-terminating,non-terminating,Failed: Not Decreasing,non-terminating,Failed: No ranking function provided,unknown,MAYBE
Singapore_false-no-overflow-version.c,terminating,terminating,Failed: Not Decreasing,terminating,Failed: Not Decreasing,terminating,YES
Singapore_false-no-overflow.c,terminating,terminating,Failed: Not Decreasing,terminating,Skipped,terminating,YES
Singapore_plus_false-no-overflow.c,non-terminating,non-terminating,Skipped,non-terminating,Skipped,unknown,MAYBE
Singapore_v1_false-termination_true-valid-memsafety.c,non-terminating,non-terminating,Skipped,non-terminating,Skipped,non-terminating,NO
Singapore_v2_false-termination_true-valid-memsafety.c,non-terminating,non-terminating,Skipped,non-terminating,Failed: No Ranking Function Provided,unknown,MAYBE
Sunset_false-termination_true-no-overflow.c,non-terminating,terminating,Failed: Not Decreasing,non-terminating,Failed: Not Decreasing,non-terminating,NO
Swingers_false-termination_true-no-overflow-version-1.c,non-terminating,terminating,Failed: Not Decreasing,non-terminating,Skipped,unknown,FAILED
Swingers_false-termination_true-no-overflow-version-2.c,non-terminating,non-terminating,Failed: Not Decreasing,non-terminating,Failed: Not Decreasing,unknown,MAYBE
Swingers_false-termination_true-no-overflow.c,non-terminating,non-terminating,Skipped,non-terminating,Skipped,unknown,MAYBE
TelAviv-Amir-Minimum-alloca_true-termination.c,terminating,non-terminating,Failed: Not Decreasing,non-terminating,Failed: Not Decreasing,terminating,YES
Thun_false-no-overflow.c,terminating,terminating,Skipped,terminating,Skipped,terminating,YES
Toulouse-BranchesToLoop-alloca_true-termination.c,terminating,terminating,Skipped,terminating,Skipped,terminating,YES
UpAndDownIneq_false-termination_true-no-overflow.c,non-terminating,non-terminating,Failed: Not Decreasing,non-terminating,Failed: Not Decreasing,non-terminating,NO
UpAndDown_false-termination_true-no-overflow.c,non-terminating,non-terminating,Failed: Not Decreasing,non-terminating,Failed: Not Decreasing,non-terminating,NO
Urban-WST2013-Fig1_false-termination_true-no-overflow.c,non-terminating,non-terminating,Skipped,non-terminating,Failed: Not Terminating (Infinite Loop Possible),non-terminating,NO
UrbanMine-ESOP2014-Fig3_true-termination_true-no-overflow.c,terminating,error,,non-terminating,Skipped,terminating,YES
WhileSingle_false-termination_true-no-overflow.c,non-terminating,non-terminating,Failed: Not Decreasing,non-terminating,Failed: Not Decreasing,non-terminating,NO
aaron3_false-no-overflow-simpl.c,non-terminating,non-terminating,Skipped,non-terminating,Skipped,non-terminating,NO
aaron3_false-no-overflow-version.c,terminating,non-terminating,Failed: Not Bounded,error,,terminating,YES
aaron3_false-no-overflow.c,terminating,error,,error,,terminating,YES
aaron3_true-termination_true-valid-memsafety.c,terminating,non-terminating,Skipped,terminating,Failed: Not Decreasing,unknown,MAYBE
aviad_true-termination_true-no-overflow-broken1.c,non-terminating,non-terminating,Failed: Not Decreasing,non-terminating,Failed: Not Decreasing,non-terminating,NO
aviad_true-termination_true-no-overflow-broken2.c,non-terminating,non-terminating,Skipped,terminating,Failed: Non-terminating cycle detected (2 -> 4 -> 6 -> 2),unknown,MAYBE
aviad_true-termination_true-no-overflow-version1.c,terminating,terminating,Skipped,terminating,Failed: Not Decreasing,unknown,MAYBE
aviad_true-termination_true-no-overflow-version2.c,terminating,terminating,Failed: Not Decreasing,terminating,Failed: Not Decreasing,unknown,MAYBE
aviad_true-termination_true-no-overflow-version3.c,terminating,terminating,Verified,terminating,Verified,terminating,YES
aviad_true-termination_true-no-overflow.c,terminating,terminating,Verified,terminating,Verified,terminating,YES
b.03-no-inv_assume_true-termination_true-no-overflow.c,terminating,terminating,Failed: Not Decreasing,terminating,Failed: Not Decreasing,unknown,MAYBE
b.10_true-termination_true-no-overflow.c,terminating,terminating,Failed: Not Decreasing,terminating,Verified,terminating,YES
b.11_true-termination_true-no-overflow-simpl.c,terminating,terminating,Verified,terminating,Verified,terminating,YES
b.11_true-termination_true-no-overflow.c,terminating,terminating,Verified,terminating,Verified,terminating,YES
c.07_true-termination_true-no-overflow-broken1.c,non-terminating,non-terminating,Failed: Not Decreasing,terminating,"Error: File ""/tmp/tmpw4zqvh3v.py"", line 153
    #
IndentationError: expected an indented block after 'if' statement on line 152...",unknown,MAYBE
c.07_true-termination_true-no-overflow-broken2.c,non-terminating,non-terminating,Failed: Not Decreasing,non-terminating,Failed: Not Decreasing,non-terminating,NO
c.07_true-termination_true-no-overflow-simpl.c,terminating,terminating,Failed: Not Bounded,terminating,Failed: Not Decreasing,terminating,YES
c.07_true-termination_true-no-overflow.c,terminating,terminating,Failed: Not Decreasing,terminating,Failed: Not Decreasing,terminating,YES
choices_dec_2.c,non-terminating,non-terminating,Failed: Not Decreasing,non-terminating,Failed: Not Decreasing,non-terminating,NO
choices_dec_3.c,non-terminating,non-terminating,Failed: Not Decreasing,non-terminating,Failed: Not Decreasing,unknown,MAYBE
choices_dec_4.c,non-terminating,non-terminating,Failed: Not Decreasing,non-terminating,Failed: Not Decreasing,unknown,MAYBE
choices_div_1.c,non-terminating,non-terminating,Failed: Not Decreasing,non-terminating,Failed: Not Decreasing,unknown,MAYBE
choices_div_2.c,non-terminating,terminating,Failed: Not Decreasing,terminating,Failed: Not Decreasing,unknown,MAYBE
choices_div_3.c,non-terminating,non-terminating,Failed: Not Decreasing,non-terminating,Failed: No Ranking Function Proposed,unknown,MAYBE
choices_eq_2.c,non-terminating,non-terminating,Failed: Not Decreasing,non-terminating,Failed: Not Decreasing,unknown,MAYBE
choices_eq_2_nondet.c,non-terminating,non-terminating,Skipped,non-terminating,Error: Unknown verification output...,non-terminating,NO
determ_nterm_1.c,non-terminating,non-terminating,Failed: Not Decreasing,non-terminating,Failed: Not Decreasing,non-terminating,NO
determ_nterm_2.c,non-terminating,non-terminating,Skipped,non-terminating,Failed: No Ranking Function Provided,unknown,MAYBE
determ_nterm_3.c,non-terminating,non-terminating,Failed: No Ranking Function Provided,non-terminating,Failed: Not Decreasing,non-terminating,NO
determ_nterm_4.c,non-terminating,non-terminating,Failed: Not Decreasing,non-terminating,Failed: Not Decreasing,unknown,MAYBE
determ_term_1.c,terminating,terminating,Failed: No Ranking Function Provided,terminating,Failed: Not Decreasing,terminating,YES
determ_term_2.c,terminating,terminating,Skipped,terminating,Failed: Not Decreasing,terminating,YES
determ_term_3.c,terminating,terminating,Skipped,non-terminating,Failed: Not Decreasing,unknown,TIMEOUT
determ_term_4.c,terminating,terminating,Skipped,terminating,"Error: Loop can terminate from some states.
No ranking function provided; termination cannot be verified....",terminating,YES
determ_term_5.c,terminating,terminating,Error: Unknown verification output...,terminating,Error: Unknown verification output...,unknown,TIMEOUT
determ_term_6.c,terminating,terminating,Error: Unknown verification output...,terminating,"Error: File ""/tmp/tmpaoewlkgh.py"", line 184
    solver3.add(loop_condition, invariants, transition, Not(ranking_function
                                                           ^
SyntaxError: '(' was neve...",unknown,MAYBE
determ_term_7.c,terminating,terminating,"Error: Traceback (most recent call last):
  File ""/tmp/tmpr5w1tq86.py"", line 62, in <module>
    solver_decrease.add(loop_condition, invariants, transition, Not(lex_decrease(R, R_next)))
  File ""/tmp/tmpr5w1...",terminating,Failed: Not Decreasing,unknown,MAYBE
determ_term_8.c,terminating,terminating,Failed: Not Decreasing,terminating,Failed: Not decreasing,unknown,MAYBE
eca_bounded_core.c,terminating,terminating,Verified,terminating,Verified,unknown,MAYBE
eca_core.c,non-terminating,non-terminating,Skipped,non-terminating,"Error: File ""/tmp/tmpr0f7m6o2.py"", line 198
    vars_i = Ints(f'a17_{i} a7
                  ^
SyntaxError: unterminated string literal (detected at line 198)...",unknown,MAYBE
ex1_false-no-overflow_true-termination.c,terminating,terminating,Verified,terminating,Verified,terminating,YES
for_bounded_loop1_false-unreach-call_true-termination-simplified.c,terminating,terminating,Verified,terminating,Verified,terminating,YES
genady_true-termination_true-no-overflow-version.c,terminating,terminating,Verified,terminating,Verified,terminating,YES
genady_true-termination_true-no-overflow.c,terminating,terminating,Verified,terminating,Verified,terminating,YES
java_AG313_true-termination_true-no-overflow.c,terminating,terminating,Verified,terminating,Verified,unknown,MAYBE
min_rf-alloca_true-termination.c,terminating,terminating,Failed: Not Decreasing,terminating,Failed: Not Decreasing,terminating,YES
nonlin_choices_1.c,non-terminating,non-terminating,Skipped,non-terminating,Failed: Not Decreasing,non-terminating,NO
nonlin_choices_2.c,non-terminating,non-terminating,Skipped,non-terminating,Skipped,unknown,MAYBE
nonlin_div_nonterm_1.c,non-terminating,non-terminating,Failed: Not Decreasing,non-terminating,Failed: Not Decreasing,non-terminating,NO
nonlin_div_nonterm_2.c,non-terminating,non-terminating,Skipped,non-terminating,Skipped,unknown,MAYBE
nonlin_div_term_1.c,terminating,terminating,Failed: Not Bounded,terminating,Failed: Not Bounded,unknown,MAYBE
nonlin_div_term_2.c,terminating,terminating,Failed: No Ranking Function Provided,terminating,Failed: Not Decreasing,non-terminating,NO
nonlin_jump_over_1_term.c,terminating,terminating,Failed: Not Decreasing,error,,unknown,MAYBE
nonlin_mod_nonterm_1.c,non-terminating,non-terminating,Failed: Not Decreasing,non-terminating,Failed: Not Decreasing,non-terminating,NO
nonlin_mod_nonterm_2.c,non-terminating,non-terminating,Failed: Not Decreasing,non-terminating,Failed: Not Decreasing,unknown,MAYBE
nonlin_mod_term_1.c,terminating,terminating,Failed: Not Decreasing,terminating,Failed: Not Decreasing,unknown,MAYBE
nonlin_mod_term_2.c,terminating,terminating,Failed: Not Decreasing,terminating,Failed: Not Decreasing,unknown,MAYBE
nonlin_mod_term_3.c,terminating,terminating,Error: Unknown verification output...,terminating,Failed: Invariants Not Inductive,unknown,MAYBE
nonlin_mod_term_4.c,terminating,terminating,Failed: Not Bounded,terminating,Failed: Not Bounded,terminating,YES
nonlin_mult_nonterm_1.c,non-terminating,non-terminating,Skipped,non-terminating,Skipped,non-terminating,NO
nonlin_mult_nonterm_2.c,non-terminating,non-terminating,Failed: No ranking function provided,non-terminating,Failed: No ranking function provided and loop does not terminate,non-terminating,NO
nonlin_mult_nonterm_3.c,non-terminating,non-terminating,Failed: Not Decreasing,non-terminating,Failed: Loop does not terminate (no valid ranking function exists),non-terminating,NO
nonlin_mult_nonterm_4.c,non-terminating,terminating,Skipped,terminating,Skipped,non-terminating,NO
nonlin_mult_nonterm_5.c,non-terminating,non-terminating,Failed: Not Terminating,non-terminating,Failed: Not Terminating,non-terminating,NO
nonlin_mult_nonterm_6.c,non-terminating,non-terminating,Skipped,non-terminating,Failed: No Ranking Function Provided,non-terminating,NO
nonlin_mult_nonterm_7.c,non-terminating,non-terminating,Skipped,non-terminating,Skipped,non-terminating,NO
nonlin_mult_term_1.c,terminating,terminating,Error: Unknown verification output...,terminating,Failed: x may not increase,non-terminating,NO
nonlin_mult_term_2.c,terminating,terminating,Skipped,terminating,Skipped,non-terminating,NO
nonlin_mult_term_3.c,terminating,terminating,Verified,terminating,"Error: File ""/tmp/tmpnp0sn819.py"", line 166
    # x starts > 1, y>1, z>1, so
IndentationError: expected an indented block after 'else' statement on line 37...",non-terminating,NO
nonlin_mult_term_4.c,terminating,terminating,Skipped,terminating,Failed: No Ranking Function Provided,non-terminating,NO
nonlin_mult_term_5.c,terminating,terminating,Failed: Not Decreasing,terminating,Failed: Not Decreasing,non-terminating,NO
nonlin_mult_term_6.c,terminating,terminating,Failed: Not Decreasing,terminating,Error: Unknown verification output...,non-terminating,NO
nonlin_mult_term_7.c,terminating,terminating,Skipped,terminating,Skipped,non-terminating,NO
nonlin_mult_term_8.c,terminating,terminating,Failed: No Ranking Function Provided,terminating,Skipped,non-terminating,NO
nonlin_mult_term_9.c,terminating,terminating,Skipped,terminating,Skipped,non-terminating,NO
nterm_01_cex.c,non-terminating,non-terminating,Skipped,non-terminating,Failed: No Ranking Function Provided,non-terminating,NO
nterm_02_cex.c,non-terminating,non-terminating,Skipped,non-terminating,Skipped,non-terminating,NO
nterm_03_cex.c,non-terminating,non-terminating,Skipped,non-terminating,Skipped,non-terminating,NO
nterm_04_cex.c,non-terminating,non-terminating,Skipped,non-terminating,Failed: Not Decreasing,non-terminating,NO
nterm_05_cex.c,non-terminating,non-terminating,Failed: No Ranking Function Provided,non-terminating,"Error: Traceback (most recent call last):
  File ""/tmp/tmp17um467g.py"", line 101, in <module>
    solver2.add(loop_condition.subs([(x, x_next), (y, y_next), (z, z_next)]))
AttributeError: 'BoolRef' object ha...",unknown,MAYBE
nterm_06_cex.c,non-terminating,non-terminating,Skipped,non-terminating,Skipped,unknown,MAYBE
nterm_07_cex.c,non-terminating,non-terminating,Failed: Invariants Not Inductive,non-terminating,Failed: Not Bounded,non-terminating,NO
nterm_08_cex.c,non-terminating,terminating,Failed: Not Decreasing,non-terminating,Failed: Not Decreasing,unknown,MAYBE
nterm_09_cex.c,non-terminating,non-terminating,Failed: Not Decreasing,non-terminating,Failed: Not Decreasing,non-terminating,NO
nterm_10_cex.c,non-terminating,non-terminating,Skipped,non-terminating,Skipped,unknown,MAYBE
nterm_11_cex.c,non-terminating,non-terminating,Failed: Not Decreasing,non-terminating,Skipped,unknown,MAYBE
nterm_12_cex.c,non-terminating,non-terminating,Skipped,non-terminating,Skipped,non-terminating,NO
nterm_13_cex.c,non-terminating,non-terminating,Skipped,non-terminating,Failed: Not Decreasing,non-terminating,NO
nterm_14_cex.c,non-terminating,non-terminating,Error: Unknown verification output...,non-terminating,Failed: Not Decreasing,non-terminating,NO
nterm_15_cex.c,non-terminating,non-terminating,Failed: Not Decreasing,non-terminating,Failed: Not Terminating,non-terminating,NO
nterm_16_cex.c,non-terminating,non-terminating,Failed: Not Decreasing,error,,non-terminating,NO
nterm_17_cex.c,non-terminating,non-terminating,Skipped,non-terminating,Failed: Not Decreasing,non-terminating,NO
nterm_18_cex.c,non-terminating,non-terminating,Failed: Not Decreasing,non-terminating,Failed: Not decreasing,non-terminating,NO
nterm_19_cex.c,non-terminating,terminating,Failed: Not Decreasing,terminating,Failed: Not Decreasing,non-terminating,NO
nterm_20_cex.c,non-terminating,non-terminating,Skipped,non-terminating,Skipped,unknown,MAYBE
nterm_21_cex.c,non-terminating,non-terminating,Skipped,non-terminating,Failed: Not Decreasing,unknown,MAYBE
nterm_22_cex.c,non-terminating,non-terminating,Failed: Not Decreasing,non-terminating,Failed: Not Decreasing,unknown,MAYBE
nterm_23_cex.c,non-terminating,non-terminating,Failed: Not Decreasing,non-terminating,Failed: Not Decreasing,unknown,MAYBE
nterm_24_cex.c,non-terminating,non-terminating,Failed: Not Bounded,non-terminating,Failed: Not Decreasing,unknown,MAYBE
nterm_25_cex.c,non-terminating,non-terminating,Failed: Not Bounded,non-terminating,Failed: Not Bounded,non-terminating,NO
nterm_26_cex.c,non-terminating,non-terminating,Failed: Not Decreasing,non-terminating,Failed: Not Bounded,non-terminating,NO
nterm_ever_01.c,non-terminating,non-terminating,Error: Unknown verification output...,non-terminating,Failed: No Ranking Function Provided,unknown,MAYBE
nterm_ever_02.c,non-terminating,non-terminating,Failed: Not Decreasing,non-terminating,Failed: Not Decreasing,non-terminating,NO
nterm_ever_03.c,non-terminating,non-terminating,Failed: Not Bounded,non-terminating,Failed: Not Bounded,non-terminating,NO
nterm_ever_04.c,non-terminating,non-terminating,Failed: Not Decreasing,non-terminating,Failed: Not Decreasing,unknown,MAYBE
nterm_ever_05.c,non-terminating,non-terminating,Failed: Not Decreasing,non-terminating,Failed: Not Decreasing,unknown,MAYBE
nterm_ever_06.c,non-terminating,non-terminating,Skipped,non-terminating,Skipped,non-terminating,NO
nterm_ever_07.c,non-terminating,non-terminating,Failed: Not Decreasing,non-terminating,Failed: Not Decreasing,unknown,MAYBE
nterm_ever_08.c,non-terminating,non-terminating,Failed: Not Decreasing,non-terminating,Failed: Not Decreasing,unknown,MAYBE
nterm_ever_09.c,non-terminating,non-terminating,Failed: Not Decreasing,non-terminating,Failed: Not Decreasing,non-terminating,NO
nterm_ever_10.c,non-terminating,non-terminating,Error: Unknown verification output...,non-terminating,Failed: Loop does not terminate,non-terminating,NO
nterm_ever_11.c,non-terminating,non-terminating,Skipped,non-terminating,Failed: Not Decreasing,unknown,MAYBE
nterm_ever_12.c,non-terminating,non-terminating,Skipped,non-terminating,Skipped,unknown,MAYBE
nterm_ever_13.c,non-terminating,non-terminating,Failed: Not Decreasing,non-terminating,Failed: Not Decreasing,unknown,TIMEOUT
nterm_ever_14.c,non-terminating,non-terminating,Skipped,non-terminating,Failed: Not Decreasing,unknown,MAYBE
nterm_ever_15.c,non-terminating,non-terminating,Failed: Not Decreasing,non-terminating,Skipped,non-terminating,NO
nterm_ever_16.c,non-terminating,non-terminating,Failed: Not Decreasing,non-terminating,Skipped,unknown,MAYBE
nterm_ever_17.c,non-terminating,non-terminating,Failed: Not Decreasing,non-terminating,Skipped,non-terminating,NO
nterm_ever_18.c,non-terminating,non-terminating,Skipped,non-terminating,Skipped,unknown,MAYBE
term_01.c,terminating,terminating,Failed: Invariants Not Inductive,terminating,Failed: Not Bounded,terminating,YES
term_02.c,terminating,terminating,Verified,terminating,Skipped,unknown,FAILED
term_03.c,terminating,terminating,Failed: Not Bounded,terminating,Skipped,unknown,FAILED
term_04.c,terminating,terminating,Verified,terminating,Verified,terminating,YES
term_05.c,terminating,terminating,Failed: Not Decreasing,terminating,Failed: Not Terminating,unknown,MAYBE
term_06.c,terminating,terminating,Verified,terminating,Verified,terminating,YES
term_07.c,terminating,terminating,Failed: Not Decreasing,terminating,Skipped,terminating,YES
term_08.c,terminating,terminating,Skipped,terminating,Skipped,terminating,YES
term_09.c,terminating,terminating,Failed: Not Decreasing,terminating,Failed: Ranking function does not decrease,terminating,YES
term_10.c,terminating,terminating,Failed: Not Decreasing,terminating,Failed: Not Decreasing,terminating,YES
term_11.c,terminating,terminating,Verified,terminating,Verified,terminating,YES
term_12.c,terminating,terminating,Verified,terminating,Failed: Not Bounded,unknown,FAILED
term_13.c,terminating,terminating,Verified,terminating,Verified,unknown,MAYBE
term_14.c,terminating,terminating,Skipped,terminating,Skipped,unknown,MAYBE
term_15.c,terminating,terminating,Failed: Not Bounded,terminating,Failed: Not Decreasing,terminating,YES
term_16.c,terminating,error,,terminating,Error: Unknown verification output...,terminating,YES
term_17.c,terminating,terminating,Failed: Not Decreasing,terminating,Skipped,unknown,MAYBE
term_18.c,terminating,terminating,Skipped,terminating,Failed: Not Decreasing,unknown,MAYBE
term_19.c,terminating,terminating,Error: Unknown verification output...,terminating,Failed: Not Decreasing,unknown,MAYBE
term_20.c,terminating,terminating,Skipped,terminating,Failed: Not Decreasing,terminating,YES
term_21.c,terminating,terminating,Failed: Not Decreasing,terminating,Failed: Not Decreasing,unknown,MAYBE
term_22.c,terminating,terminating,Failed: Not Decreasing,terminating,Failed: Not Decreasing,terminating,YES
term_23.c,terminating,terminating,Failed: Not Decreasing,terminating,Failed: Not Decreasing,unknown,MAYBE
term_24.c,terminating,terminating,Failed: Not Decreasing,error,,terminating,YES
term_25.c,terminating,terminating,Failed: Not Bounded,terminating,Failed: Invariants Not Inductive,terminating,YES
term_26.c,terminating,terminating,Skipped,terminating,Skipped,terminating,YES
term_27.c,terminating,terminating,Failed: Not Decreasing,non-terminating,Failed: Not Decreasing,unknown,TIMEOUT
term_28.c,terminating,terminating,Verified,terminating,Verified,terminating,YES
term_29.c,terminating,non-terminating,Failed: Not Decreasing,terminating,Failed: Not Decreasing,terminating,YES
transform_1.c,terminating,error,,non-terminating,Failed: Not Decreasing,terminating,YES
trex03_false-unreach-call_true-termination-modif.c,terminating,terminating,Failed: No Ranking Function Provided,terminating,Verified,terminating,YES
trex03_false-unreach-call_true-termination-simpl.c,terminating,terminating,Verified,terminating,Verified,terminating,YES
trex03_false-unreach-call_true-termination.c,terminating,terminating,Verified,terminating,Verified,terminating,YES
