file,result,llm_result_chatgpt4o,result_2ls,result_irank_complex,result_irank_simple,path,is_stable_chatgpt4o,llm_result_o4mini,is_stable_o4mini,llm_result_claude3.7,is_stable_claude3.7,llm_result_deepseekr1,is_stable_deepseekr1
960521-1_1_true-valid-memsafety.c,YES,YES,YES,NO,MAYBE,TPDB_Y2024_filtered_VBS\SV-COMP_Mixed_Categories,True,YES,True,YES,True,YES,True
Addition01_true-unreach-call_true-termination.c,YES,YES,YES,Failed,Failed,TPDB_Y2024_filtered_VBS\SV-COMP_Mixed_Categories,True,YES,True,YES,True,MISSING,
afterrec_2calls_false-unreach-call.c,YES,NO,Maybe,Failed,Failed,TPDB_Y2024_filtered_VBS\SV-COMP_Mixed_Categories,True,Failed,False,YES,True,YES,True
BallRajamani-SPIN2000-Fig1_false-unreach-call.c,YES,NO,YES,Failed,Failed,TPDB_Y2024_filtered_VBS\SV-COMP_Mixed_Categories,True,Failed,False,Failed,False,YES,True
bist_cell_true-unreach-call_false-termination.cil.c,NO,YES,Maybe,Failed,Failed,TPDB_Y2024_filtered_VBS\SV-COMP_Mixed_Categories,True,NO,True,YES,True,MISSING,
cdaudio_simpl1_false-unreach-call_true-termination.cil.c,YES,Failed,Maybe,YES,YES,TPDB_Y2024_filtered_VBS\SV-COMP_Mixed_Categories,False,YES,True,YES,True,Failed,False
data_structures_set_multi_proc_false-unreach-call_ground.c,YES,YES,Failed,YES,MAYBE,TPDB_Y2024_filtered_VBS\SV-COMP_Mixed_Categories,True,YES,True,YES,True,MISSING,
diskperf_simpl1_true-unreach-call_true-termination.cil.c,YES,Failed,Maybe,Failed,Failed,TPDB_Y2024_filtered_VBS\SV-COMP_Mixed_Categories,False,YES,True,YES,True,YES,True
email_spec0_product05_true-unreach-call.cil.c,YES,Failed,Failed,Failed,Failed,TPDB_Y2024_filtered_VBS\SV-COMP_Mixed_Categories,False,YES,True,YES,True,YES,True
EvenOdd01_true-unreach-call_true-termination.c,YES,YES,Failed,Failed,Failed,TPDB_Y2024_filtered_VBS\SV-COMP_Mixed_Categories,True,YES,True,YES,True,YES,True
Fibonacci01_true-unreach-call.c,YES,YES,YES,Failed,Failed,TPDB_Y2024_filtered_VBS\SV-COMP_Mixed_Categories,True,YES,True,YES,True,YES,True
fibo_2calls_2_false-unreach-call.c,YES,YES,Maybe,Failed,Failed,TPDB_Y2024_filtered_VBS\SV-COMP_Mixed_Categories,True,YES,True,YES,True,YES,True
fibo_5_false-unreach-call.c,YES,YES,YES,Failed,Failed,TPDB_Y2024_filtered_VBS\SV-COMP_Mixed_Categories,True,YES,True,YES,True,YES,True
floppy_simpl3_false-unreach-call_true-termination.cil.c,YES,YES,Maybe,Failed,Failed,TPDB_Y2024_filtered_VBS\SV-COMP_Mixed_Categories,True,YES,True,YES,True,MISSING,
gcd01_true-unreach-call_true-termination.c,YES,YES,YES,Failed,Failed,TPDB_Y2024_filtered_VBS\SV-COMP_Mixed_Categories,True,YES,True,YES,True,YES,True
id2_b2_o3_true-unreach-call.c,NO,YES,Failed,Failed,Failed,TPDB_Y2024_filtered_VBS\SV-COMP_Mixed_Categories,True,NO,True,YES,True,MISSING,
id_i10_o10_false-unreach-call.c,YES,YES,YES,Failed,Failed,TPDB_Y2024_filtered_VBS\SV-COMP_Mixed_Categories,True,YES,True,YES,True,YES,True
kbfiltr_simpl1_true-unreach-call_true-termination.cil.c,YES,NO,Maybe,YES,YES,TPDB_Y2024_filtered_VBS\SV-COMP_Mixed_Categories,True,YES,True,YES,True,YES,True
McCarthy91_false-unreach-call_false-termination.c,YES,YES,YES,Failed,Failed,TPDB_Y2024_filtered_VBS\SV-COMP_Mixed_Categories,True,YES,True,YES,True,MISSING,
mem_slave_tlm.1_true-unreach-call_false-termination.cil.c,NO,NO,Maybe,Failed,Failed,TPDB_Y2024_filtered_VBS\SV-COMP_Mixed_Categories,True,NO,True,YES,True,MISSING,
minepump_spec1_product01_true-unreach-call.cil.c,NO,Failed,Maybe,Failed,MAYBE,TPDB_Y2024_filtered_VBS\SV-COMP_Mixed_Categories,False,NO,True,Failed,False,MISSING,
pals_floodmax.3_false-unreach-call.1.ufo.BOUNDED-6.pals.c,NO,YES,Maybe,Failed,Failed,TPDB_Y2024_filtered_VBS\SV-COMP_Mixed_Categories,True,YES,True,YES,True,MISSING,
pals_lcr-var-start-time.3_false-unreach-call.1.ufo.BOUNDED-6.pals.c,NO,YES,Maybe,Failed,Failed,TPDB_Y2024_filtered_VBS\SV-COMP_Mixed_Categories,True,YES,True,YES,True,MISSING,
pals_lcr-var-start-time.6_false-unreach-call.1.ufo.BOUNDED-12.pals.c,NO,Failed,Maybe,Failed,Failed,TPDB_Y2024_filtered_VBS\SV-COMP_Mixed_Categories,False,YES,True,YES,True,MISSING,
pals_lcr.3_false-unreach-call.1.ufo.BOUNDED-6.pals.c,NO,YES,Maybe,Failed,Failed,TPDB_Y2024_filtered_VBS\SV-COMP_Mixed_Categories,True,YES,True,YES,True,MISSING,
pals_lcr.8_false-unreach-call.1.ufo.BOUNDED-16.pals.c,NO,YES,Maybe,Failed,Failed,TPDB_Y2024_filtered_VBS\SV-COMP_Mixed_Categories,True,YES,True,YES,True,MISSING,
pals_opt-floodmax.3_false-unreach-call.1.ufo.BOUNDED-6.pals.c,NO,Failed,Maybe,Failed,Failed,TPDB_Y2024_filtered_VBS\SV-COMP_Mixed_Categories,False,YES,True,YES,True,MISSING,
pals_STARTPALS_ActiveStandby_false-unreach-call.1.ufo.BOUNDED-10.pals.c,NO,YES,Maybe,Failed,Failed,TPDB_Y2024_filtered_VBS\SV-COMP_Mixed_Categories,True,YES,True,YES,True,MISSING,
pals_STARTPALS_Triplicated_false-unreach-call.1.ufo.BOUNDED-10.pals.c,NO,YES,Maybe,Failed,Failed,TPDB_Y2024_filtered_VBS\SV-COMP_Mixed_Categories,True,YES,True,YES,True,MISSING,
pc_sfifo_1_false-unreach-call_false-termination.cil.c,NO,NO,Maybe,Failed,Failed,TPDB_Y2024_filtered_VBS\SV-COMP_Mixed_Categories,True,Failed,False,Failed,False,MISSING,
Primes_true-unreach-call.c,NO,YES,YES,Failed,Failed,TPDB_Y2024_filtered_VBS\SV-COMP_Mixed_Categories,True,Failed,False,YES,True,MISSING,
Problem02_label00_true-unreach-call.c,NO,NO,Maybe,Failed,Failed,TPDB_Y2024_filtered_VBS\SV-COMP_Mixed_Categories,True,NO,True,NO,True,MISSING,
recHanoi01_true-unreach-call_true-termination.c,YES,YES,YES,Failed,Failed,TPDB_Y2024_filtered_VBS\SV-COMP_Mixed_Categories,True,YES,True,YES,True,YES,True
s3_clnt_1_false-unreach-call.cil.c,YES,NO,Failed,Failed,Failed,TPDB_Y2024_filtered_VBS\SV-COMP_Mixed_Categories,True,YES,True,YES,True,Failed,False
s3_srvr_14_false-unreach-call.cil.c,NO,NO,Maybe,Failed,Failed,TPDB_Y2024_filtered_VBS\SV-COMP_Mixed_Categories,True,Failed,False,Failed,False,MISSING,
s3_srvr_1_false-unreach-call.cil.c,NO,NO,Failed,Failed,Failed,TPDB_Y2024_filtered_VBS\SV-COMP_Mixed_Categories,True,YES,True,NO,True,MISSING,
standard_compare_true-unreach-call_ground.c,YES,YES,Failed,YES,MAYBE,TPDB_Y2024_filtered_VBS\SV-COMP_Mixed_Categories,True,YES,True,YES,True,MISSING,
standard_copy7_true-unreach-call_ground.c,YES,YES,Failed,YES,MAYBE,TPDB_Y2024_filtered_VBS\SV-COMP_Mixed_Categories,True,YES,True,YES,True,MISSING,
standard_password_true-unreach-call_ground.c,YES,YES,Failed,YES,MAYBE,TPDB_Y2024_filtered_VBS\SV-COMP_Mixed_Categories,True,YES,True,YES,True,Failed,False
stateful_check_false-unreach-call.c,NO,YES,Maybe,Failed,Failed,TPDB_Y2024_filtered_VBS\SV-COMP_Mixed_Categories,True,NO,True,NO,True,MISSING,
sum_2x3_false-unreach-call.c,YES,YES,YES,Failed,Failed,TPDB_Y2024_filtered_VBS\SV-COMP_Mixed_Categories,True,YES,True,YES,True,Failed,False
sum_non_eq_false-unreach-call.c,NO,NO,YES,Failed,Failed,TPDB_Y2024_filtered_VBS\SV-COMP_Mixed_Categories,True,NO,True,Failed,False,MISSING,
test_locks_15_true-unreach-call_false-termination.c,NO,NO,Failed,Failed,Failed,TPDB_Y2024_filtered_VBS\SV-COMP_Mixed_Categories,True,NO,True,NO,True,MISSING,
token_ring.01_false-unreach-call_false-termination.cil.c,NO,NO,Maybe,Failed,Failed,TPDB_Y2024_filtered_VBS\SV-COMP_Mixed_Categories,True,NO,True,Failed,False,MISSING,
token_ring.05_false-unreach-call_false-termination.cil.c,NO,NO,Maybe,Failed,Failed,TPDB_Y2024_filtered_VBS\SV-COMP_Mixed_Categories,True,NO,True,NO,True,MISSING,
transmitter.01_false-unreach-call_false-termination.cil.c,NO,NO,Maybe,Failed,Failed,TPDB_Y2024_filtered_VBS\SV-COMP_Mixed_Categories,True,NO,True,Failed,False,MISSING,
transmitter.06_false-unreach-call_false-termination.cil.c,NO,NO,Maybe,Failed,Failed,TPDB_Y2024_filtered_VBS\SV-COMP_Mixed_Categories,True,NO,True,NO,True,MISSING,
2Nested_true-termination.c,YES,YES,Maybe,YES,MAYBE,TPDB_Y2024_filtered_VBS\Stroeder_15,True,YES,True,YES,True,YES,True
4NestedWith3Variables_true-termination.c,YES,YES,Maybe,YES,MAYBE,TPDB_Y2024_filtered_VBS\Stroeder_15,True,NO,True,YES,True,MISSING,
aaron2_true-termination.c,YES,Failed,Maybe,YES,YES,TPDB_Y2024_filtered_VBS\Stroeder_15,False,YES,True,YES,True,YES,True
aaron3_true-termination.c,YES,YES,Maybe,Failed,Failed,TPDB_Y2024_filtered_VBS\Stroeder_15,True,YES,True,YES,True,MISSING,
AliasDarteFeautrierGonnord-SAS2010-complex_true-termination.c,YES,YES,Maybe,YES,MAYBE,TPDB_Y2024_filtered_VBS\Stroeder_15,True,YES,True,YES,True,YES,True
AliasDarteFeautrierGonnord-SAS2010-counterex1a_true-termination.c,YES,YES,Maybe,Failed,MAYBE,TPDB_Y2024_filtered_VBS\Stroeder_15,True,YES,True,YES,True,MISSING,
AliasDarteFeautrierGonnord-SAS2010-counterex1b_true-termination.c,YES,YES,Maybe,YES,MAYBE,TPDB_Y2024_filtered_VBS\Stroeder_15,True,YES,True,YES,True,YES,True
AliasDarteFeautrierGonnord-SAS2010-cousot9_true-termination.c,YES,YES,YES,YES,MAYBE,TPDB_Y2024_filtered_VBS\Stroeder_15,True,YES,True,YES,True,MISSING,
AliasDarteFeautrierGonnord-SAS2010-exmini_true-termination.c,YES,YES,YES,YES,YES,TPDB_Y2024_filtered_VBS\Stroeder_15,True,YES,True,YES,True,YES,True
AliasDarteFeautrierGonnord-SAS2010-Fig1_true-termination.c,YES,YES,Maybe,YES,MAYBE,TPDB_Y2024_filtered_VBS\Stroeder_15,True,YES,True,NO,True,YES,True
AliasDarteFeautrierGonnord-SAS2010-Fig2a_true-termination.c,YES,YES,YES,YES,MAYBE,TPDB_Y2024_filtered_VBS\Stroeder_15,True,YES,True,YES,True,YES,True
AliasDarteFeautrierGonnord-SAS2010-Fig2b_true-termination.c,YES,YES,Failed,YES,MAYBE,TPDB_Y2024_filtered_VBS\Stroeder_15,True,YES,True,YES,True,MISSING,
AliasDarteFeautrierGonnord-SAS2010-loops_true-termination.c,YES,YES,Maybe,YES,MAYBE,TPDB_Y2024_filtered_VBS\Stroeder_15,True,YES,True,YES,True,MISSING,
AliasDarteFeautrierGonnord-SAS2010-ndecr_true-termination.c,YES,YES,YES,YES,YES,TPDB_Y2024_filtered_VBS\Stroeder_15,True,YES,True,YES,True,YES,True
AliasDarteFeautrierGonnord-SAS2010-nestedLoop_true-termination.c,YES,YES,Maybe,YES,MAYBE,TPDB_Y2024_filtered_VBS\Stroeder_15,True,YES,True,YES,True,NO,True
AliasDarteFeautrierGonnord-SAS2010-random1d_true-termination.c,YES,YES,Maybe,YES,YES,TPDB_Y2024_filtered_VBS\Stroeder_15,True,YES,True,YES,True,YES,True
AliasDarteFeautrierGonnord-SAS2010-random2d_true-termination.c,YES,YES,YES,YES,MAYBE,TPDB_Y2024_filtered_VBS\Stroeder_15,True,YES,True,YES,True,YES,True
AliasDarteFeautrierGonnord-SAS2010-rsd_true-termination.c,YES,YES,Maybe,YES,MAYBE,TPDB_Y2024_filtered_VBS\Stroeder_15,True,YES,True,YES,True,YES,True
AliasDarteFeautrierGonnord-SAS2010-speedFails4_true-termination.c,YES,Failed,Maybe,MAYBE,MAYBE,TPDB_Y2024_filtered_VBS\Stroeder_15,False,YES,True,YES,True,MISSING,
AliasDarteFeautrierGonnord-SAS2010-speedpldi2_true-termination.c,YES,YES,YES,YES,YES,TPDB_Y2024_filtered_VBS\Stroeder_15,True,YES,True,YES,True,MISSING,
AliasDarteFeautrierGonnord-SAS2010-speedpldi3_true-termination.c,YES,YES,YES,YES,MAYBE,TPDB_Y2024_filtered_VBS\Stroeder_15,True,YES,True,YES,True,YES,True
AliasDarteFeautrierGonnord-SAS2010-speedpldi4_true-termination.c,YES,YES,YES,YES,MAYBE,TPDB_Y2024_filtered_VBS\Stroeder_15,True,YES,True,YES,True,YES,True
AliasDarteFeautrierGonnord-SAS2010-terminate_true-termination.c,YES,YES,YES,YES,YES,TPDB_Y2024_filtered_VBS\Stroeder_15,True,YES,True,YES,True,MISSING,
AliasDarteFeautrierGonnord-SAS2010-wcet2_true-termination.c,YES,YES,YES,YES,MAYBE,TPDB_Y2024_filtered_VBS\Stroeder_15,True,YES,True,YES,True,YES,True
AliasDarteFeautrierGonnord-SAS2010-while2_true-termination.c,YES,YES,YES,YES,MAYBE,TPDB_Y2024_filtered_VBS\Stroeder_15,True,YES,True,YES,True,MISSING,
AliasDarteFeautrierGonnord-SAS2010-wise_true-termination.c,YES,YES,YES,YES,MAYBE,TPDB_Y2024_filtered_VBS\Stroeder_15,True,YES,True,YES,True,YES,True
AlternDiv.c,NO,Failed,Maybe,NO,MAYBE,TPDB_Y2024_filtered_VBS\Stroeder_15,False,NO,True,NO,True,MISSING,
AlternDivWide.c,NO,YES,Maybe,NO,MAYBE,TPDB_Y2024_filtered_VBS\Stroeder_15,True,NO,True,YES,True,MISSING,
AlternDivWidening.c,NO,YES,Maybe,MAYBE,MAYBE,TPDB_Y2024_filtered_VBS\Stroeder_15,True,NO,True,YES,True,MISSING,
AlternKonv.c,NO,YES,Maybe,NO,MAYBE,TPDB_Y2024_filtered_VBS\Stroeder_15,True,NO,True,YES,True,MISSING,
Avery-FLOPS2006-Table1_true-termination.c,YES,YES,YES,YES,YES,TPDB_Y2024_filtered_VBS\Stroeder_15,True,YES,True,YES,True,YES,True
Bangalore_true-termination.c,YES,YES,YES,YES,YES,TPDB_Y2024_filtered_VBS\Stroeder_15,True,YES,True,YES,True,YES,True
Ben-Amram-LMCS2010-Ex2.3_true-termination.c,YES,NO,Maybe,YES,MAYBE,TPDB_Y2024_filtered_VBS\Stroeder_15,True,YES,True,Failed,False,YES,True
Benghazi_true-termination.c,YES,YES,Failed,YES,MAYBE,TPDB_Y2024_filtered_VBS\Stroeder_15,True,YES,True,YES,True,MISSING,
BradleyMannaSipma-CAV2005-Fig1-modified_false-termination.c,NO,Failed,Maybe,NO,MAYBE,TPDB_Y2024_filtered_VBS\Stroeder_15,False,NO,True,NO,True,MISSING,
BradleyMannaSipma-CAV2005-Fig1_true-termination.c,YES,YES,YES,MAYBE,MAYBE,TPDB_Y2024_filtered_VBS\Stroeder_15,True,YES,True,YES,True,YES,True
BradleyMannaSipma-ICALP2005-Fig1_true-termination.c,YES,YES,Maybe,YES,MAYBE,TPDB_Y2024_filtered_VBS\Stroeder_15,True,YES,True,YES,True,NO,True
BrockschmidtCookFuhs-CAV2013-Fig1_true-termination.c,YES,YES,YES,YES,MAYBE,TPDB_Y2024_filtered_VBS\Stroeder_15,True,YES,True,YES,True,MISSING,
BrockschmidtCookFuhs-CAV2013-Fig9a_true-termination.c,YES,YES,Maybe,MAYBE,MAYBE,TPDB_Y2024_filtered_VBS\Stroeder_15,True,YES,True,YES,True,YES,True
BrockschmidtCookFuhs-CAV2013-Introduction_true-termination.c,YES,YES,Maybe,YES,MAYBE,TPDB_Y2024_filtered_VBS\Stroeder_15,True,YES,True,YES,True,YES,True
Cairo_true-termination.c,YES,YES,Maybe,MAYBE,MAYBE,TPDB_Y2024_filtered_VBS\Stroeder_15,True,YES,True,YES,True,YES,True
ChawdharyCookGulwaniSagivYang-ESOP2008-aaron12_true-termination.c,YES,NO,Maybe,MAYBE,MAYBE,TPDB_Y2024_filtered_VBS\Stroeder_15,True,Failed,False,Failed,False,YES,True
ChawdharyCookGulwaniSagivYang-ESOP2008-aaron1_true-termination.c,YES,YES,Maybe,Failed,MAYBE,TPDB_Y2024_filtered_VBS\Stroeder_15,True,YES,True,YES,True,YES,True
ChawdharyCookGulwaniSagivYang-ESOP2008-aaron4_true-termination.c,YES,Failed,Maybe,Failed,MAYBE,TPDB_Y2024_filtered_VBS\Stroeder_15,False,YES,True,YES,True,NO,True
ChawdharyCookGulwaniSagivYang-ESOP2008-aaron6_true-termination.c,YES,NO,Maybe,YES,MAYBE,TPDB_Y2024_filtered_VBS\Stroeder_15,True,YES,True,YES,True,Failed,False
ChawdharyCookGulwaniSagivYang-ESOP2008-random1d_true-termination.c,YES,YES,Maybe,YES,YES,TPDB_Y2024_filtered_VBS\Stroeder_15,True,YES,True,YES,True,YES,True
ChawdharyCookGulwaniSagivYang-ESOP2008-random2d_true-termination.c,YES,YES,YES,YES,MAYBE,TPDB_Y2024_filtered_VBS\Stroeder_15,True,YES,True,YES,True,YES,True
ChenCookFuhsNimkarOHearn-TACAS2014-Introduction_false-termination.c,NO,NO,Maybe,NO,MAYBE,TPDB_Y2024_filtered_VBS\Stroeder_15,True,NO,True,NO,True,MISSING,
ChenFlurMukhopadhyay-SAS2012-Ex1.01_true-termination.c,YES,YES,Maybe,MAYBE,MAYBE,TPDB_Y2024_filtered_VBS\Stroeder_15,True,YES,True,YES,True,MISSING,
ChenFlurMukhopadhyay-SAS2012-Ex1.02_true-termination.c,YES,YES,Maybe,YES,MAYBE,TPDB_Y2024_filtered_VBS\Stroeder_15,True,YES,True,YES,True,YES,True
ChenFlurMukhopadhyay-SAS2012-Ex1.03_true-termination.c,YES,YES,Maybe,YES,YES,TPDB_Y2024_filtered_VBS\Stroeder_15,True,YES,True,YES,True,Failed,False
ChenFlurMukhopadhyay-SAS2012-Ex1.04_true-termination.c,YES,YES,Maybe,YES,YES,TPDB_Y2024_filtered_VBS\Stroeder_15,True,YES,True,YES,True,YES,True
ChenFlurMukhopadhyay-SAS2012-Ex1.05_true-termination.c,YES,YES,Maybe,YES,YES,TPDB_Y2024_filtered_VBS\Stroeder_15,True,YES,True,YES,True,YES,True
ChenFlurMukhopadhyay-SAS2012-Ex2.01_true-termination.c,YES,YES,Maybe,YES,MAYBE,TPDB_Y2024_filtered_VBS\Stroeder_15,True,YES,True,YES,True,MISSING,
ChenFlurMukhopadhyay-SAS2012-Ex2.02_false-termination.c,NO,NO,Maybe,NO,MAYBE,TPDB_Y2024_filtered_VBS\Stroeder_15,True,NO,True,NO,True,MISSING,
ChenFlurMukhopadhyay-SAS2012-Ex2.03_false-termination.c,NO,NO,Maybe,NO,MAYBE,TPDB_Y2024_filtered_VBS\Stroeder_15,True,NO,True,NO,True,MISSING,
ChenFlurMukhopadhyay-SAS2012-Ex2.04_false-termination.c,NO,NO,Maybe,NO,MAYBE,TPDB_Y2024_filtered_VBS\Stroeder_15,True,NO,True,NO,True,MISSING,
ChenFlurMukhopadhyay-SAS2012-Ex2.07_true-termination.c,YES,YES,Maybe,YES,MAYBE,TPDB_Y2024_filtered_VBS\Stroeder_15,True,YES,True,YES,True,MISSING,
ChenFlurMukhopadhyay-SAS2012-Ex2.08_true-termination.c,YES,YES,Maybe,YES,MAYBE,TPDB_Y2024_filtered_VBS\Stroeder_15,True,YES,True,YES,True,YES,True
ChenFlurMukhopadhyay-SAS2012-Ex2.09_true-termination.c,YES,YES,Maybe,YES,MAYBE,TPDB_Y2024_filtered_VBS\Stroeder_15,True,YES,True,YES,True,MISSING,
ChenFlurMukhopadhyay-SAS2012-Ex2.10_true-termination.c,YES,YES,YES,YES,YES,TPDB_Y2024_filtered_VBS\Stroeder_15,True,YES,True,YES,True,YES,True
ChenFlurMukhopadhyay-SAS2012-Ex2.12_false-termination.c,NO,NO,Maybe,NO,MAYBE,TPDB_Y2024_filtered_VBS\Stroeder_15,True,NO,True,NO,True,MISSING,
ChenFlurMukhopadhyay-SAS2012-Ex2.13_true-termination.c,YES,YES,Maybe,YES,MAYBE,TPDB_Y2024_filtered_VBS\Stroeder_15,True,YES,True,YES,True,YES,True
ChenFlurMukhopadhyay-SAS2012-Ex2.14_false-termination.c,NO,NO,Maybe,NO,MAYBE,TPDB_Y2024_filtered_VBS\Stroeder_15,True,NO,True,NO,True,MISSING,
ChenFlurMukhopadhyay-SAS2012-Ex2.15_false-termination.c,NO,NO,Maybe,NO,MAYBE,TPDB_Y2024_filtered_VBS\Stroeder_15,True,NO,True,NO,True,MISSING,
ChenFlurMukhopadhyay-SAS2012-Ex2.16_true-termination.c,YES,YES,Maybe,YES,MAYBE,TPDB_Y2024_filtered_VBS\Stroeder_15,True,YES,True,YES,True,YES,True
ChenFlurMukhopadhyay-SAS2012-Ex2.17_false-termination.c,NO,NO,Maybe,NO,MAYBE,TPDB_Y2024_filtered_VBS\Stroeder_15,True,NO,True,NO,True,MISSING,
ChenFlurMukhopadhyay-SAS2012-Ex2.18_true-termination.c,YES,YES,Maybe,YES,MAYBE,TPDB_Y2024_filtered_VBS\Stroeder_15,True,YES,True,YES,True,NO,True
ChenFlurMukhopadhyay-SAS2012-Ex2.19_true-termination.c,YES,YES,Maybe,YES,MAYBE,TPDB_Y2024_filtered_VBS\Stroeder_15,True,YES,True,YES,True,YES,True
ChenFlurMukhopadhyay-SAS2012-Ex2.20_true-termination.c,YES,YES,YES,YES,YES,TPDB_Y2024_filtered_VBS\Stroeder_15,True,YES,True,YES,True,YES,True
ChenFlurMukhopadhyay-SAS2012-Ex2.21_true-termination.c,YES,YES,YES,YES,MAYBE,TPDB_Y2024_filtered_VBS\Stroeder_15,True,YES,True,YES,True,Failed,False
ChenFlurMukhopadhyay-SAS2012-Ex2.22_true-termination.c,YES,YES,YES,YES,MAYBE,TPDB_Y2024_filtered_VBS\Stroeder_15,True,YES,True,YES,True,MISSING,
ChenFlurMukhopadhyay-SAS2012-Ex3.01_true-termination.c,YES,NO,YES,YES,MAYBE,TPDB_Y2024_filtered_VBS\Stroeder_15,True,YES,True,YES,True,MISSING,
ChenFlurMukhopadhyay-SAS2012-Ex3.02_false-termination.c,NO,NO,Maybe,NO,MAYBE,TPDB_Y2024_filtered_VBS\Stroeder_15,True,NO,True,NO,True,MISSING,
ChenFlurMukhopadhyay-SAS2012-Ex3.03_true-termination.c,YES,YES,Maybe,YES,MAYBE,TPDB_Y2024_filtered_VBS\Stroeder_15,True,YES,True,YES,True,MISSING,
ChenFlurMukhopadhyay-SAS2012-Ex3.04_true-termination.c,YES,YES,Maybe,YES,MAYBE,TPDB_Y2024_filtered_VBS\Stroeder_15,True,YES,True,YES,True,MISSING,
ChenFlurMukhopadhyay-SAS2012-Ex3.05_true-termination.c,YES,YES,Maybe,YES,MAYBE,TPDB_Y2024_filtered_VBS\Stroeder_15,True,YES,True,YES,True,Failed,False
ChenFlurMukhopadhyay-SAS2012-Ex3.06_false-termination.c,NO,NO,Maybe,NO,MAYBE,TPDB_Y2024_filtered_VBS\Stroeder_15,True,NO,True,NO,True,MISSING,
ChenFlurMukhopadhyay-SAS2012-Ex3.07_true-termination.c,YES,YES,YES,YES,MAYBE,TPDB_Y2024_filtered_VBS\Stroeder_15,True,YES,True,YES,True,MISSING,
ChenFlurMukhopadhyay-SAS2012-Ex3.08_true-termination.c,YES,YES,Maybe,YES,MAYBE,TPDB_Y2024_filtered_VBS\Stroeder_15,True,YES,True,YES,True,Failed,False
ChenFlurMukhopadhyay-SAS2012-Ex3.09_true-termination.c,YES,YES,Maybe,YES,MAYBE,TPDB_Y2024_filtered_VBS\Stroeder_15,True,YES,True,YES,True,YES,True
ChenFlurMukhopadhyay-SAS2012-Ex3.10_true-termination.c,YES,YES,YES,YES,MAYBE,TPDB_Y2024_filtered_VBS\Stroeder_15,True,YES,True,YES,True,YES,True
ChenFlurMukhopadhyay-SAS2012-Ex4.01_true-termination.c,YES,YES,Maybe,YES,MAYBE,TPDB_Y2024_filtered_VBS\Stroeder_15,True,YES,True,YES,True,YES,True
ChenFlurMukhopadhyay-SAS2012-Fig1_true-termination.c,YES,YES,YES,YES,MAYBE,TPDB_Y2024_filtered_VBS\Stroeder_15,True,YES,True,YES,True,Failed,False
Choose.c,NO,NO,Maybe,MAYBE,MAYBE,TPDB_Y2024_filtered_VBS\Stroeder_15,True,NO,True,NO,True,MISSING,
ChooseLife.c,NO,YES,Maybe,MAYBE,MAYBE,TPDB_Y2024_filtered_VBS\Stroeder_15,True,NO,True,NO,True,MISSING,
ColonSipma-TACAS2001-Fig1_true-termination.c,YES,YES,YES,YES,YES,TPDB_Y2024_filtered_VBS\Stroeder_15,True,YES,True,YES,True,YES,True
ComplInterv2.c,NO,YES,Maybe,NO,MAYBE,TPDB_Y2024_filtered_VBS\Stroeder_15,True,NO,True,NO,True,MISSING,
ComplInterv3.c,NO,Failed,Maybe,NO,MAYBE,TPDB_Y2024_filtered_VBS\Stroeder_15,False,NO,True,NO,True,MISSING,
ComplxStruc.c,NO,NO,Maybe,MAYBE,MAYBE,TPDB_Y2024_filtered_VBS\Stroeder_15,True,NO,True,NO,True,MISSING,
ConvLower.c,NO,YES,Maybe,NO,MAYBE,TPDB_Y2024_filtered_VBS\Stroeder_15,True,NO,True,NO,True,MISSING,
CookSeeZuleger-TACAS2013-Fig1_true-termination.c,YES,YES,YES,YES,MAYBE,TPDB_Y2024_filtered_VBS\Stroeder_15,True,YES,True,YES,True,MISSING,
CookSeeZuleger-TACAS2013-Fig7a_true-termination.c,YES,YES,YES,YES,MAYBE,TPDB_Y2024_filtered_VBS\Stroeder_15,True,YES,True,YES,True,MISSING,
CookSeeZuleger-TACAS2013-Fig7b_true-termination.c,YES,YES,YES,YES,MAYBE,TPDB_Y2024_filtered_VBS\Stroeder_15,True,YES,True,YES,True,YES,True
CookSeeZuleger-TACAS2013-Fig8a-modified_true-termination.c,YES,YES,Maybe,YES,MAYBE,TPDB_Y2024_filtered_VBS\Stroeder_15,True,YES,True,YES,True,MISSING,
CookSeeZuleger-TACAS2013-Fig8a_true-termination.c,YES,YES,Maybe,YES,MAYBE,TPDB_Y2024_filtered_VBS\Stroeder_15,True,YES,True,YES,True,Failed,False
CookSeeZuleger-TACAS2013-Fig8b_true-termination.c,YES,YES,Maybe,YES,MAYBE,TPDB_Y2024_filtered_VBS\Stroeder_15,True,YES,True,YES,True,YES,True
Copenhagen_true-termination.c,YES,YES,YES,YES,YES,TPDB_Y2024_filtered_VBS\Stroeder_15,True,YES,True,YES,True,MISSING,
Cousot.c,NO,NO,Maybe,NO,MAYBE,TPDB_Y2024_filtered_VBS\Stroeder_15,True,NO,True,NO,True,MISSING,
DivMinus.c,YES,YES,YES,YES,YES,TPDB_Y2024_filtered_VBS\Stroeder_15,True,YES,True,YES,True,YES,True
DivMinus2.c,YES,YES,Maybe,YES,MAYBE,TPDB_Y2024_filtered_VBS\Stroeder_15,True,YES,True,YES,True,YES,True
DivWithoutMinus.c,NO,Failed,Maybe,MAYBE,MAYBE,TPDB_Y2024_filtered_VBS\Stroeder_15,False,NO,True,NO,True,MISSING,
easy1_true-termination.c,YES,YES,YES,YES,MAYBE,TPDB_Y2024_filtered_VBS\Stroeder_15,True,YES,True,YES,True,MISSING,
easy2_true-termination.c,YES,Failed,YES,YES,YES,TPDB_Y2024_filtered_VBS\Stroeder_15,False,YES,True,YES,True,MISSING,
Et1.c,YES,Failed,Maybe,YES,MAYBE,TPDB_Y2024_filtered_VBS\Stroeder_15,False,YES,True,YES,True,MISSING,
Et2.c,NO,YES,Maybe,MAYBE,MAYBE,TPDB_Y2024_filtered_VBS\Stroeder_15,True,NO,True,NO,True,MISSING,
Et4.c,NO,YES,Failed,MAYBE,MAYBE,TPDB_Y2024_filtered_VBS\Stroeder_15,True,NO,True,YES,True,MISSING,
Even.c,NO,YES,Maybe,NO,MAYBE,TPDB_Y2024_filtered_VBS\Stroeder_15,True,NO,True,NO,True,MISSING,
Ex01.c,NO,NO,Maybe,NO,MAYBE,TPDB_Y2024_filtered_VBS\Stroeder_15,True,NO,True,NO,True,MISSING,
Ex02.c,NO,NO,Maybe,NO,MAYBE,TPDB_Y2024_filtered_VBS\Stroeder_15,True,NO,True,NO,True,MISSING,
Ex03.c,NO,Failed,Maybe,NO,MAYBE,TPDB_Y2024_filtered_VBS\Stroeder_15,False,NO,True,NO,True,MISSING,
Ex04.c,NO,NO,Maybe,NO,MAYBE,TPDB_Y2024_filtered_VBS\Stroeder_15,True,NO,True,NO,True,MISSING,
Ex05.c,NO,NO,Maybe,NO,MAYBE,TPDB_Y2024_filtered_VBS\Stroeder_15,True,NO,True,NO,True,MISSING,
Ex06.c,NO,YES,Maybe,NO,MAYBE,TPDB_Y2024_filtered_VBS\Stroeder_15,True,NO,True,NO,True,MISSING,
Ex07.c,NO,NO,Maybe,NO,MAYBE,TPDB_Y2024_filtered_VBS\Stroeder_15,True,NO,True,NO,True,MISSING,
Ex08.c,NO,NO,Maybe,Failed,MAYBE,TPDB_Y2024_filtered_VBS\Stroeder_15,True,NO,True,NO,True,MISSING,
Fibonacci.c,NO,NO,Maybe,MAYBE,MAYBE,TPDB_Y2024_filtered_VBS\Stroeder_15,True,NO,True,NO,True,MISSING,
Flip.c,NO,NO,Maybe,NO,MAYBE,TPDB_Y2024_filtered_VBS\Stroeder_15,True,NO,True,NO,True,MISSING,
Flip2.c,NO,Failed,Maybe,MAYBE,MAYBE,TPDB_Y2024_filtered_VBS\Stroeder_15,False,NO,True,YES,True,MISSING,
Gauss.c,NO,YES,Maybe,NO,MAYBE,TPDB_Y2024_filtered_VBS\Stroeder_15,True,NO,True,NO,True,MISSING,
GCD.c,NO,YES,Maybe,NO,MAYBE,TPDB_Y2024_filtered_VBS\Stroeder_15,True,YES,True,YES,True,MISSING,
gcd1_true-termination.c,YES,YES,YES,YES,MAYBE,TPDB_Y2024_filtered_VBS\Stroeder_15,True,YES,True,YES,True,MISSING,
GCD2.c,NO,YES,Maybe,NO,MAYBE,TPDB_Y2024_filtered_VBS\Stroeder_15,True,YES,True,YES,True,MISSING,
GCD3.c,YES,Failed,YES,YES,YES,TPDB_Y2024_filtered_VBS\Stroeder_15,False,YES,True,YES,True,YES,True
GCD4.c,YES,YES,YES,YES,YES,TPDB_Y2024_filtered_VBS\Stroeder_15,True,YES,True,YES,True,MISSING,
genady_true-termination.c,YES,YES,YES,YES,MAYBE,TPDB_Y2024_filtered_VBS\Stroeder_15,True,YES,True,YES,True,YES,True
GopanReps-CAV2006-Fig1a_true-termination.c.c,YES,YES,Maybe,YES,MAYBE,TPDB_Y2024_filtered_VBS\Stroeder_15,True,YES,True,YES,True,MISSING,
Gothenburg_true-termination.c,YES,YES,Maybe,YES,MAYBE,TPDB_Y2024_filtered_VBS\Stroeder_15,True,YES,True,YES,True,YES,True
GulavaniGulwani-CAV2008-Fig1a_true-termination.c,YES,YES,YES,YES,MAYBE,TPDB_Y2024_filtered_VBS\Stroeder_15,True,YES,True,YES,True,YES,True
GulavaniGulwani-CAV2008-Fig1b_true-termination.c,YES,YES,YES,YES,YES,TPDB_Y2024_filtered_VBS\Stroeder_15,True,YES,True,YES,True,MISSING,
GulavaniGulwani-CAV2008-Fig1c_true-termination.c,YES,YES,YES,YES,YES,TPDB_Y2024_filtered_VBS\Stroeder_15,True,YES,True,YES,True,YES,True
GulwaniJainKoskinen-PLDI2009-Fig1_true-termination.c,YES,YES,Maybe,YES,MAYBE,TPDB_Y2024_filtered_VBS\Stroeder_15,True,YES,True,YES,True,MISSING,
HeizmannHoenickeLeikePodelski-ATVA2013-Fig1_true-termination.c,YES,YES,Maybe,YES,MAYBE,TPDB_Y2024_filtered_VBS\Stroeder_15,True,YES,True,YES,True,MISSING,
HeizmannHoenickeLeikePodelski-ATVA2013-Fig4_true-termination.c,YES,YES,YES,YES,YES,TPDB_Y2024_filtered_VBS\Stroeder_15,True,YES,True,YES,True,MISSING,
HeizmannHoenickeLeikePodelski-ATVA2013-Fig6_true-termination.c,YES,YES,YES,YES,YES,TPDB_Y2024_filtered_VBS\Stroeder_15,True,YES,True,YES,True,MISSING,
HeizmannHoenickeLeikePodelski-ATVA2013-Fig8_true-termination.c,YES,Failed,YES,MAYBE,MAYBE,TPDB_Y2024_filtered_VBS\Stroeder_15,False,YES,True,Failed,False,MISSING,
HeizmannHoenickeLeikePodelski-ATVA2013-Fig9_true-termination.c,YES,NO,YES,MAYBE,MAYBE,TPDB_Y2024_filtered_VBS\Stroeder_15,True,YES,True,YES,True,MISSING,
IntPath.c,YES,NO,Maybe,MAYBE,MAYBE,TPDB_Y2024_filtered_VBS\Stroeder_15,True,YES,True,YES,True,MISSING,
KroeningSharyginaTsitovichWintersteiger-CAV2010-Ex_true-termination.c,YES,YES,YES,YES,YES,TPDB_Y2024_filtered_VBS\Stroeder_15,True,YES,True,YES,True,YES,True
LarrazOliverasRodriguez-CarbonellRubio-FMCAD2013-Fig1_true-termination.c,YES,YES,Maybe,YES,MAYBE,TPDB_Y2024_filtered_VBS\Stroeder_15,True,YES,True,YES,True,YES,True
Lcm.c,NO,NO,Maybe,NO,MAYBE,TPDB_Y2024_filtered_VBS\Stroeder_15,True,NO,True,NO,True,MISSING,
LeikeHeizmann-TACAS2014-Ex1_true-termination.c,YES,YES,YES,YES,YES,TPDB_Y2024_filtered_VBS\Stroeder_15,True,YES,True,YES,True,YES,True
LeikeHeizmann-TACAS2014-Ex7_true-termination.c,YES,YES,YES,YES,MAYBE,TPDB_Y2024_filtered_VBS\Stroeder_15,True,YES,True,YES,True,YES,True
LeikeHeizmann-TACAS2014-Ex8_true-termination.c,YES,YES,Maybe,YES,MAYBE,TPDB_Y2024_filtered_VBS\Stroeder_15,True,YES,True,YES,True,Failed,False
LeikeHeizmann-TACAS2014-Ex9_true-termination.c,YES,YES,YES,YES,MAYBE,TPDB_Y2024_filtered_VBS\Stroeder_15,True,YES,True,YES,True,YES,True
LeikeHeizmann-TACAS2014-Fig1_true-termination.c,YES,Failed,Maybe,YES,MAYBE,TPDB_Y2024_filtered_VBS\Stroeder_15,False,YES,True,YES,True,YES,True
LeikeHeizmann-WST2014-Ex5_false-termination.c,NO,NO,Maybe,MAYBE,MAYBE,TPDB_Y2024_filtered_VBS\Stroeder_15,True,NO,True,NO,True,MISSING,
LeikeHeizmann-WST2014-Ex6_false-termination.c,NO,NO,Maybe,NO,MAYBE,TPDB_Y2024_filtered_VBS\Stroeder_15,True,NO,True,NO,True,MISSING,
Lobnya-Boolean-Reordered_true-termination.c,YES,YES,Maybe,YES,MAYBE,TPDB_Y2024_filtered_VBS\Stroeder_15,True,YES,True,YES,True,YES,True
Log.c,YES,YES,YES,YES,MAYBE,TPDB_Y2024_filtered_VBS\Stroeder_15,True,YES,True,YES,True,MISSING,
LogAG.c,YES,YES,Maybe,YES,YES,TPDB_Y2024_filtered_VBS\Stroeder_15,True,YES,True,YES,True,MISSING,
Loop.c,NO,NO,Maybe,NO,MAYBE,TPDB_Y2024_filtered_VBS\Stroeder_15,True,NO,True,NO,True,MISSING,
Madrid_false-termination.c,NO,NO,Maybe,NO,MAYBE,TPDB_Y2024_filtered_VBS\Stroeder_15,True,NO,True,NO,True,MISSING,
Marbie1.c,NO,NO,Maybe,NO,MAYBE,TPDB_Y2024_filtered_VBS\Stroeder_15,True,NO,True,NO,True,MISSING,
Marbie2.c,NO,NO,Maybe,NO,MAYBE,TPDB_Y2024_filtered_VBS\Stroeder_15,True,NO,True,NO,True,MISSING,
Masse-VMCAI2014-Ex6_true-termination.c,YES,NO,YES,YES,MAYBE,TPDB_Y2024_filtered_VBS\Stroeder_15,True,YES,True,YES,True,YES,True
Masse-VMCAI2014-Fig1a_true-termination.c,YES,YES,YES,YES,MAYBE,TPDB_Y2024_filtered_VBS\Stroeder_15,True,YES,True,YES,True,MISSING,
McCarthyIterative.c,YES,YES,YES,YES,MAYBE,TPDB_Y2024_filtered_VBS\Stroeder_15,True,YES,True,YES,True,Failed,False
MenloPark_true-termination.c,YES,YES,Maybe,YES,YES,TPDB_Y2024_filtered_VBS\Stroeder_15,True,YES,True,YES,True,MISSING,
Middle.c,NO,YES,Maybe,NO,MAYBE,TPDB_Y2024_filtered_VBS\Stroeder_15,True,NO,True,NO,True,MISSING,
MinusBuiltIn.c,YES,NO,Maybe,YES,YES,TPDB_Y2024_filtered_VBS\Stroeder_15,True,YES,True,YES,True,MISSING,
MinusMin.c,YES,YES,Failed,YES,YES,TPDB_Y2024_filtered_VBS\Stroeder_15,True,YES,True,YES,True,YES,True
MinusUserDefined.c,YES,Failed,Maybe,YES,MAYBE,TPDB_Y2024_filtered_VBS\Stroeder_15,False,YES,True,YES,True,YES,True
min_rf_true-termination.c,YES,YES,Maybe,YES,MAYBE,TPDB_Y2024_filtered_VBS\Stroeder_15,True,YES,True,YES,True,YES,True
MirrorInterv.c,NO,Failed,Maybe,NO,MAYBE,TPDB_Y2024_filtered_VBS\Stroeder_15,False,NO,True,YES,True,MISSING,
MirrorIntervSim.c,NO,YES,Maybe,NO,MAYBE,TPDB_Y2024_filtered_VBS\Stroeder_15,True,NO,True,NO,True,MISSING,
Mysore_true-termination.c,YES,Failed,Maybe,YES,MAYBE,TPDB_Y2024_filtered_VBS\Stroeder_15,False,YES,True,YES,True,YES,True
Narrowing.c,NO,NO,Maybe,Failed,MAYBE,TPDB_Y2024_filtered_VBS\Stroeder_15,True,NO,True,YES,True,MISSING,
NarrowKonv.c,NO,YES,Maybe,MAYBE,MAYBE,TPDB_Y2024_filtered_VBS\Stroeder_15,True,NO,True,NO,True,MISSING,
Nested.c,YES,YES,YES,YES,MAYBE,TPDB_Y2024_filtered_VBS\Stroeder_15,True,YES,True,YES,True,Failed,False
NonTermination1_false-termination.c,NO,NO,Maybe,NO,MAYBE,TPDB_Y2024_filtered_VBS\Stroeder_15,True,NO,True,NO,True,MISSING,
NonTermination2_false-termination.c,NO,NO,Maybe,MAYBE,MAYBE,TPDB_Y2024_filtered_VBS\Stroeder_15,True,NO,True,YES,True,MISSING,
NonTermination4_false-termination.c,NO,NO,Maybe,NO,MAYBE,TPDB_Y2024_filtered_VBS\Stroeder_15,True,NO,True,YES,True,MISSING,
NonTerminationSimple2_false-termination.c,NO,NO,Maybe,NO,MAYBE,TPDB_Y2024_filtered_VBS\Stroeder_15,True,NO,True,NO,True,MISSING,
NonTerminationSimple3_false-termination.c,NO,NO,Maybe,NO,MAYBE,TPDB_Y2024_filtered_VBS\Stroeder_15,True,NO,True,NO,True,MISSING,
NonTerminationSimple4_false-termination.c,NO,NO,Maybe,NO,MAYBE,TPDB_Y2024_filtered_VBS\Stroeder_15,True,NO,True,NO,True,MISSING,
NonTerminationSimple5_false-termination.c,NO,NO,Maybe,NO,MAYBE,TPDB_Y2024_filtered_VBS\Stroeder_15,True,NO,True,NO,True,MISSING,
NonTerminationSimple6_false-termination.c,NO,NO,Maybe,NO,MAYBE,TPDB_Y2024_filtered_VBS\Stroeder_15,True,NO,True,NO,True,MISSING,
NonTerminationSimple7_false-termination.c,NO,NO,Maybe,NO,MAYBE,TPDB_Y2024_filtered_VBS\Stroeder_15,True,NO,True,NO,True,MISSING,
NonTerminationSimple8_false-termination.c,NO,NO,Maybe,NO,MAYBE,TPDB_Y2024_filtered_VBS\Stroeder_15,True,NO,True,NO,True,MISSING,
NonTerminationSimple9_false-termination.c,NO,NO,Maybe,NO,MAYBE,TPDB_Y2024_filtered_VBS\Stroeder_15,True,NO,True,NO,True,MISSING,
NoriSharma-FSE2013-Fig7_true-termination.c,YES,YES,Maybe,YES,MAYBE,TPDB_Y2024_filtered_VBS\Stroeder_15,True,YES,True,YES,True,YES,True
NoriSharma-FSE2013-Fig8_true-termination.c,YES,YES,Maybe,YES,MAYBE,TPDB_Y2024_filtered_VBS\Stroeder_15,True,YES,True,YES,True,YES,True
NO_00.c,NO,NO,Maybe,NO,MAYBE,TPDB_Y2024_filtered_VBS\Stroeder_15,True,NO,True,NO,True,MISSING,
NO_01.c,NO,NO,Maybe,NO,MAYBE,TPDB_Y2024_filtered_VBS\Stroeder_15,True,NO,True,NO,True,MISSING,
NO_02.c,NO,YES,Maybe,NO,MAYBE,TPDB_Y2024_filtered_VBS\Stroeder_15,True,NO,True,NO,True,MISSING,
NO_03.c,NO,NO,Maybe,NO,MAYBE,TPDB_Y2024_filtered_VBS\Stroeder_15,True,NO,True,NO,True,MISSING,
NO_04.c,NO,YES,Maybe,NO,MAYBE,TPDB_Y2024_filtered_VBS\Stroeder_15,True,NO,True,NO,True,MISSING,
NO_10.c,NO,NO,YES,NO,MAYBE,TPDB_Y2024_filtered_VBS\Stroeder_15,True,NO,True,NO,True,MISSING,
NO_12.c,NO,NO,Failed,MAYBE,MAYBE,TPDB_Y2024_filtered_VBS\Stroeder_15,True,NO,True,NO,True,MISSING,
NO_13.c,NO,YES,Maybe,MAYBE,MAYBE,TPDB_Y2024_filtered_VBS\Stroeder_15,True,NO,True,NO,True,MISSING,
NO_21.c,NO,NO,Maybe,NO,MAYBE,TPDB_Y2024_filtered_VBS\Stroeder_15,True,NO,True,NO,True,MISSING,
NO_22.c,NO,Failed,Maybe,MAYBE,MAYBE,TPDB_Y2024_filtered_VBS\Stroeder_15,False,NO,True,NO,True,MISSING,
NO_23.c,NO,NO,Maybe,MAYBE,MAYBE,TPDB_Y2024_filtered_VBS\Stroeder_15,True,NO,True,NO,True,MISSING,
NO_24.c,NO,YES,Maybe,MAYBE,MAYBE,TPDB_Y2024_filtered_VBS\Stroeder_15,True,NO,True,NO,True,MISSING,
Nyala-2lex_true-termination.c,YES,YES,YES,YES,MAYBE,TPDB_Y2024_filtered_VBS\Stroeder_15,True,YES,True,YES,True,YES,True
Overflow.c,YES,NO,Maybe,YES,YES,TPDB_Y2024_filtered_VBS\Stroeder_15,True,Failed,False,NO,True,NO,True
Parallel_true-termination.c,YES,YES,YES,YES,MAYBE,TPDB_Y2024_filtered_VBS\Stroeder_15,True,YES,True,YES,True,YES,True
PastaA1.c,YES,YES,YES,YES,MAYBE,TPDB_Y2024_filtered_VBS\Stroeder_15,True,YES,True,YES,True,MISSING,
PastaA10.c,YES,YES,YES,YES,MAYBE,TPDB_Y2024_filtered_VBS\Stroeder_15,True,YES,True,YES,True,MISSING,
PastaA4.c,YES,NO,YES,YES,YES,TPDB_Y2024_filtered_VBS\Stroeder_15,True,YES,True,YES,True,YES,True
PastaA5.c,YES,NO,Maybe,YES,YES,TPDB_Y2024_filtered_VBS\Stroeder_15,True,YES,True,YES,True,YES,True
PastaA6.c,YES,YES,Maybe,YES,YES,TPDB_Y2024_filtered_VBS\Stroeder_15,True,YES,True,YES,True,YES,True
PastaA7.c,YES,YES,YES,YES,YES,TPDB_Y2024_filtered_VBS\Stroeder_15,True,YES,True,YES,True,MISSING,
PastaA8.c,YES,NO,YES,YES,YES,TPDB_Y2024_filtered_VBS\Stroeder_15,True,YES,True,YES,True,YES,True
PastaA9.c,YES,Failed,Maybe,YES,YES,TPDB_Y2024_filtered_VBS\Stroeder_15,False,YES,True,YES,True,YES,True
PastaB1.c,YES,YES,YES,YES,YES,TPDB_Y2024_filtered_VBS\Stroeder_15,True,YES,True,YES,True,YES,True
PastaB11.c,YES,YES,YES,YES,YES,TPDB_Y2024_filtered_VBS\Stroeder_15,True,YES,True,YES,True,MISSING,
PastaB14.c,YES,YES,YES,YES,MAYBE,TPDB_Y2024_filtered_VBS\Stroeder_15,True,YES,True,YES,True,YES,True
PastaB15.c,YES,YES,YES,YES,MAYBE,TPDB_Y2024_filtered_VBS\Stroeder_15,True,YES,True,YES,True,MISSING,
PastaB16.c,YES,YES,YES,YES,MAYBE,TPDB_Y2024_filtered_VBS\Stroeder_15,True,YES,True,YES,True,YES,True
PastaB17.c,YES,YES,YES,YES,MAYBE,TPDB_Y2024_filtered_VBS\Stroeder_15,True,YES,True,YES,True,Failed,False
PastaB2.c,YES,YES,YES,YES,YES,TPDB_Y2024_filtered_VBS\Stroeder_15,True,YES,True,YES,True,YES,True
PastaB3.c,YES,NO,Maybe,YES,YES,TPDB_Y2024_filtered_VBS\Stroeder_15,True,YES,True,YES,True,YES,True
PastaB4.c,YES,NO,YES,YES,YES,TPDB_Y2024_filtered_VBS\Stroeder_15,True,YES,True,YES,True,MISSING,
PastaB6.c,YES,YES,YES,YES,YES,TPDB_Y2024_filtered_VBS\Stroeder_15,True,YES,True,YES,True,YES,True
PastaB7.c,YES,YES,YES,YES,YES,TPDB_Y2024_filtered_VBS\Stroeder_15,True,YES,True,YES,True,YES,True
PastaC1.c,YES,YES,Maybe,YES,MAYBE,TPDB_Y2024_filtered_VBS\Stroeder_15,True,YES,True,YES,True,Failed,False
PastaC10.c,NO,YES,Maybe,MAYBE,MAYBE,TPDB_Y2024_filtered_VBS\Stroeder_15,True,NO,True,YES,True,MISSING,
PastaC2.c,YES,NO,Maybe,YES,MAYBE,TPDB_Y2024_filtered_VBS\Stroeder_15,True,YES,True,YES,True,MISSING,
PastaC3.c,YES,YES,YES,YES,MAYBE,TPDB_Y2024_filtered_VBS\Stroeder_15,True,YES,True,YES,True,Failed,False
PastaC7.c,YES,YES,Maybe,YES,YES,TPDB_Y2024_filtered_VBS\Stroeder_15,True,YES,True,YES,True,YES,True
PastaC9.c,YES,Failed,YES,YES,MAYBE,TPDB_Y2024_filtered_VBS\Stroeder_15,False,YES,True,NO,True,YES,True
Piecewise_true-termination.c,YES,YES,Maybe,YES,MAYBE,TPDB_Y2024_filtered_VBS\Stroeder_15,True,YES,True,YES,True,MISSING,
PlusSwap.c,YES,YES,YES,YES,MAYBE,TPDB_Y2024_filtered_VBS\Stroeder_15,True,YES,True,YES,True,MISSING,
PodelskiRybalchenko-LICS2004-Fig1_true-termination.c,YES,YES,Maybe,YES,MAYBE,TPDB_Y2024_filtered_VBS\Stroeder_15,True,YES,True,YES,True,YES,True
PodelskiRybalchenko-LICS2004-Fig2-TACAS2011-Fig3_true-termination.c,YES,Failed,Maybe,YES,MAYBE,TPDB_Y2024_filtered_VBS\Stroeder_15,False,YES,True,YES,True,MISSING,
PodelskiRybalchenko-TACAS2011-Fig1_true-termination.c,YES,YES,YES,YES,YES,TPDB_Y2024_filtered_VBS\Stroeder_15,True,YES,True,YES,True,YES,True
PodelskiRybalchenko-TACAS2011-Fig2_true-termination.c,YES,YES,YES,YES,MAYBE,TPDB_Y2024_filtered_VBS\Stroeder_15,True,YES,True,YES,True,YES,True
PodelskiRybalchenko-TACAS2011-Fig4_true-termination.c,YES,YES,YES,YES,MAYBE,TPDB_Y2024_filtered_VBS\Stroeder_15,True,YES,True,YES,True,YES,True
PodelskiRybalchenko-VMCAI2004-Ex1_true-termination.c,YES,YES,Maybe,YES,YES,TPDB_Y2024_filtered_VBS\Stroeder_15,True,YES,True,YES,True,YES,True
PodelskiRybalchenko-VMCAI2004-Ex2_true-termination.c,YES,YES,Maybe,MAYBE,MAYBE,TPDB_Y2024_filtered_VBS\Stroeder_15,True,YES,True,YES,True,MISSING,
Pure2Phase_true-termination.c,YES,YES,Maybe,YES,MAYBE,TPDB_Y2024_filtered_VBS\Stroeder_15,True,YES,True,YES,True,YES,True
Pure3Phase_true-termination.c,YES,YES,Maybe,MAYBE,MAYBE,TPDB_Y2024_filtered_VBS\Stroeder_15,True,YES,True,YES,True,Failed,False
Rotation180_false-termination.c,NO,NO,Maybe,NO,MAYBE,TPDB_Y2024_filtered_VBS\Stroeder_15,True,NO,True,NO,True,MISSING,
Sequence.c,YES,YES,YES,YES,MAYBE,TPDB_Y2024_filtered_VBS\Stroeder_15,True,YES,True,YES,True,MISSING,
Stockholm_true-termination.c,YES,Failed,YES,YES,YES,TPDB_Y2024_filtered_VBS\Stroeder_15,False,YES,True,YES,True,MISSING,
Sunset.c,NO,YES,Maybe,MAYBE,MAYBE,TPDB_Y2024_filtered_VBS\Stroeder_15,True,NO,True,YES,True,MISSING,
svcomp_a.01.c,YES,YES,YES,YES,MAYBE,TPDB_Y2024_filtered_VBS\Stroeder_15,True,YES,True,YES,True,YES,True
svcomp_a.04.c,YES,YES,YES,YES,YES,TPDB_Y2024_filtered_VBS\Stroeder_15,True,YES,True,YES,True,YES,True
svcomp_a.05.c,YES,YES,Maybe,YES,YES,TPDB_Y2024_filtered_VBS\Stroeder_15,True,YES,True,YES,True,MISSING,
svcomp_a.06.c,YES,YES,Failed,YES,YES,TPDB_Y2024_filtered_VBS\Stroeder_15,True,YES,True,YES,True,YES,True
svcomp_a.07.c,YES,YES,YES,YES,YES,TPDB_Y2024_filtered_VBS\Stroeder_15,True,YES,True,YES,True,YES,True
svcomp_a.08.c,YES,YES,YES,YES,YES,TPDB_Y2024_filtered_VBS\Stroeder_15,True,YES,True,YES,True,YES,True
svcomp_a.09_assume.c,YES,Failed,Maybe,YES,YES,TPDB_Y2024_filtered_VBS\Stroeder_15,False,YES,True,YES,True,YES,True
svcomp_a.10.c,YES,YES,YES,YES,MAYBE,TPDB_Y2024_filtered_VBS\Stroeder_15,True,YES,True,YES,True,YES,True
svcomp_b.01.c,YES,YES,YES,YES,YES,TPDB_Y2024_filtered_VBS\Stroeder_15,True,YES,True,YES,True,YES,True
svcomp_b.02.c,YES,YES,YES,YES,YES,TPDB_Y2024_filtered_VBS\Stroeder_15,True,YES,True,YES,True,Failed,False
svcomp_b.03-no-inv_assume.c,YES,NO,Maybe,YES,YES,TPDB_Y2024_filtered_VBS\Stroeder_15,True,YES,True,YES,True,Failed,False
svcomp_b.03_assume.c,YES,Failed,Maybe,YES,YES,TPDB_Y2024_filtered_VBS\Stroeder_15,False,YES,True,YES,True,MISSING,
svcomp_b.04.c,YES,Failed,YES,YES,YES,TPDB_Y2024_filtered_VBS\Stroeder_15,False,YES,True,YES,True,MISSING,
svcomp_b.05.c,YES,Failed,YES,YES,YES,TPDB_Y2024_filtered_VBS\Stroeder_15,False,YES,True,YES,True,YES,True
svcomp_b.06.c,YES,YES,YES,YES,YES,TPDB_Y2024_filtered_VBS\Stroeder_15,True,YES,True,YES,True,YES,True
svcomp_b.07.c,YES,YES,YES,YES,YES,TPDB_Y2024_filtered_VBS\Stroeder_15,True,YES,True,YES,True,YES,True
svcomp_b.09-no-inv_assume.c,YES,YES,Maybe,MAYBE,MAYBE,TPDB_Y2024_filtered_VBS\Stroeder_15,True,YES,True,YES,True,YES,True
svcomp_b.09_assume.c,YES,YES,YES,YES,YES,TPDB_Y2024_filtered_VBS\Stroeder_15,True,YES,True,YES,True,Failed,False
svcomp_b.10.c,YES,YES,Maybe,YES,YES,TPDB_Y2024_filtered_VBS\Stroeder_15,True,YES,True,YES,True,YES,True
svcomp_b.11.c,YES,YES,YES,YES,YES,TPDB_Y2024_filtered_VBS\Stroeder_15,True,YES,True,YES,True,YES,True
svcomp_b.12.c,YES,YES,YES,YES,MAYBE,TPDB_Y2024_filtered_VBS\Stroeder_15,True,YES,True,YES,True,MISSING,
svcomp_b.13.c,YES,YES,YES,YES,MAYBE,TPDB_Y2024_filtered_VBS\Stroeder_15,True,YES,True,YES,True,YES,True
svcomp_b.14.c,YES,Failed,YES,YES,MAYBE,TPDB_Y2024_filtered_VBS\Stroeder_15,False,YES,True,YES,True,YES,True
svcomp_b.15.c,YES,Failed,YES,YES,MAYBE,TPDB_Y2024_filtered_VBS\Stroeder_15,False,YES,True,YES,True,Failed,False
svcomp_b.16.c,YES,YES,YES,YES,MAYBE,TPDB_Y2024_filtered_VBS\Stroeder_15,True,YES,True,YES,True,MISSING,
svcomp_b.17.c,YES,YES,YES,YES,MAYBE,TPDB_Y2024_filtered_VBS\Stroeder_15,True,YES,True,YES,True,MISSING,
svcomp_b.18.c,YES,YES,YES,YES,MAYBE,TPDB_Y2024_filtered_VBS\Stroeder_15,True,YES,True,YES,True,YES,True
svcomp_c.01-no-inv.c,YES,YES,Maybe,MAYBE,MAYBE,TPDB_Y2024_filtered_VBS\Stroeder_15,True,YES,True,YES,True,MISSING,
svcomp_c.01_assume.c,YES,YES,Maybe,YES,MAYBE,TPDB_Y2024_filtered_VBS\Stroeder_15,True,YES,True,YES,True,YES,True
svcomp_c.02.c,YES,NO,YES,YES,MAYBE,TPDB_Y2024_filtered_VBS\Stroeder_15,True,YES,True,YES,True,MISSING,
svcomp_c.03.c,YES,Failed,YES,YES,MAYBE,TPDB_Y2024_filtered_VBS\Stroeder_15,False,YES,True,YES,True,YES,True
svcomp_c.07.c,YES,YES,YES,YES,YES,TPDB_Y2024_filtered_VBS\Stroeder_15,True,YES,True,YES,True,YES,True
svcomp_c.08.c,YES,YES,YES,YES,MAYBE,TPDB_Y2024_filtered_VBS\Stroeder_15,True,YES,True,YES,True,MISSING,
svcomp_easySum.c,YES,YES,YES,YES,YES,TPDB_Y2024_filtered_VBS\Stroeder_15,True,YES,True,YES,True,MISSING,
svcomp_ex1.c,YES,YES,YES,YES,YES,TPDB_Y2024_filtered_VBS\Stroeder_15,True,YES,True,YES,True,MISSING,
svcomp_ex2.c,YES,NO,Maybe,MAYBE,MAYBE,TPDB_Y2024_filtered_VBS\Stroeder_15,True,YES,True,YES,True,MISSING,
svcomp_ex3a.c,YES,Failed,YES,MAYBE,MAYBE,TPDB_Y2024_filtered_VBS\Stroeder_15,False,YES,True,YES,True,MISSING,
svcomp_ex3b.c,YES,Failed,Maybe,MAYBE,MAYBE,TPDB_Y2024_filtered_VBS\Stroeder_15,False,YES,True,YES,True,YES,True
svcomp_fermat.c,YES,YES,YES,YES,MAYBE,TPDB_Y2024_filtered_VBS\Stroeder_15,True,YES,True,YES,True,YES,True
svcomp_flag.c,YES,YES,YES,YES,MAYBE,TPDB_Y2024_filtered_VBS\Stroeder_15,True,YES,True,YES,True,MISSING,
svcomp_java_AG313.c,YES,YES,YES,YES,YES,TPDB_Y2024_filtered_VBS\Stroeder_15,True,YES,True,YES,True,MISSING,
svcomp_java_Break.c,YES,YES,YES,YES,MAYBE,TPDB_Y2024_filtered_VBS\Stroeder_15,True,YES,True,YES,True,MISSING,
svcomp_java_Continue1.c,YES,YES,YES,YES,MAYBE,TPDB_Y2024_filtered_VBS\Stroeder_15,True,YES,True,YES,True,YES,True
svcomp_java_Nested.c,YES,YES,YES,YES,MAYBE,TPDB_Y2024_filtered_VBS\Stroeder_15,True,YES,True,YES,True,YES,True
svcomp_java_Sequence.c,YES,YES,YES,YES,MAYBE,TPDB_Y2024_filtered_VBS\Stroeder_15,True,YES,True,YES,True,Failed,False
Swingers.c,NO,NO,Maybe,MAYBE,MAYBE,TPDB_Y2024_filtered_VBS\Stroeder_15,True,NO,True,NO,True,MISSING,
TelAviv-Amir-Minimum_true-termination.c,YES,YES,Maybe,Failed,MAYBE,TPDB_Y2024_filtered_VBS\Stroeder_15,True,YES,True,YES,True,YES,True
Thun_true-termination.c,YES,YES,Maybe,YES,MAYBE,TPDB_Y2024_filtered_VBS\Stroeder_15,True,YES,True,YES,True,MISSING,
Toulouse-BranchesToLoop_true-termination.c,YES,Failed,Maybe,MAYBE,MAYBE,TPDB_Y2024_filtered_VBS\Stroeder_15,False,YES,True,YES,True,YES,True
Toulouse-MultiBranchesToLoop_true-termination.c,YES,Failed,Maybe,MAYBE,MAYBE,TPDB_Y2024_filtered_VBS\Stroeder_15,False,YES,True,YES,True,YES,True
TrueDiv.c,NO,NO,Maybe,NO,MAYBE,TPDB_Y2024_filtered_VBS\Stroeder_15,True,NO,True,NO,True,MISSING,
TwoFloatInterv.c,NO,NO,Maybe,NO,MAYBE,TPDB_Y2024_filtered_VBS\Stroeder_15,True,NO,True,NO,True,MISSING,
UpAndDown.c,NO,YES,Maybe,MAYBE,MAYBE,TPDB_Y2024_filtered_VBS\Stroeder_15,True,NO,True,Failed,False,MISSING,
UpAndDownIneq.c,NO,Failed,Maybe,MAYBE,MAYBE,TPDB_Y2024_filtered_VBS\Stroeder_15,False,NO,True,NO,True,MISSING,
Urban-WST2013-Fig1_false-termination.c,NO,NO,Maybe,NO,MAYBE,TPDB_Y2024_filtered_VBS\Stroeder_15,True,NO,True,NO,True,MISSING,
Urban-WST2013-Fig2-modified1000_true-termination.c,YES,YES,YES,YES,MAYBE,TPDB_Y2024_filtered_VBS\Stroeder_15,True,YES,True,YES,True,MISSING,
Urban-WST2013-Fig2_true-termination.c,YES,YES,YES,YES,MAYBE,TPDB_Y2024_filtered_VBS\Stroeder_15,True,YES,True,YES,True,YES,True
UrbanMine-ESOP2014-Fig3_true-termination.c,YES,YES,Maybe,Failed,MAYBE,TPDB_Y2024_filtered_VBS\Stroeder_15,True,Failed,False,YES,True,Failed,False
Velroyen_false-termination.c,NO,YES,Maybe,NO,MAYBE,TPDB_Y2024_filtered_VBS\Stroeder_15,True,NO,True,Failed,False,MISSING,
Waldkirch_true-termination.c,YES,YES,YES,YES,YES,TPDB_Y2024_filtered_VBS\Stroeder_15,True,YES,True,YES,True,MISSING,
WhileDecr.c,YES,YES,YES,YES,YES,TPDB_Y2024_filtered_VBS\Stroeder_15,True,YES,True,YES,True,MISSING,
WhileFalse_true-termination.c,YES,YES,Maybe,YES,YES,TPDB_Y2024_filtered_VBS\Stroeder_15,True,YES,True,YES,True,YES,True
WhileIncr.c,NO,NO,Maybe,NO,MAYBE,TPDB_Y2024_filtered_VBS\Stroeder_15,True,NO,True,NO,True,MISSING,
WhileIncrPart.c,NO,NO,Maybe,NO,MAYBE,TPDB_Y2024_filtered_VBS\Stroeder_15,True,NO,True,NO,True,MISSING,
WhileNested.c,NO,NO,Maybe,NO,MAYBE,TPDB_Y2024_filtered_VBS\Stroeder_15,True,NO,True,NO,True,MISSING,
WhileNestedOffset.c,NO,NO,Maybe,NO,MAYBE,TPDB_Y2024_filtered_VBS\Stroeder_15,True,NO,True,NO,True,MISSING,
WhilePart.c,NO,NO,Maybe,NO,MAYBE,TPDB_Y2024_filtered_VBS\Stroeder_15,True,NO,True,NO,True,MISSING,
WhileSingle.c,NO,NO,Maybe,NO,MAYBE,TPDB_Y2024_filtered_VBS\Stroeder_15,True,NO,True,NO,True,MISSING,
WhileTrue.c,NO,NO,Maybe,NO,MAYBE,TPDB_Y2024_filtered_VBS\Stroeder_15,True,NO,True,NO,True,MISSING,
WhileTrue_false-termination.c,NO,NO,Maybe,NO,MAYBE,TPDB_Y2024_filtered_VBS\Stroeder_15,True,NO,True,NO,True,MISSING,
asc_ll_search_last.c,YES,YES,Maybe,Failed,Failed,TPDB_Y2024_filtered_VBS\Hensel_22,True,YES,True,YES,True,YES,True
desc_ll_search-ptrdiff_existing.c,YES,YES,Failed,Failed,Failed,TPDB_Y2024_filtered_VBS\Hensel_22,True,YES,True,NO,True,YES,True
desc_ll_search_existing.c,YES,YES,Maybe,Failed,Failed,TPDB_Y2024_filtered_VBS\Hensel_22,True,YES,True,YES,True,YES,True
desc_ll_search_last.c,YES,Failed,Maybe,Failed,Failed,TPDB_Y2024_filtered_VBS\Hensel_22,False,YES,True,YES,True,YES,True
desc_ll_search_mod.c,YES,YES,Maybe,Failed,Failed,TPDB_Y2024_filtered_VBS\Hensel_22,True,YES,True,YES,True,YES,True
desc_ll_with_offset_search.c,YES,NO,Maybe,Failed,Failed,TPDB_Y2024_filtered_VBS\Hensel_22,True,YES,True,YES,True,MISSING,
nondet_ll_delete.c,YES,YES,Maybe,Failed,Failed,TPDB_Y2024_filtered_VBS\Hensel_22,True,YES,True,YES,True,MISSING,
nondet_ll_init.c,YES,YES,YES,Failed,Failed,TPDB_Y2024_filtered_VBS\Hensel_22,True,YES,True,YES,True,MISSING,
nondet_ll_init_rec.c,YES,YES,YES,Failed,Failed,TPDB_Y2024_filtered_VBS\Hensel_22,True,YES,True,YES,True,YES,True
nondet_ll_insert.c,YES,YES,Maybe,Failed,Failed,TPDB_Y2024_filtered_VBS\Hensel_22,True,YES,True,YES,True,Failed,False
nondet_ll_search_last_n.c,YES,NO,Maybe,Failed,Failed,TPDB_Y2024_filtered_VBS\Hensel_22,True,YES,True,Failed,False,MISSING,
nondet_ll_search_last_zero.c,YES,NO,Maybe,Failed,Failed,TPDB_Y2024_filtered_VBS\Hensel_22,True,YES,True,YES,True,MISSING,
nondet_ll_search_zero.c,YES,YES,Maybe,Failed,Failed,TPDB_Y2024_filtered_VBS\Hensel_22,True,YES,True,YES,True,YES,True
nondet_ll_skip.c,YES,YES,Maybe,Failed,Failed,TPDB_Y2024_filtered_VBS\Hensel_22,True,YES,True,YES,True,MISSING,
nondet_ll_traverse-ptrdiff.c,YES,Failed,Maybe,Failed,Failed,TPDB_Y2024_filtered_VBS\Hensel_22,False,YES,True,YES,True,YES,True
nondet_ll_traverse.c,YES,YES,Maybe,Failed,Failed,TPDB_Y2024_filtered_VBS\Hensel_22,True,YES,True,YES,True,MISSING,
nondet_ll_traverse_rec.c,YES,YES,YES,Failed,Failed,TPDB_Y2024_filtered_VBS\Hensel_22,True,YES,True,YES,True,YES,True
svcomp_a.01-alloca.c,YES,YES,Failed,Failed,Failed,TPDB_Y2024_filtered_VBS\AProVE_memory_alloca,True,YES,True,YES,True,MISSING,
svcomp_a.04-alloca.c,YES,YES,Failed,Failed,Failed,TPDB_Y2024_filtered_VBS\AProVE_memory_alloca,True,YES,True,YES,True,MISSING,
svcomp_a.05-alloca.c,YES,Failed,Failed,Failed,Failed,TPDB_Y2024_filtered_VBS\AProVE_memory_alloca,False,YES,True,YES,True,MISSING,
svcomp_a.06-alloca.c,YES,Failed,Failed,Failed,Failed,TPDB_Y2024_filtered_VBS\AProVE_memory_alloca,False,YES,True,YES,True,YES,True
svcomp_a.07-alloca.c,YES,YES,Failed,Failed,Failed,TPDB_Y2024_filtered_VBS\AProVE_memory_alloca,True,YES,True,YES,True,YES,True
svcomp_a.08-alloca.c,YES,NO,Failed,Failed,Failed,TPDB_Y2024_filtered_VBS\AProVE_memory_alloca,True,YES,True,YES,True,MISSING,
svcomp_a.09_assume-alloca.c,YES,NO,Failed,Failed,Failed,TPDB_Y2024_filtered_VBS\AProVE_memory_alloca,True,YES,True,YES,True,YES,True
svcomp_a.10-alloca.c,YES,YES,Failed,Failed,Failed,TPDB_Y2024_filtered_VBS\AProVE_memory_alloca,True,YES,True,YES,True,YES,True
svcomp_array01_alloca.c,YES,YES,Failed,Failed,Failed,TPDB_Y2024_filtered_VBS\AProVE_memory_alloca,True,YES,True,YES,True,YES,True
svcomp_array02_alloca.c,YES,YES,Failed,Failed,Failed,TPDB_Y2024_filtered_VBS\AProVE_memory_alloca,True,YES,True,YES,True,YES,True
svcomp_array03_alloca.c,YES,YES,Failed,Failed,Failed,TPDB_Y2024_filtered_VBS\AProVE_memory_alloca,True,YES,True,YES,True,YES,True
svcomp_Avery-2006FLOPS-Tabel1_true-alloca.c,YES,YES,Failed,Failed,Failed,TPDB_Y2024_filtered_VBS\AProVE_memory_alloca,True,YES,True,YES,True,YES,True
svcomp_aviad_true-alloca.c,YES,YES,Failed,Failed,Failed,TPDB_Y2024_filtered_VBS\AProVE_memory_alloca,True,YES,True,YES,True,YES,True
svcomp_b.01-alloca.c,YES,YES,Failed,Failed,Failed,TPDB_Y2024_filtered_VBS\AProVE_memory_alloca,True,YES,True,YES,True,YES,True
svcomp_b.02-alloca.c,YES,YES,Failed,Failed,Failed,TPDB_Y2024_filtered_VBS\AProVE_memory_alloca,True,YES,True,YES,True,YES,True
svcomp_b.03-no-inv_assume-alloca.c,YES,NO,Failed,Failed,Failed,TPDB_Y2024_filtered_VBS\AProVE_memory_alloca,True,YES,True,YES,True,MISSING,
svcomp_b.03_assume-alloca.c,YES,NO,Failed,Failed,Failed,TPDB_Y2024_filtered_VBS\AProVE_memory_alloca,True,YES,True,YES,True,MISSING,
svcomp_b.04-alloca.c,YES,YES,Failed,Failed,Failed,TPDB_Y2024_filtered_VBS\AProVE_memory_alloca,True,YES,True,YES,True,YES,True
svcomp_b.05-alloca.c,YES,Failed,Failed,Failed,Failed,TPDB_Y2024_filtered_VBS\AProVE_memory_alloca,False,YES,True,YES,True,MISSING,
svcomp_b.06-alloca.c,YES,YES,Failed,Failed,Failed,TPDB_Y2024_filtered_VBS\AProVE_memory_alloca,True,YES,True,YES,True,YES,True
svcomp_b.07-alloca.c,YES,YES,Failed,Failed,Failed,TPDB_Y2024_filtered_VBS\AProVE_memory_alloca,True,YES,True,YES,True,YES,True
svcomp_b.09-no-inv_assume-alloca.c,YES,YES,Failed,Failed,Failed,TPDB_Y2024_filtered_VBS\AProVE_memory_alloca,True,YES,True,YES,True,Failed,False
svcomp_b.09_assume-alloca.c,YES,YES,Failed,Failed,Failed,TPDB_Y2024_filtered_VBS\AProVE_memory_alloca,True,YES,True,YES,True,YES,True
svcomp_b.10-alloca.c,YES,YES,Failed,Failed,Failed,TPDB_Y2024_filtered_VBS\AProVE_memory_alloca,True,YES,True,YES,True,MISSING,
svcomp_b.11-alloca.c,YES,YES,Failed,Failed,Failed,TPDB_Y2024_filtered_VBS\AProVE_memory_alloca,True,YES,True,YES,True,YES,True
svcomp_b.12-alloca.c,YES,YES,Failed,Failed,Failed,TPDB_Y2024_filtered_VBS\AProVE_memory_alloca,True,YES,True,YES,True,MISSING,
svcomp_b.13-alloca.c,YES,YES,Failed,Failed,Failed,TPDB_Y2024_filtered_VBS\AProVE_memory_alloca,True,YES,True,YES,True,YES,True
svcomp_b.14-alloca.c,YES,YES,Failed,Failed,Failed,TPDB_Y2024_filtered_VBS\AProVE_memory_alloca,True,YES,True,YES,True,YES,True
svcomp_b.15-alloca.c,YES,YES,Failed,Failed,Failed,TPDB_Y2024_filtered_VBS\AProVE_memory_alloca,True,YES,True,YES,True,MISSING,
svcomp_b.16-alloca.c,YES,YES,Failed,Failed,Failed,TPDB_Y2024_filtered_VBS\AProVE_memory_alloca,True,YES,True,YES,True,YES,True
svcomp_b.17-alloca.c,YES,YES,Failed,Failed,Failed,TPDB_Y2024_filtered_VBS\AProVE_memory_alloca,True,YES,True,YES,True,MISSING,
svcomp_b.18-alloca.c,YES,YES,Failed,Failed,Failed,TPDB_Y2024_filtered_VBS\AProVE_memory_alloca,True,YES,True,YES,True,YES,True
svcomp_Ben-Amram-2010LMCS-Ex2.3_true-alloca.c,YES,YES,Failed,Failed,Failed,TPDB_Y2024_filtered_VBS\AProVE_memory_alloca,True,YES,True,YES,True,YES,True
svcomp_BradleyMannaSipma-2005CAV-Fig1-modified_false-termination.c,NO,NO,Failed,Failed,Failed,TPDB_Y2024_filtered_VBS\AProVE_memory_alloca,True,NO,True,NO,True,MISSING,
svcomp_BradleyMannaSipma-2005ICALP-Fig1_true-alloca.c,NO,YES,Failed,Failed,Failed,TPDB_Y2024_filtered_VBS\AProVE_memory_alloca,True,YES,True,YES,True,MISSING,
svcomp_BrockschmidtCookFuhs-2013CAV-Fig1_true-alloca.c,YES,YES,Failed,Failed,Failed,TPDB_Y2024_filtered_VBS\AProVE_memory_alloca,True,YES,True,YES,True,YES,True
svcomp_BrockschmidtCookFuhs-2013CAV-Introduction_true-alloca.c,YES,NO,Failed,Failed,Failed,TPDB_Y2024_filtered_VBS\AProVE_memory_alloca,True,YES,True,Failed,False,YES,True
svcomp_bubblesort_alloca.c,YES,YES,Failed,Failed,Failed,TPDB_Y2024_filtered_VBS\AProVE_memory_alloca,True,YES,True,YES,True,YES,True
svcomp_c.01-no-inv-alloca.c,YES,YES,Failed,Failed,Failed,TPDB_Y2024_filtered_VBS\AProVE_memory_alloca,True,YES,True,YES,True,YES,True
svcomp_c.01_assume-alloca.c,YES,YES,Failed,Failed,Failed,TPDB_Y2024_filtered_VBS\AProVE_memory_alloca,True,YES,True,YES,True,MISSING,
svcomp_c.02-alloca.c,YES,NO,Failed,Failed,Failed,TPDB_Y2024_filtered_VBS\AProVE_memory_alloca,True,YES,True,YES,True,YES,True
svcomp_c.03-alloca.c,YES,YES,Failed,Failed,Failed,TPDB_Y2024_filtered_VBS\AProVE_memory_alloca,True,YES,True,YES,True,MISSING,
svcomp_c.07-alloca.c,YES,Failed,Failed,Failed,Failed,TPDB_Y2024_filtered_VBS\AProVE_memory_alloca,False,YES,True,YES,True,MISSING,
svcomp_c.08-alloca.c,YES,YES,Failed,Failed,Failed,TPDB_Y2024_filtered_VBS\AProVE_memory_alloca,True,YES,True,YES,True,MISSING,
svcomp_ChenFlurMukhopadhyay-2012SAS-Fig1_true-alloca.c,YES,NO,Failed,Failed,Failed,TPDB_Y2024_filtered_VBS\AProVE_memory_alloca,True,YES,True,YES,True,MISSING,
svcomp_CookSeeZuleger-2013TACAS-Fig3_true-alloca.c,YES,Failed,Failed,Failed,Failed,TPDB_Y2024_filtered_VBS\AProVE_memory_alloca,False,YES,True,YES,True,MISSING,
svcomp_CookSeeZuleger-2013TACAS-Fig7a_true-alloca.c,YES,Failed,Failed,Failed,Failed,TPDB_Y2024_filtered_VBS\AProVE_memory_alloca,False,YES,True,YES,True,MISSING,
svcomp_CookSeeZuleger-2013TACAS-Fig7b_true-alloca.c,YES,Failed,Failed,Failed,Failed,TPDB_Y2024_filtered_VBS\AProVE_memory_alloca,False,Failed,False,NO,True,Failed,False
svcomp_count_down_alloca.c,YES,YES,Failed,Failed,Failed,TPDB_Y2024_filtered_VBS\AProVE_memory_alloca,True,YES,True,YES,True,YES,True
svcomp_cstrchr_true_alloca.c,YES,YES,Failed,Failed,Failed,TPDB_Y2024_filtered_VBS\AProVE_memory_alloca,True,YES,True,YES,True,YES,True
svcomp_cstrcmp_true_alloca.c,YES,YES,Failed,Failed,Failed,TPDB_Y2024_filtered_VBS\AProVE_memory_alloca,True,YES,True,YES,True,MISSING,
svcomp_cstrcpy_alloca.c,YES,YES,Failed,Failed,Failed,TPDB_Y2024_filtered_VBS\AProVE_memory_alloca,True,YES,True,YES,True,YES,True
svcomp_cstrcspn_true_alloca.c,YES,YES,Failed,Failed,Failed,TPDB_Y2024_filtered_VBS\AProVE_memory_alloca,True,YES,True,YES,True,Failed,False
svcomp_cstrlen_true_alloca.c,YES,YES,Failed,Failed,Failed,TPDB_Y2024_filtered_VBS\AProVE_memory_alloca,True,YES,True,YES,True,YES,True
svcomp_cstrncmp_true_alloca.c,YES,YES,Failed,Failed,Failed,TPDB_Y2024_filtered_VBS\AProVE_memory_alloca,True,YES,True,YES,True,MISSING,
svcomp_cstrncpy_alloca.c,YES,YES,Failed,Failed,Failed,TPDB_Y2024_filtered_VBS\AProVE_memory_alloca,True,YES,True,YES,True,Failed,False
svcomp_cstrpbrk_true_alloca.c,YES,YES,Failed,Failed,Failed,TPDB_Y2024_filtered_VBS\AProVE_memory_alloca,True,YES,True,YES,True,MISSING,
svcomp_cstrspn_true_alloca.c,YES,YES,Failed,Failed,Failed,TPDB_Y2024_filtered_VBS\AProVE_memory_alloca,True,Failed,False,YES,True,YES,True
svcomp_diff_alloca.c,YES,YES,Failed,Failed,Failed,TPDB_Y2024_filtered_VBS\AProVE_memory_alloca,True,YES,True,YES,True,YES,True
svcomp_easySum-alloca.c,YES,YES,Failed,Failed,Failed,TPDB_Y2024_filtered_VBS\AProVE_memory_alloca,True,YES,True,YES,True,YES,True
svcomp_ex1-alloca.c,YES,YES,Failed,Failed,Failed,TPDB_Y2024_filtered_VBS\AProVE_memory_alloca,True,YES,True,YES,True,YES,True
svcomp_ex3a-alloca.c,YES,YES,Failed,Failed,Failed,TPDB_Y2024_filtered_VBS\AProVE_memory_alloca,True,YES,True,YES,True,MISSING,
svcomp_ex3b-alloca.c,YES,Failed,Failed,Failed,Failed,TPDB_Y2024_filtered_VBS\AProVE_memory_alloca,False,YES,True,YES,True,Failed,False
svcomp_fermat-alloca.c,YES,YES,Failed,Failed,Failed,TPDB_Y2024_filtered_VBS\AProVE_memory_alloca,True,YES,True,YES,True,YES,True
svcomp_flag-alloca.c,YES,NO,Failed,Failed,Failed,TPDB_Y2024_filtered_VBS\AProVE_memory_alloca,True,YES,True,YES,True,YES,True
svcomp_gcd1_true-alloca.c,YES,YES,Failed,Failed,Failed,TPDB_Y2024_filtered_VBS\AProVE_memory_alloca,True,YES,True,YES,True,MISSING,
svcomp_genady_true-alloca.c,YES,Failed,Failed,Failed,Failed,TPDB_Y2024_filtered_VBS\AProVE_memory_alloca,False,YES,True,YES,True,YES,True
svcomp_GulwaniJainKoskinen-2009PLDI-Fig1_true-alloca.c,YES,NO,Failed,Failed,Failed,TPDB_Y2024_filtered_VBS\AProVE_memory_alloca,True,YES,True,YES,True,YES,True
svcomp_HarrisLalNoriRajamani-2010SAS-Fig1_true-alloca.c,YES,YES,Failed,Failed,Failed,TPDB_Y2024_filtered_VBS\AProVE_memory_alloca,True,YES,True,YES,True,YES,True
svcomp_HarrisLalNoriRajamani-2010SAS-Fig2_false-unreach-label-termination-alloca.c,NO,NO,Failed,Failed,Failed,TPDB_Y2024_filtered_VBS\AProVE_memory_alloca,True,NO,True,Failed,False,MISSING,
svcomp_HarrisLalNoriRajamani-2010SAS-Fig3_true-alloca.c,YES,YES,Failed,Failed,Failed,TPDB_Y2024_filtered_VBS\AProVE_memory_alloca,True,YES,True,YES,True,YES,True
svcomp_insertionsort_alloca.c,YES,YES,Failed,Failed,Failed,TPDB_Y2024_filtered_VBS\AProVE_memory_alloca,True,YES,True,YES,True,YES,True
svcomp_java_AG313-alloca.c,YES,YES,Failed,Failed,Failed,TPDB_Y2024_filtered_VBS\AProVE_memory_alloca,True,YES,True,Failed,False,YES,True
svcomp_java_Break-alloca.c,YES,YES,Failed,Failed,Failed,TPDB_Y2024_filtered_VBS\AProVE_memory_alloca,True,YES,True,YES,True,YES,True
svcomp_java_BubbleSort_alloca.c,YES,YES,Failed,Failed,Failed,TPDB_Y2024_filtered_VBS\AProVE_memory_alloca,True,YES,True,YES,True,Failed,False
svcomp_java_Continue1-alloca.c,YES,YES,Failed,Failed,Failed,TPDB_Y2024_filtered_VBS\AProVE_memory_alloca,True,YES,True,YES,True,YES,True
svcomp_java_LogBuiltIn-alloca.c,YES,YES,Failed,Failed,Failed,TPDB_Y2024_filtered_VBS\AProVE_memory_alloca,True,YES,True,YES,True,YES,True
svcomp_java_Nested-alloca.c,YES,YES,Failed,Failed,Failed,TPDB_Y2024_filtered_VBS\AProVE_memory_alloca,True,YES,True,YES,True,Failed,False
svcomp_java_Sequence-alloca.c,YES,YES,Failed,Failed,Failed,TPDB_Y2024_filtered_VBS\AProVE_memory_alloca,True,YES,True,YES,True,Failed,False
svcomp_KroeningSharyginaTsitovichWintersteiger-2010CAV-Fig1_true-alloca.c,YES,YES,Failed,Failed,Failed,TPDB_Y2024_filtered_VBS\AProVE_memory_alloca,True,YES,True,YES,True,YES,True
svcomp_LarrazOliverasRodriguez-CarbonellRubio-2013FMCAD-Fig1_true-alloca.c,YES,Failed,Failed,Failed,Failed,TPDB_Y2024_filtered_VBS\AProVE_memory_alloca,False,Failed,False,Failed,False,MISSING,
svcomp_lis_alloca.c,YES,YES,Failed,Failed,Failed,TPDB_Y2024_filtered_VBS\AProVE_memory_alloca,True,YES,True,YES,True,YES,True
svcomp_min_rf_true-alloca.c,YES,NO,Failed,Failed,Failed,TPDB_Y2024_filtered_VBS\AProVE_memory_alloca,True,YES,True,YES,True,YES,True
svcomp_mult_array_alloca.c,YES,YES,Failed,Failed,Failed,TPDB_Y2024_filtered_VBS\AProVE_memory_alloca,True,YES,True,Failed,False,YES,True
svcomp_NoriSharma-2013FSE-Fig7_true-alloca.c,YES,Failed,Failed,Failed,Failed,TPDB_Y2024_filtered_VBS\AProVE_memory_alloca,False,YES,True,YES,True,MISSING,
svcomp_NoriSharma-2013FSE-Fig8_true-alloca.c,YES,NO,Failed,Failed,Failed,TPDB_Y2024_filtered_VBS\AProVE_memory_alloca,True,YES,True,YES,True,Failed,False
svcomp_openbsd_cbzero_alloca.c,YES,YES,Failed,Failed,Failed,TPDB_Y2024_filtered_VBS\AProVE_memory_alloca,True,YES,True,YES,True,YES,True
svcomp_openbsd_cmemchr_alloca.c,YES,YES,Failed,Failed,Failed,TPDB_Y2024_filtered_VBS\AProVE_memory_alloca,True,YES,True,YES,True,YES,True
svcomp_openbsd_cmemset_alloca.c,YES,YES,Failed,Failed,Failed,TPDB_Y2024_filtered_VBS\AProVE_memory_alloca,True,YES,True,YES,True,MISSING,
svcomp_openbsd_cstpcpy_alloca.c,YES,YES,Failed,Failed,Failed,TPDB_Y2024_filtered_VBS\AProVE_memory_alloca,True,YES,True,YES,True,YES,True
svcomp_openbsd_cstpncpy_alloca.c,YES,YES,Failed,Failed,Failed,TPDB_Y2024_filtered_VBS\AProVE_memory_alloca,True,YES,True,YES,True,MISSING,
svcomp_openbsd_cstrcmp_alloca.c,YES,YES,Failed,Failed,Failed,TPDB_Y2024_filtered_VBS\AProVE_memory_alloca,True,YES,True,YES,True,MISSING,
svcomp_openbsd_cstrcpy_alloca.c,YES,YES,Failed,Failed,Failed,TPDB_Y2024_filtered_VBS\AProVE_memory_alloca,True,YES,True,YES,True,Failed,False
svcomp_openbsd_cstrlcpy_alloca.c,YES,YES,Failed,Failed,Failed,TPDB_Y2024_filtered_VBS\AProVE_memory_alloca,True,YES,True,YES,True,YES,True
svcomp_openbsd_cstrlen_alloca.c,YES,YES,Failed,Failed,Failed,TPDB_Y2024_filtered_VBS\AProVE_memory_alloca,True,YES,True,YES,True,MISSING,
svcomp_openbsd_cstrncmp_alloca.c,YES,YES,Failed,Failed,Failed,TPDB_Y2024_filtered_VBS\AProVE_memory_alloca,True,YES,True,YES,True,YES,True
svcomp_openbsd_cstrncpy_alloca.c,YES,YES,Failed,Failed,Failed,TPDB_Y2024_filtered_VBS\AProVE_memory_alloca,True,YES,True,YES,True,YES,True
svcomp_openbsd_cstrnlen_alloca.c,YES,YES,Failed,Failed,Failed,TPDB_Y2024_filtered_VBS\AProVE_memory_alloca,True,YES,True,YES,True,YES,True
svcomp_openbsd_cstrpbrk_alloca.c,YES,YES,Failed,Failed,Failed,TPDB_Y2024_filtered_VBS\AProVE_memory_alloca,True,YES,True,YES,True,YES,True
svcomp_openbsd_cstrspn_alloca.c,YES,YES,Failed,Failed,Failed,TPDB_Y2024_filtered_VBS\AProVE_memory_alloca,True,YES,True,YES,True,NO,True
svcomp_openbsd_cstrstr_alloca.c,YES,YES,Failed,Failed,Failed,TPDB_Y2024_filtered_VBS\AProVE_memory_alloca,True,YES,True,YES,True,MISSING,
svcomp_PodelskiRybalchenko-2004VMCAI-Ex2_true-alloca.c,NO,NO,Failed,Failed,Failed,TPDB_Y2024_filtered_VBS\AProVE_memory_alloca,True,NO,True,NO,True,MISSING,
svcomp_selectionsort_alloca.c,YES,YES,Failed,Failed,Failed,TPDB_Y2024_filtered_VBS\AProVE_memory_alloca,True,YES,True,YES,True,YES,True
svcomp_stroeder1_alloca.c,YES,YES,Failed,Failed,Failed,TPDB_Y2024_filtered_VBS\AProVE_memory_alloca,True,YES,True,YES,True,MISSING,
svcomp_stroeder2_alloca.c,YES,Failed,Failed,Failed,Failed,TPDB_Y2024_filtered_VBS\AProVE_memory_alloca,False,YES,True,YES,True,MISSING,
svcomp_strreplace_alloca.c,YES,YES,Failed,Failed,Failed,TPDB_Y2024_filtered_VBS\AProVE_memory_alloca,True,YES,True,YES,True,Failed,False
svcomp_subseq_alloca.c,YES,YES,Failed,Failed,Failed,TPDB_Y2024_filtered_VBS\AProVE_memory_alloca,True,YES,True,YES,True,YES,True
svcomp_substring_alloca.c,YES,YES,Failed,Failed,Failed,TPDB_Y2024_filtered_VBS\AProVE_memory_alloca,True,YES,True,YES,True,MISSING,
svcomp_Toulouse-BranchesToLoop_true-alloca.c,YES,NO,Failed,Failed,Failed,TPDB_Y2024_filtered_VBS\AProVE_memory_alloca,True,YES,True,YES,True,YES,True
svcomp_Toulouse-MultiBranchesToLoop_true-alloca.c,YES,NO,Failed,Failed,Failed,TPDB_Y2024_filtered_VBS\AProVE_memory_alloca,True,YES,True,Failed,False,MISSING,
svcomp_twisted-alloca.c,YES,NO,Failed,Failed,Failed,TPDB_Y2024_filtered_VBS\AProVE_memory_alloca,True,YES,True,YES,True,YES,True
svcomp_Urban-2013WST-Fig1_false-unreach-label-termination-alloca.c,NO,NO,Failed,Failed,Failed,TPDB_Y2024_filtered_VBS\AProVE_memory_alloca,True,NO,True,NO,True,MISSING,
svcomp_Urban-2013WST-Fig2-modified1000_true-alloca.c,YES,YES,Failed,Failed,Failed,TPDB_Y2024_filtered_VBS\AProVE_memory_alloca,True,YES,True,YES,True,MISSING,
svcomp_Urban-2013WST-Fig2_true-alloca.c,YES,YES,Failed,Failed,Failed,TPDB_Y2024_filtered_VBS\AProVE_memory_alloca,True,YES,True,YES,True,YES,True
svcomp_Urban_true-alloca.c,YES,NO,Failed,Failed,Failed,TPDB_Y2024_filtered_VBS\AProVE_memory_alloca,True,Failed,False,NO,True,MISSING,
svcomp_Velroyen_false-unreach-label-termination-alloca.c,NO,YES,Failed,Failed,Failed,TPDB_Y2024_filtered_VBS\AProVE_memory_alloca,True,NO,True,NO,True,MISSING,
aaron2_true-termination.c,YES,Failed,Maybe,YES,YES,TPDB_Y2024_filtered_VBS\SV-COMP_Termination_Category,False,YES,True,YES,True,YES,True
aaron3_true-termination.c,YES,YES,Maybe,Failed,Failed,TPDB_Y2024_filtered_VBS\SV-COMP_Termination_Category,True,YES,True,YES,True,MISSING,
AliasDarteFeautrierGonnord-SAS2010-counterex1a_true-termination.c,YES,YES,Maybe,Failed,MAYBE,TPDB_Y2024_filtered_VBS\SV-COMP_Termination_Category,True,YES,True,YES,True,MISSING,
AliasDarteFeautrierGonnord-SAS2010-counterex1b_true-termination.c,YES,YES,Maybe,YES,MAYBE,TPDB_Y2024_filtered_VBS\SV-COMP_Termination_Category,True,YES,True,YES,True,YES,True
AliasDarteFeautrierGonnord-SAS2010-cousot9_true-termination.c,YES,YES,YES,YES,MAYBE,TPDB_Y2024_filtered_VBS\SV-COMP_Termination_Category,True,YES,True,YES,True,MISSING,
AliasDarteFeautrierGonnord-SAS2010-Fig1_true-termination.c,YES,YES,Maybe,YES,MAYBE,TPDB_Y2024_filtered_VBS\SV-COMP_Termination_Category,True,YES,True,NO,True,YES,True
AliasDarteFeautrierGonnord-SAS2010-Fig2a_true-termination.c,YES,YES,YES,YES,MAYBE,TPDB_Y2024_filtered_VBS\SV-COMP_Termination_Category,True,YES,True,YES,True,YES,True
AliasDarteFeautrierGonnord-SAS2010-Fig2b_true-termination.c,YES,YES,Maybe,YES,MAYBE,TPDB_Y2024_filtered_VBS\SV-COMP_Termination_Category,True,YES,True,YES,True,MISSING,
AliasDarteFeautrierGonnord-SAS2010-ndecr_true-termination.c,YES,YES,YES,YES,YES,TPDB_Y2024_filtered_VBS\SV-COMP_Termination_Category,True,YES,True,YES,True,YES,True
AliasDarteFeautrierGonnord-SAS2010-nestedLoop_true-termination.c,YES,YES,Maybe,YES,MAYBE,TPDB_Y2024_filtered_VBS\SV-COMP_Termination_Category,True,YES,True,YES,True,NO,True
AliasDarteFeautrierGonnord-SAS2010-random1d_true-termination.c,YES,YES,Maybe,YES,YES,TPDB_Y2024_filtered_VBS\SV-COMP_Termination_Category,True,YES,True,YES,True,YES,True
AliasDarteFeautrierGonnord-SAS2010-rsd_true-termination.c,YES,YES,Maybe,YES,MAYBE,TPDB_Y2024_filtered_VBS\SV-COMP_Termination_Category,True,YES,True,YES,True,YES,True
AliasDarteFeautrierGonnord-SAS2010-speedpldi2_true-termination.c,YES,YES,YES,YES,YES,TPDB_Y2024_filtered_VBS\SV-COMP_Termination_Category,True,YES,True,YES,True,MISSING,
AliasDarteFeautrierGonnord-SAS2010-speedpldi3_true-termination.c,YES,YES,YES,YES,MAYBE,TPDB_Y2024_filtered_VBS\SV-COMP_Termination_Category,True,YES,True,YES,True,YES,True
AliasDarteFeautrierGonnord-SAS2010-speedpldi4_true-termination.c,YES,YES,YES,YES,MAYBE,TPDB_Y2024_filtered_VBS\SV-COMP_Termination_Category,True,YES,True,YES,True,YES,True
AliasDarteFeautrierGonnord-SAS2010-terminate_true-termination.c,YES,YES,YES,YES,YES,TPDB_Y2024_filtered_VBS\SV-COMP_Termination_Category,True,YES,True,YES,True,MISSING,
AliasDarteFeautrierGonnord-SAS2010-wcet2_true-termination.c,YES,YES,YES,YES,MAYBE,TPDB_Y2024_filtered_VBS\SV-COMP_Termination_Category,True,YES,True,YES,True,YES,True
AliasDarteFeautrierGonnord-SAS2010-while2_true-termination.c,YES,YES,YES,YES,MAYBE,TPDB_Y2024_filtered_VBS\SV-COMP_Termination_Category,True,YES,True,YES,True,MISSING,
AliasDarteFeautrierGonnord-SAS2010-wise_true-termination.c,YES,YES,YES,YES,MAYBE,TPDB_Y2024_filtered_VBS\SV-COMP_Termination_Category,True,YES,True,YES,True,YES,True
Avery-FLOPS2006-Table1_true-termination.c,YES,YES,YES,YES,YES,TPDB_Y2024_filtered_VBS\SV-COMP_Termination_Category,True,YES,True,YES,True,YES,True
aviad_true-termination.c,YES,YES,YES,YES,YES,TPDB_Y2024_filtered_VBS\SV-COMP_Termination_Category,True,YES,True,YES,True,YES,True
BradleyMannaSipma-CAV2005-Fig1-modified_false-termination.c,NO,Failed,Maybe,NO,MAYBE,TPDB_Y2024_filtered_VBS\SV-COMP_Termination_Category,False,NO,True,NO,True,MISSING,
BradleyMannaSipma-CAV2005-Fig1_true-termination.c,YES,YES,YES,MAYBE,MAYBE,TPDB_Y2024_filtered_VBS\SV-COMP_Termination_Category,True,YES,True,YES,True,YES,True
BradleyMannaSipma-ICALP2005-Fig1_true-termination.c,YES,YES,Maybe,YES,MAYBE,TPDB_Y2024_filtered_VBS\SV-COMP_Termination_Category,True,YES,True,YES,True,NO,True
ChawdharyCookGulwaniSagivYang-ESOP2008-aaron12_true-termination.c,MAYBE,NO,Maybe,MAYBE,MAYBE,TPDB_Y2024_filtered_VBS\SV-COMP_Termination_Category,True,Failed,False,Failed,False,YES,True
ChawdharyCookGulwaniSagivYang-ESOP2008-aaron1_true-termination.c,YES,YES,Maybe,Failed,MAYBE,TPDB_Y2024_filtered_VBS\SV-COMP_Termination_Category,True,YES,True,YES,True,YES,True
ChawdharyCookGulwaniSagivYang-ESOP2008-aaron4_true-termination.c,YES,Failed,Maybe,Failed,MAYBE,TPDB_Y2024_filtered_VBS\SV-COMP_Termination_Category,False,YES,True,YES,True,NO,True
ChawdharyCookGulwaniSagivYang-ESOP2008-aaron6_true-termination.c,YES,NO,Maybe,YES,MAYBE,TPDB_Y2024_filtered_VBS\SV-COMP_Termination_Category,True,YES,True,YES,True,Failed,False
ChawdharyCookGulwaniSagivYang-ESOP2008-random1d_true-termination.c,YES,YES,Maybe,YES,YES,TPDB_Y2024_filtered_VBS\SV-COMP_Termination_Category,True,YES,True,YES,True,YES,True
ChenFlurMukhopadhyay-SAS2012-Ex1.02_true-termination.c,YES,YES,YES,YES,YES,TPDB_Y2024_filtered_VBS\SV-COMP_Termination_Category,True,YES,True,YES,True,YES,True
ChenFlurMukhopadhyay-SAS2012-Ex1.03_true-termination.c,YES,YES,Maybe,YES,YES,TPDB_Y2024_filtered_VBS\SV-COMP_Termination_Category,True,YES,True,YES,True,Failed,False
ChenFlurMukhopadhyay-SAS2012-Ex1.04_true-termination.c,YES,YES,Maybe,YES,YES,TPDB_Y2024_filtered_VBS\SV-COMP_Termination_Category,True,YES,True,YES,True,YES,True
ChenFlurMukhopadhyay-SAS2012-Ex1.05_true-termination.c,YES,YES,Maybe,YES,YES,TPDB_Y2024_filtered_VBS\SV-COMP_Termination_Category,True,YES,True,YES,True,YES,True
ChenFlurMukhopadhyay-SAS2012-Ex2.01_true-termination.c,YES,YES,Maybe,YES,MAYBE,TPDB_Y2024_filtered_VBS\SV-COMP_Termination_Category,True,YES,True,YES,True,MISSING,
ChenFlurMukhopadhyay-SAS2012-Ex2.02_false-termination.c,NO,NO,Maybe,NO,MAYBE,TPDB_Y2024_filtered_VBS\SV-COMP_Termination_Category,True,NO,True,NO,True,MISSING,
ChenFlurMukhopadhyay-SAS2012-Ex2.05_false-termination.c,NO,NO,Maybe,NO,MAYBE,TPDB_Y2024_filtered_VBS\SV-COMP_Termination_Category,True,NO,True,NO,True,MISSING,
ChenFlurMukhopadhyay-SAS2012-Ex2.07_true-termination.c,YES,YES,Maybe,YES,MAYBE,TPDB_Y2024_filtered_VBS\SV-COMP_Termination_Category,True,YES,True,YES,True,MISSING,
ChenFlurMukhopadhyay-SAS2012-Ex2.08_true-termination.c,YES,YES,Maybe,YES,MAYBE,TPDB_Y2024_filtered_VBS\SV-COMP_Termination_Category,True,YES,True,YES,True,YES,True
ChenFlurMukhopadhyay-SAS2012-Ex2.10_true-termination.c,YES,YES,YES,YES,YES,TPDB_Y2024_filtered_VBS\SV-COMP_Termination_Category,True,YES,True,YES,True,YES,True
ChenFlurMukhopadhyay-SAS2012-Ex2.13_true-termination.c,YES,YES,Maybe,YES,MAYBE,TPDB_Y2024_filtered_VBS\SV-COMP_Termination_Category,True,YES,True,YES,True,YES,True
ChenFlurMukhopadhyay-SAS2012-Ex2.16_true-termination.c,YES,YES,Maybe,YES,MAYBE,TPDB_Y2024_filtered_VBS\SV-COMP_Termination_Category,True,YES,True,YES,True,YES,True
ChenFlurMukhopadhyay-SAS2012-Ex2.17_false-termination.c,NO,NO,Maybe,NO,MAYBE,TPDB_Y2024_filtered_VBS\SV-COMP_Termination_Category,True,NO,True,NO,True,MISSING,
ChenFlurMukhopadhyay-SAS2012-Ex2.20_true-termination.c,YES,YES,YES,YES,YES,TPDB_Y2024_filtered_VBS\SV-COMP_Termination_Category,True,YES,True,YES,True,YES,True
ChenFlurMukhopadhyay-SAS2012-Ex2.22_true-termination.c,YES,YES,YES,YES,MAYBE,TPDB_Y2024_filtered_VBS\SV-COMP_Termination_Category,True,YES,True,YES,True,MISSING,
ChenFlurMukhopadhyay-SAS2012-Ex3.01_true-termination.c,YES,NO,YES,YES,MAYBE,TPDB_Y2024_filtered_VBS\SV-COMP_Termination_Category,True,YES,True,YES,True,MISSING,
ChenFlurMukhopadhyay-SAS2012-Ex3.03_true-termination.c,YES,YES,Maybe,YES,MAYBE,TPDB_Y2024_filtered_VBS\SV-COMP_Termination_Category,True,YES,True,YES,True,MISSING,
ChenFlurMukhopadhyay-SAS2012-Ex3.04_true-termination.c,YES,YES,Maybe,YES,MAYBE,TPDB_Y2024_filtered_VBS\SV-COMP_Termination_Category,True,YES,True,YES,True,MISSING,
ChenFlurMukhopadhyay-SAS2012-Ex3.05_true-termination.c,YES,YES,Maybe,YES,MAYBE,TPDB_Y2024_filtered_VBS\SV-COMP_Termination_Category,True,YES,True,YES,True,Failed,False
ChenFlurMukhopadhyay-SAS2012-Ex3.08_true-termination.c,YES,YES,Maybe,YES,MAYBE,TPDB_Y2024_filtered_VBS\SV-COMP_Termination_Category,True,YES,True,YES,True,Failed,False
ChenFlurMukhopadhyay-SAS2012-Ex3.09_true-termination.c,YES,YES,Maybe,YES,MAYBE,TPDB_Y2024_filtered_VBS\SV-COMP_Termination_Category,True,YES,True,YES,True,YES,True
ChenFlurMukhopadhyay-SAS2012-Ex4.01_true-termination.c,YES,YES,Maybe,YES,MAYBE,TPDB_Y2024_filtered_VBS\SV-COMP_Termination_Category,True,YES,True,YES,True,YES,True
CookSeeZuleger-TACAS2013-Fig1_true-termination.c,YES,YES,YES,YES,MAYBE,TPDB_Y2024_filtered_VBS\SV-COMP_Termination_Category,True,YES,True,YES,True,MISSING,
CookSeeZuleger-TACAS2013-Fig7a_true-termination.c,YES,YES,YES,YES,MAYBE,TPDB_Y2024_filtered_VBS\SV-COMP_Termination_Category,True,YES,True,YES,True,MISSING,
CookSeeZuleger-TACAS2013-Fig7b_true-termination.c,YES,YES,YES,YES,MAYBE,TPDB_Y2024_filtered_VBS\SV-COMP_Termination_Category,True,YES,True,YES,True,YES,True
gcd1_true-termination.c,YES,YES,YES,YES,MAYBE,TPDB_Y2024_filtered_VBS\SV-COMP_Termination_Category,True,YES,True,YES,True,MISSING,
genady_true-termination.c,YES,YES,YES,YES,MAYBE,TPDB_Y2024_filtered_VBS\SV-COMP_Termination_Category,True,YES,True,YES,True,YES,True
GopanReps-CAV2006-Fig1a_true-termination.c.c,YES,YES,Maybe,YES,MAYBE,TPDB_Y2024_filtered_VBS\SV-COMP_Termination_Category,True,YES,True,YES,True,MISSING,
GulwaniJainKoskinen-PLDI2009-Fig1_true-termination.c,YES,YES,Maybe,YES,MAYBE,TPDB_Y2024_filtered_VBS\SV-COMP_Termination_Category,True,YES,True,YES,True,MISSING,
HarrisLalNoriRajamani-SAS2010-Fig1_true-termination.c,YES,Failed,Maybe,YES,MAYBE,TPDB_Y2024_filtered_VBS\SV-COMP_Termination_Category,False,YES,True,YES,True,YES,True
HarrisLalNoriRajamani-SAS2010-Fig2_false-termination.c,NO,NO,Maybe,NO,MAYBE,TPDB_Y2024_filtered_VBS\SV-COMP_Termination_Category,True,NO,True,Failed,False,MISSING,
HarrisLalNoriRajamani-SAS2010-Fig3_true-termination.c,YES,YES,Maybe,YES,YES,TPDB_Y2024_filtered_VBS\SV-COMP_Termination_Category,True,YES,True,YES,True,YES,True
HeizmannHoenickeLeikePodelski-ATVA2013-Fig2_true-termination.c,YES,YES,Maybe,NO,MAYBE,TPDB_Y2024_filtered_VBS\SV-COMP_Termination_Category,True,YES,True,YES,True,YES,True
HeizmannHoenickeLeikePodelski-ATVA2013-Fig5_true-termination.c,YES,YES,YES,MAYBE,MAYBE,TPDB_Y2024_filtered_VBS\SV-COMP_Termination_Category,True,YES,True,YES,True,MISSING,
HeizmannHoenickeLeikePodelski-ATVA2013-Fig6_true-termination.c,YES,YES,YES,YES,YES,TPDB_Y2024_filtered_VBS\SV-COMP_Termination_Category,True,YES,True,YES,True,MISSING,
HeizmannHoenickeLeikePodelski-ATVA2013-Fig7_true-termination.c,YES,Failed,Maybe,MAYBE,MAYBE,TPDB_Y2024_filtered_VBS\SV-COMP_Termination_Category,False,YES,True,NO,True,YES,True
HeizmannHoenickeLeikePodelski-ATVA2013-Fig8_true-termination.c,YES,Failed,YES,MAYBE,MAYBE,TPDB_Y2024_filtered_VBS\SV-COMP_Termination_Category,False,YES,True,Failed,False,MISSING,
HeizmannHoenickeLeikePodelski-ATVA2013-Fig9_true-termination.c,YES,NO,YES,MAYBE,MAYBE,TPDB_Y2024_filtered_VBS\SV-COMP_Termination_Category,True,YES,True,YES,True,MISSING,
HenzingerJhalaMajumdarSutre-POPL2002-LockingExample_false-termination.c,NO,YES,Maybe,Failed,MAYBE,TPDB_Y2024_filtered_VBS\SV-COMP_Termination_Category,True,NO,True,YES,True,MISSING,
joey_false-termination.c,NO,NO,YES,Failed,Failed,TPDB_Y2024_filtered_VBS\SV-COMP_Termination_Category,True,NO,True,NO,True,MISSING,
KroeningSharyginaTsitovichWintersteiger-CAV2010-Ex_true-termination.c,YES,YES,YES,YES,YES,TPDB_Y2024_filtered_VBS\SV-COMP_Termination_Category,True,YES,True,YES,True,YES,True
KroeningSharyginaTsitovichWintersteiger-CAV2010-Fig1_true-termination.c,YES,NO,Maybe,NO,MAYBE,TPDB_Y2024_filtered_VBS\SV-COMP_Termination_Category,True,YES,True,YES,True,YES,True
LarrazOliverasRodriguez-CarbonellRubio-FMCAD2013-Fig1_true-termination.c,YES,YES,Maybe,YES,MAYBE,TPDB_Y2024_filtered_VBS\SV-COMP_Termination_Category,True,YES,True,YES,True,YES,True
LeeJonesBen-Amram-POPL2001-Ex1_true-termination.c,YES,YES,YES,Failed,Failed,TPDB_Y2024_filtered_VBS\SV-COMP_Termination_Category,True,YES,True,YES,True,YES,True
LeeJonesBen-Amram-POPL2001-Ex2_true-termination.c,YES,YES,Failed,Failed,Failed,TPDB_Y2024_filtered_VBS\SV-COMP_Termination_Category,True,YES,True,YES,True,YES,True
LeeJonesBen-Amram-POPL2001-Ex3_true-termination.c,YES,YES,YES,Failed,Failed,TPDB_Y2024_filtered_VBS\SV-COMP_Termination_Category,True,YES,True,YES,True,YES,True
LeeJonesBen-Amram-POPL2001-Ex4_true-termination.c,YES,YES,YES,Failed,Failed,TPDB_Y2024_filtered_VBS\SV-COMP_Termination_Category,True,YES,True,YES,True,MISSING,
LeeJonesBen-Amram-POPL2001-Ex5_true-termination.c,YES,YES,YES,Failed,Failed,TPDB_Y2024_filtered_VBS\SV-COMP_Termination_Category,True,YES,True,YES,True,YES,True
LeeJonesBen-Amram-POPL2001-Ex6_true-termination.c,YES,YES,YES,Failed,Failed,TPDB_Y2024_filtered_VBS\SV-COMP_Termination_Category,True,YES,True,YES,True,YES,True
LeikeHeizmann-TACAS2014-Ex9_true-termination.c,YES,YES,YES,YES,YES,TPDB_Y2024_filtered_VBS\SV-COMP_Termination_Category,True,YES,True,YES,True,YES,True
LeikeHeizmann-WST2014-Ex9_true-termination.c,YES,YES,YES,YES,YES,TPDB_Y2024_filtered_VBS\SV-COMP_Termination_Category,True,YES,True,YES,True,YES,True
min_rf_true-termination.c,YES,YES,Maybe,YES,MAYBE,TPDB_Y2024_filtered_VBS\SV-COMP_Termination_Category,True,YES,True,YES,True,YES,True
PodelskiRybalchenko-LICS2004-Fig2_true-termination.c,YES,Failed,Maybe,YES,MAYBE,TPDB_Y2024_filtered_VBS\SV-COMP_Termination_Category,False,YES,True,YES,True,MISSING,
PodelskiRybalchenko-TACAS2011-Fig4_true-termination.c,YES,YES,YES,YES,MAYBE,TPDB_Y2024_filtered_VBS\SV-COMP_Termination_Category,True,YES,True,YES,True,YES,True
PodelskiRybalchenko-VMCAI2004-Ex1_true-termination.c,YES,YES,Maybe,YES,YES,TPDB_Y2024_filtered_VBS\SV-COMP_Termination_Category,True,YES,True,YES,True,YES,True
svcomp_cstrcmp_true-termination.c,YES,YES,Maybe,Failed,Failed,TPDB_Y2024_filtered_VBS\SV-COMP_Termination_Category,True,YES,True,YES,True,MISSING,
svcomp_cstrcspn_true-termination.c,YES,YES,Maybe,Failed,Failed,TPDB_Y2024_filtered_VBS\SV-COMP_Termination_Category,True,YES,True,YES,True,YES,True
svcomp_cstrlen_true-termination.c,YES,YES,Maybe,Failed,Failed,TPDB_Y2024_filtered_VBS\SV-COMP_Termination_Category,True,YES,True,YES,True,YES,True
svcomp_cstrncmp_true-termination.c,YES,YES,YES,Failed,Failed,TPDB_Y2024_filtered_VBS\SV-COMP_Termination_Category,True,YES,True,YES,True,YES,True
svcomp_cstrpbrk_true-termination.c,YES,YES,Maybe,Failed,Failed,TPDB_Y2024_filtered_VBS\SV-COMP_Termination_Category,True,YES,True,YES,True,YES,True
svcomp_cstrspn_true-termination.c,YES,YES,Maybe,Failed,Failed,TPDB_Y2024_filtered_VBS\SV-COMP_Termination_Category,True,YES,True,YES,True,Failed,False
svcomp_strchr_true-termination.c,YES,YES,Maybe,Failed,Failed,TPDB_Y2024_filtered_VBS\SV-COMP_Termination_Category,True,YES,True,YES,True,YES,True
TelAviv-Amir-Minimum_true-termination.c,YES,YES,Maybe,Failed,MAYBE,TPDB_Y2024_filtered_VBS\SV-COMP_Termination_Category,True,YES,True,YES,True,YES,True
Toulouse-BranchesToLoop_true-termination.c,YES,Failed,Maybe,MAYBE,MAYBE,TPDB_Y2024_filtered_VBS\SV-COMP_Termination_Category,False,YES,True,YES,True,YES,True
Toulouse-MultiBranchesToLoop_true-termination.c,YES,Failed,Maybe,MAYBE,MAYBE,TPDB_Y2024_filtered_VBS\SV-COMP_Termination_Category,False,YES,True,YES,True,YES,True
UrbanMine-ESOP2014-Fig3_true-termination.c,YES,YES,Maybe,Failed,MAYBE,TPDB_Y2024_filtered_VBS\SV-COMP_Termination_Category,True,Failed,False,YES,True,Failed,False
majority-noarray_true-termination.c,YES,YES,Maybe,Failed,Failed,TPDB_Y2024_filtered_VBS\Di_Stefano_20,True,NO,True,Failed,False,MISSING,
Avg_true.c,YES,Failed,YES,Failed,Failed,TPDB_Y2024_filtered_VBS\AProVE_numeric,False,YES,True,YES,True,MISSING,
Binomial_true.c,YES,YES,Failed,Failed,Failed,TPDB_Y2024_filtered_VBS\AProVE_numeric,True,YES,True,YES,True,MISSING,
Et1_true.c,YES,NO,YES,Failed,Failed,TPDB_Y2024_filtered_VBS\AProVE_numeric,True,YES,True,YES,True,MISSING,
Et2_true.c,YES,Failed,YES,Failed,Failed,TPDB_Y2024_filtered_VBS\AProVE_numeric,False,YES,True,YES,True,MISSING,
Et3_true.c,YES,NO,YES,Failed,Failed,TPDB_Y2024_filtered_VBS\AProVE_numeric,True,YES,True,Failed,False,Failed,False
Et4_true.c,YES,NO,YES,Failed,Failed,TPDB_Y2024_filtered_VBS\AProVE_numeric,True,YES,True,YES,True,Failed,False
ex2.c,YES,NO,Failed,Failed,Failed,TPDB_Y2024_filtered_VBS\AProVE_numeric,True,YES,True,NO,True,MISSING,
ex3.c,YES,Failed,YES,Failed,Failed,TPDB_Y2024_filtered_VBS\AProVE_numeric,False,YES,True,YES,True,YES,True
LeUserDefRec_true.c,YES,YES,YES,Failed,Failed,TPDB_Y2024_filtered_VBS\AProVE_numeric,True,YES,True,YES,True,MISSING,
rec_counter1.c,YES,YES,YES,Failed,Failed,TPDB_Y2024_filtered_VBS\AProVE_numeric,True,YES,True,YES,True,Failed,False
rec_counter3.c,YES,NO,Maybe,Failed,Failed,TPDB_Y2024_filtered_VBS\AProVE_numeric,True,YES,True,YES,True,MISSING,
rec_strlen.c,YES,YES,Failed,Failed,Failed,TPDB_Y2024_filtered_VBS\AProVE_numeric,True,YES,True,YES,True,MISSING,
svcomp_a.01.c,YES,YES,YES,YES,MAYBE,TPDB_Y2024_filtered_VBS\AProVE_numeric,True,YES,True,YES,True,YES,True
svcomp_a.04.c,YES,YES,YES,YES,YES,TPDB_Y2024_filtered_VBS\AProVE_numeric,True,YES,True,YES,True,YES,True
svcomp_a.05.c,YES,YES,Maybe,YES,YES,TPDB_Y2024_filtered_VBS\AProVE_numeric,True,YES,True,YES,True,MISSING,
svcomp_a.06.c,YES,YES,Failed,YES,YES,TPDB_Y2024_filtered_VBS\AProVE_numeric,True,YES,True,YES,True,YES,True
svcomp_a.07.c,YES,YES,YES,YES,YES,TPDB_Y2024_filtered_VBS\AProVE_numeric,True,YES,True,YES,True,YES,True
svcomp_a.08.c,YES,YES,YES,YES,YES,TPDB_Y2024_filtered_VBS\AProVE_numeric,True,YES,True,YES,True,YES,True
svcomp_a.09_assume.c,YES,Failed,Maybe,YES,YES,TPDB_Y2024_filtered_VBS\AProVE_numeric,False,YES,True,YES,True,YES,True
svcomp_a.10.c,YES,YES,YES,YES,MAYBE,TPDB_Y2024_filtered_VBS\AProVE_numeric,True,YES,True,YES,True,YES,True
svcomp_Ackermann01_true-unreach-call_modified_modified.c,YES,YES,YES,Failed,Failed,TPDB_Y2024_filtered_VBS\AProVE_numeric,True,YES,True,YES,True,YES,True
svcomp_Addition01_true-unreach-call_true-termination_modified.c,YES,YES,YES,Failed,Failed,TPDB_Y2024_filtered_VBS\AProVE_numeric,True,YES,True,YES,True,MISSING,
svcomp_b.01.c,YES,YES,YES,YES,YES,TPDB_Y2024_filtered_VBS\AProVE_numeric,True,YES,True,YES,True,YES,True
svcomp_b.02.c,YES,YES,YES,YES,YES,TPDB_Y2024_filtered_VBS\AProVE_numeric,True,YES,True,YES,True,Failed,False
svcomp_b.03-no-inv_assume.c,YES,NO,Maybe,YES,YES,TPDB_Y2024_filtered_VBS\AProVE_numeric,True,YES,True,YES,True,Failed,False
svcomp_b.03_assume.c,YES,Failed,Maybe,YES,YES,TPDB_Y2024_filtered_VBS\AProVE_numeric,False,YES,True,YES,True,MISSING,
svcomp_b.04.c,YES,Failed,YES,YES,YES,TPDB_Y2024_filtered_VBS\AProVE_numeric,False,YES,True,YES,True,MISSING,
svcomp_b.05.c,YES,Failed,YES,YES,YES,TPDB_Y2024_filtered_VBS\AProVE_numeric,False,YES,True,YES,True,YES,True
svcomp_b.06.c,YES,YES,YES,YES,YES,TPDB_Y2024_filtered_VBS\AProVE_numeric,True,YES,True,YES,True,YES,True
svcomp_b.07.c,YES,YES,YES,YES,YES,TPDB_Y2024_filtered_VBS\AProVE_numeric,True,YES,True,YES,True,YES,True
svcomp_b.09-no-inv_assume.c,YES,YES,Maybe,MAYBE,MAYBE,TPDB_Y2024_filtered_VBS\AProVE_numeric,True,YES,True,YES,True,YES,True
svcomp_b.09_assume.c,YES,YES,YES,YES,MAYBE,TPDB_Y2024_filtered_VBS\AProVE_numeric,True,YES,True,YES,True,Failed,False
svcomp_b.10.c,YES,YES,Maybe,YES,YES,TPDB_Y2024_filtered_VBS\AProVE_numeric,True,YES,True,YES,True,YES,True
svcomp_b.11.c,YES,YES,YES,YES,YES,TPDB_Y2024_filtered_VBS\AProVE_numeric,True,YES,True,YES,True,YES,True
svcomp_b.12.c,YES,YES,YES,YES,MAYBE,TPDB_Y2024_filtered_VBS\AProVE_numeric,True,YES,True,YES,True,MISSING,
svcomp_b.13.c,YES,YES,YES,YES,MAYBE,TPDB_Y2024_filtered_VBS\AProVE_numeric,True,YES,True,YES,True,YES,True
svcomp_b.14.c,YES,Failed,YES,YES,MAYBE,TPDB_Y2024_filtered_VBS\AProVE_numeric,False,YES,True,YES,True,YES,True
svcomp_b.15.c,YES,Failed,YES,YES,MAYBE,TPDB_Y2024_filtered_VBS\AProVE_numeric,False,YES,True,YES,True,Failed,False
svcomp_b.16.c,YES,YES,YES,YES,MAYBE,TPDB_Y2024_filtered_VBS\AProVE_numeric,True,YES,True,YES,True,MISSING,
svcomp_b.17.c,YES,YES,YES,YES,MAYBE,TPDB_Y2024_filtered_VBS\AProVE_numeric,True,YES,True,YES,True,MISSING,
svcomp_b.18.c,YES,YES,YES,YES,MAYBE,TPDB_Y2024_filtered_VBS\AProVE_numeric,True,YES,True,YES,True,YES,True
svcomp_c.01-no-inv.c,YES,YES,Maybe,MAYBE,MAYBE,TPDB_Y2024_filtered_VBS\AProVE_numeric,True,YES,True,YES,True,MISSING,
svcomp_c.01_assume.c,YES,YES,Maybe,YES,MAYBE,TPDB_Y2024_filtered_VBS\AProVE_numeric,True,YES,True,YES,True,YES,True
svcomp_c.02.c,YES,NO,YES,YES,MAYBE,TPDB_Y2024_filtered_VBS\AProVE_numeric,True,YES,True,YES,True,MISSING,
svcomp_c.03.c,YES,Failed,YES,YES,MAYBE,TPDB_Y2024_filtered_VBS\AProVE_numeric,False,YES,True,YES,True,YES,True
svcomp_c.07.c,YES,YES,YES,YES,YES,TPDB_Y2024_filtered_VBS\AProVE_numeric,True,YES,True,YES,True,YES,True
svcomp_c.08.c,YES,YES,YES,YES,MAYBE,TPDB_Y2024_filtered_VBS\AProVE_numeric,True,YES,True,YES,True,MISSING,
svcomp_easySum.c,YES,YES,YES,YES,YES,TPDB_Y2024_filtered_VBS\AProVE_numeric,True,YES,True,YES,True,MISSING,
svcomp_EvenOdd01_true-unreach-call_true-termination_modified.c,YES,YES,Failed,Failed,Failed,TPDB_Y2024_filtered_VBS\AProVE_numeric,True,YES,True,YES,True,MISSING,
svcomp_ex1.c,YES,YES,YES,YES,YES,TPDB_Y2024_filtered_VBS\AProVE_numeric,True,YES,True,YES,True,MISSING,
svcomp_ex2.c,MAYBE,NO,Maybe,MAYBE,MAYBE,TPDB_Y2024_filtered_VBS\AProVE_numeric,True,YES,True,YES,True,MISSING,
svcomp_ex3a.c,YES,Failed,YES,MAYBE,MAYBE,TPDB_Y2024_filtered_VBS\AProVE_numeric,False,YES,True,YES,True,MISSING,
svcomp_ex3b.c,YES,Failed,Maybe,MAYBE,MAYBE,TPDB_Y2024_filtered_VBS\AProVE_numeric,False,YES,True,YES,True,YES,True
svcomp_fermat.c,YES,YES,YES,YES,MAYBE,TPDB_Y2024_filtered_VBS\AProVE_numeric,True,YES,True,YES,True,YES,True
svcomp_Fibonacci01_true-unreach-call_modified.c,YES,YES,YES,Failed,Failed,TPDB_Y2024_filtered_VBS\AProVE_numeric,True,YES,True,YES,True,MISSING,
svcomp_flag.c,YES,YES,YES,YES,MAYBE,TPDB_Y2024_filtered_VBS\AProVE_numeric,True,YES,True,YES,True,MISSING,
svcomp_gcd01_true-unreach-call_true-termination_modified.c,YES,YES,YES,Failed,Failed,TPDB_Y2024_filtered_VBS\AProVE_numeric,True,YES,True,YES,True,MISSING,
svcomp_java_AG313.c,YES,YES,YES,YES,YES,TPDB_Y2024_filtered_VBS\AProVE_numeric,True,YES,True,YES,True,MISSING,
svcomp_java_Break.c,YES,YES,YES,YES,MAYBE,TPDB_Y2024_filtered_VBS\AProVE_numeric,True,YES,True,YES,True,MISSING,
svcomp_java_Continue1.c,YES,YES,YES,YES,MAYBE,TPDB_Y2024_filtered_VBS\AProVE_numeric,True,YES,True,YES,True,YES,True
svcomp_java_LogBuiltIn.c,YES,YES,YES,YES,YES,TPDB_Y2024_filtered_VBS\AProVE_numeric,True,YES,True,YES,True,MISSING,
svcomp_java_Nested.c,YES,YES,YES,YES,MAYBE,TPDB_Y2024_filtered_VBS\AProVE_numeric,True,YES,True,YES,True,YES,True
svcomp_java_Sequence.c,YES,YES,YES,YES,MAYBE,TPDB_Y2024_filtered_VBS\AProVE_numeric,True,YES,True,YES,True,Failed,False
svcomp_MultCommutative_true-unreach-call_true-termination_modified.c,YES,YES,Failed,Failed,Failed,TPDB_Y2024_filtered_VBS\AProVE_numeric,True,YES,True,YES,True,MISSING,
svcomp_recHanoi02_true-unreach-call_true-termination_modified.c,YES,YES,YES,Failed,Failed,TPDB_Y2024_filtered_VBS\AProVE_numeric,True,YES,True,YES,True,MISSING,
svcomp_twisted.c,YES,NO,Maybe,YES,MAYBE,TPDB_Y2024_filtered_VBS\AProVE_numeric,True,YES,True,YES,True,YES,True
TerminatorRec02_true.c,YES,YES,YES,Failed,Failed,TPDB_Y2024_filtered_VBS\AProVE_numeric,True,YES,True,YES,True,YES,True
TwoWay_true.c,YES,NO,YES,Failed,Failed,TPDB_Y2024_filtered_VBS\AProVE_numeric,True,YES,True,YES,True,YES,True
4BitCounterPointer_true-termination.c,YES,YES,Failed,Failed,Failed,TPDB_Y2024_filtered_VBS\Ultimate,True,YES,True,YES,True,MISSING,
Arrays01-EquivalentConstantIndices_true-termination.c,YES,YES,Maybe,NO,MAYBE,TPDB_Y2024_filtered_VBS\Ultimate,True,YES,True,YES,True,YES,True
Arrays02-EquivalentConstantIndices_false-termination.c,NO,YES,Maybe,NO,MAYBE,TPDB_Y2024_filtered_VBS\Ultimate,True,NO,True,NO,True,MISSING,
Arrays03-ValueRestictsIndex_true-termination.c,YES,YES,YES,NO,MAYBE,TPDB_Y2024_filtered_VBS\Ultimate,True,YES,True,YES,True,MISSING,
Bangalore_true-termination.c,YES,YES,YES,YES,YES,TPDB_Y2024_filtered_VBS\Ultimate,True,YES,True,YES,True,YES,True
Cairo_true-termination.c,YES,YES,Maybe,MAYBE,MAYBE,TPDB_Y2024_filtered_VBS\Ultimate,True,YES,True,YES,True,YES,True
Division_false-termination.c,NO,NO,Maybe,NO,MAYBE,TPDB_Y2024_filtered_VBS\Ultimate,True,NO,True,NO,True,MISSING,
Gothenburg_true-termination.c,YES,YES,Maybe,YES,MAYBE,TPDB_Y2024_filtered_VBS\Ultimate,True,YES,True,YES,True,YES,True
Lobnya-Boolean-Reordered_true-termination.c,YES,YES,Maybe,YES,MAYBE,TPDB_Y2024_filtered_VBS\Ultimate,True,YES,True,YES,True,YES,True
Madrid_false-termination.c,NO,NO,Maybe,NO,MAYBE,TPDB_Y2024_filtered_VBS\Ultimate,True,NO,True,NO,True,MISSING,
Mysore_true-termination.c,YES,Failed,Maybe,YES,MAYBE,TPDB_Y2024_filtered_VBS\Ultimate,False,YES,True,YES,True,YES,True
NonTermination2_false-termination.c,NO,NO,Maybe,MAYBE,MAYBE,TPDB_Y2024_filtered_VBS\Ultimate,True,NO,True,YES,True,MISSING,
NonTerminationSimple2_false-termination.c,NO,NO,Maybe,NO,MAYBE,TPDB_Y2024_filtered_VBS\Ultimate,True,NO,True,NO,True,MISSING,
NonTerminationSimple3_false-termination.c,NO,NO,Maybe,NO,MAYBE,TPDB_Y2024_filtered_VBS\Ultimate,True,NO,True,NO,True,MISSING,
NonTerminationSimple4_false-termination.c,NO,NO,Maybe,NO,MAYBE,TPDB_Y2024_filtered_VBS\Ultimate,True,NO,True,NO,True,MISSING,
NonTerminationSimple5_false-termination.c,NO,NO,Maybe,NO,MAYBE,TPDB_Y2024_filtered_VBS\Ultimate,True,NO,True,NO,True,MISSING,
NonTerminationSimple6_false-termination.c,NO,NO,Maybe,NO,MAYBE,TPDB_Y2024_filtered_VBS\Ultimate,True,NO,True,NO,True,MISSING,
NonTerminationSimple7_false-termination.c,NO,NO,Maybe,NO,MAYBE,TPDB_Y2024_filtered_VBS\Ultimate,True,NO,True,NO,True,MISSING,
NonTerminationSimple8_false-termination.c,NO,NO,Maybe,NO,MAYBE,TPDB_Y2024_filtered_VBS\Ultimate,True,NO,True,NO,True,MISSING,
NonTerminationSimple9_false-termination.c,NO,NO,Maybe,NO,MAYBE,TPDB_Y2024_filtered_VBS\Ultimate,True,NO,True,NO,True,MISSING,
Nyala-2lex_true-termination.c,YES,YES,Maybe,YES,MAYBE,TPDB_Y2024_filtered_VBS\Ultimate,True,YES,True,YES,True,YES,True
Parallel_true-termination.c,YES,YES,YES,YES,MAYBE,TPDB_Y2024_filtered_VBS\Ultimate,True,YES,True,YES,True,YES,True
Pure3Phase_true-termination.c,YES,YES,Maybe,MAYBE,MAYBE,TPDB_Y2024_filtered_VBS\Ultimate,True,YES,True,YES,True,Failed,False
RecursiveMultiplication_true-termination.c,YES,YES,YES,Failed,Failed,TPDB_Y2024_filtered_VBS\Ultimate,True,YES,True,YES,True,MISSING,
RecursiveNonterminating_false-termination.c,NO,Failed,YES,Failed,Failed,TPDB_Y2024_filtered_VBS\Ultimate,False,NO,True,YES,True,MISSING,
Rotation180_false-termination.c,NO,NO,Maybe,NO,MAYBE,TPDB_Y2024_filtered_VBS\Ultimate,True,NO,True,NO,True,MISSING,
Stockholm_true-termination.c,YES,Failed,YES,YES,YES,TPDB_Y2024_filtered_VBS\Ultimate,False,YES,True,YES,True,MISSING,
SyntaxSupportPointer01_true-termination.c,YES,NO,YES,Failed,Failed,TPDB_Y2024_filtered_VBS\Ultimate,True,YES,True,Failed,False,YES,True
WhileFalse_true-termination.c,YES,YES,Maybe,YES,YES,TPDB_Y2024_filtered_VBS\Ultimate,True,YES,True,YES,True,YES,True
WhileTrue_false-termination.c,NO,NO,Maybe,NO,MAYBE,TPDB_Y2024_filtered_VBS\Ultimate,True,NO,True,NO,True,MISSING,
2Nested_false-termination.c,NO,NO,Maybe,NO,MAYBE,TPDB_Y2024_filtered_VBS\Ton_Chanh_15,True,NO,True,NO,True,MISSING,
Ackermann_false-termination.c,NO,NO,YES,Failed,Failed,TPDB_Y2024_filtered_VBS\Ton_Chanh_15,True,NO,True,NO,True,MISSING,
Ackermann_true-termination.c,YES,YES,YES,Failed,Failed,TPDB_Y2024_filtered_VBS\Ton_Chanh_15,True,YES,True,YES,True,MISSING,
Bangalore_false-termination.c,NO,NO,Maybe,NO,MAYBE,TPDB_Y2024_filtered_VBS\Ton_Chanh_15,True,NO,True,NO,True,MISSING,
Bangalore_v2_false-termination.c,NO,YES,Maybe,NO,MAYBE,TPDB_Y2024_filtered_VBS\Ton_Chanh_15,True,NO,True,NO,True,MISSING,
Bangalore_v3_false-termination.c,NO,Failed,Maybe,NO,MAYBE,TPDB_Y2024_filtered_VBS\Ton_Chanh_15,False,NO,True,NO,True,MISSING,
Bangalore_v4_true-termination.c,YES,YES,Maybe,YES,YES,TPDB_Y2024_filtered_VBS\Ton_Chanh_15,True,YES,True,YES,True,MISSING,
Benghazi_nondet_true-termination.c,YES,Failed,Maybe,YES,MAYBE,TPDB_Y2024_filtered_VBS\Ton_Chanh_15,False,YES,True,YES,True,NO,True
Binary_Search_true-termination.c,NO,YES,YES,Failed,Failed,TPDB_Y2024_filtered_VBS\Ton_Chanh_15,True,YES,True,YES,True,MISSING,
Cairo_nondet_false-termination.c,NO,YES,Maybe,NO,MAYBE,TPDB_Y2024_filtered_VBS\Ton_Chanh_15,True,NO,True,YES,True,MISSING,
Cairo_step2_false-termination.c,NO,YES,Maybe,NO,MAYBE,TPDB_Y2024_filtered_VBS\Ton_Chanh_15,True,NO,True,YES,True,MISSING,
Copenhagen_disj_true-termination.c,YES,YES,Maybe,YES,MAYBE,TPDB_Y2024_filtered_VBS\Ton_Chanh_15,True,YES,True,YES,True,MISSING,
Gothenburg_v2_true-termination.c,YES,Failed,YES,YES,YES,TPDB_Y2024_filtered_VBS\Ton_Chanh_15,False,YES,True,YES,True,YES,True
Hanoi_2vars_false-termination.c,NO,NO,Maybe,NO,MAYBE,TPDB_Y2024_filtered_VBS\Ton_Chanh_15,True,NO,True,NO,True,MISSING,
Hanoi_3vars_false-termination.c,NO,NO,Maybe,NO,MAYBE,TPDB_Y2024_filtered_VBS\Ton_Chanh_15,True,NO,True,NO,True,MISSING,
Hanoi_plus_false-termination.c,NO,NO,Maybe,NO,MAYBE,TPDB_Y2024_filtered_VBS\Ton_Chanh_15,True,NO,True,NO,True,MISSING,
McCarthy91_Iteration_true-termination.c,YES,Failed,YES,YES,MAYBE,TPDB_Y2024_filtered_VBS\Ton_Chanh_15,False,YES,True,YES,True,MISSING,
McCarthy91_Recursion_true-termination.c,YES,YES,YES,Failed,Failed,TPDB_Y2024_filtered_VBS\Ton_Chanh_15,True,YES,True,YES,True,MISSING,
MutualRecursion_1a_false-termination.c,NO,YES,Failed,Failed,Failed,TPDB_Y2024_filtered_VBS\Ton_Chanh_15,True,NO,True,Failed,False,MISSING,
MutualRecursion_1b_true-termination.c,YES,YES,Failed,Failed,Failed,TPDB_Y2024_filtered_VBS\Ton_Chanh_15,True,YES,True,YES,True,YES,True
Mysore_false-termination.c,NO,YES,Maybe,NO,MAYBE,TPDB_Y2024_filtered_VBS\Ton_Chanh_15,True,NO,True,Failed,False,MISSING,
NestedRecursion_1a_false-termination.c,NO,NO,YES,Failed,Failed,TPDB_Y2024_filtered_VBS\Ton_Chanh_15,True,NO,True,Failed,False,MISSING,
NestedRecursion_1b_true-termination.c,YES,Failed,YES,Failed,Failed,TPDB_Y2024_filtered_VBS\Ton_Chanh_15,False,YES,True,YES,True,YES,True
NestedRecursion_1c_true-termination.c,YES,YES,YES,Failed,Failed,TPDB_Y2024_filtered_VBS\Ton_Chanh_15,True,YES,True,YES,True,YES,True
NestedRecursion_1d_true-termination.c,YES,NO,YES,Failed,Failed,TPDB_Y2024_filtered_VBS\Ton_Chanh_15,True,YES,True,YES,True,YES,True
NestedRecursion_2a_false-termination.c,NO,YES,YES,Failed,Failed,TPDB_Y2024_filtered_VBS\Ton_Chanh_15,True,NO,True,NO,True,MISSING,
NestedRecursion_2b_false-termination.c,NO,YES,YES,Failed,Failed,TPDB_Y2024_filtered_VBS\Ton_Chanh_15,True,NO,True,NO,True,MISSING,
NestedRecursion_2c_true-termination.c,YES,Failed,YES,Failed,Failed,TPDB_Y2024_filtered_VBS\Ton_Chanh_15,False,YES,True,YES,True,YES,True
Singapore_plus_false-termination.c,NO,NO,Maybe,NO,MAYBE,TPDB_Y2024_filtered_VBS\Ton_Chanh_15,True,NO,True,NO,True,MISSING,
Singapore_true-termination.c,YES,NO,Maybe,MAYBE,MAYBE,TPDB_Y2024_filtered_VBS\Ton_Chanh_15,True,YES,True,YES,True,MISSING,
Singapore_v1_false-termination.c,NO,NO,Maybe,NO,MAYBE,TPDB_Y2024_filtered_VBS\Ton_Chanh_15,True,NO,True,NO,True,MISSING,
Singapore_v2_false-termination.c,NO,Failed,Maybe,NO,MAYBE,TPDB_Y2024_filtered_VBS\Ton_Chanh_15,False,NO,True,NO,True,MISSING,
