file,dataset,standard,SVMRresult,is_recur,program_type,recur_type,loop_type,loops_count,loops_depth,loop_condition_variables_count,has_break,loop_condition_always_true,initial_sat_condition,array_operator,pointer_operator,lines,language,svmr_statuses,svmr_time_ms_total,svmr_time_ms_max,svmr_time_ms_count
2Nested_true-termination.c,tpdb_known429term,Terminate,unknown,False,loop,,Linear,1,1,1,False,False,True,False,False,24,C,UNKNOWN,,,0
4BitCounterPointer_true-termination.c,tpdb_known429term,Terminate,failed,False,loop,,Linear,1,1,1,False,False,True,False,True,35,C,ERROR,,,0
4NestedWith3Variables_true-termination.c,tpdb_known429term,Terminate,failed,False,loop,,Linear,1,1,1,False,False,True,False,True,29,C,ERROR,,,0
960521-1_1_true-valid-memsafety.c,tpdb_known429term,Terminate,failed,False,loop,,Nested,3,2,3,False,False,True,True,True,645,C,ERROR,,,0
Ackermann_true-termination.c,tpdb_known429term,Terminate,,True,recur,non-tail,,0,0,0,False,False,True,False,False,23,C,,,,
Addition01_true-unreach-call_true-termination.c,tpdb_known429term,Terminate,,True,recur,tail,,0,0,0,False,False,True,False,False,41,C,,,,
AliasDarteFeautrierGonnord-SAS2010-Fig1_true-termination.c,tpdb_known429term,Terminate,failed,False,loop,,Nested,2,2,4,False,False,True,False,True,23,C,ERROR,,,0
AliasDarteFeautrierGonnord-SAS2010-Fig2a_true-termination.c,tpdb_known429term,Terminate,unknown,False,loop,,Nested,2,2,3,False,False,True,False,True,22,C,UNKNOWN,,,0
AliasDarteFeautrierGonnord-SAS2010-Fig2b_true-termination.c,tpdb_known429term,Terminate,failed,False,loop,,Nested,3,2,3,False,False,True,False,True,26,C,ERROR,,,0
AliasDarteFeautrierGonnord-SAS2010-complex_true-termination.c,tpdb_known429term,Terminate,failed,False,loop,,Nested,2,2,2,False,False,True,False,True,33,C,ERROR,,,0
AliasDarteFeautrierGonnord-SAS2010-counterex1a_true-termination.c,tpdb_known429term,Terminate,unknown,False,loop,,Linear,1,1,3,False,False,True,False,True,30,C,UNKNOWN,,,0
AliasDarteFeautrierGonnord-SAS2010-counterex1b_true-termination.c,tpdb_known429term,Terminate,Terminate,False,loop,,Nested,3,2,4,False,False,True,False,True,23,C,TERMINATE,,,0
AliasDarteFeautrierGonnord-SAS2010-cousot9_true-termination.c,tpdb_known429term,Terminate,failed,False,loop,,Linear,1,1,1,False,False,True,False,False,24,C,ERROR,,,0
AliasDarteFeautrierGonnord-SAS2010-exmini_true-termination.c,tpdb_known429term,Terminate,failed,False,loop,,Linear,1,1,3,False,False,True,False,True,26,C,ERROR,,,0
AliasDarteFeautrierGonnord-SAS2010-loops_true-termination.c,tpdb_known429term,Terminate,failed,False,loop,,Nested,2,2,2,False,False,True,False,True,30,C,ERROR,,,0
AliasDarteFeautrierGonnord-SAS2010-ndecr_true-termination.c,tpdb_known429term,Terminate,unknown,False,loop,,Linear,1,1,1,False,False,True,False,False,17,C,UNKNOWN,,,0
AliasDarteFeautrierGonnord-SAS2010-nestedLoop_true-termination.c,tpdb_known429term,Terminate,unknown,False,loop,,Nested,3,2,6,False,False,True,False,True,33,C,UNKNOWN,,,0
AliasDarteFeautrierGonnord-SAS2010-random1d_true-termination.c,tpdb_known429term,Terminate,unknown,False,loop,,Linear,1,1,2,False,False,True,False,False,25,C,UNKNOWN,,,0
AliasDarteFeautrierGonnord-SAS2010-random2d_true-termination.c,tpdb_known429term,Terminate,failed,False,loop,,Linear,1,1,2,False,False,True,False,True,35,C,ERROR,,,0
AliasDarteFeautrierGonnord-SAS2010-rsd_true-termination.c,tpdb_known429term,Terminate,unknown,False,loop,,Linear,1,1,2,False,False,True,False,True,28,C,UNKNOWN,,,0
AliasDarteFeautrierGonnord-SAS2010-speedFails4_true-termination.c,tpdb_known429term,Terminate,unknown,False,loop,,Linear,1,1,2,False,False,True,False,False,32,C,UNKNOWN,,,0
AliasDarteFeautrierGonnord-SAS2010-speedpldi2_true-termination.c,tpdb_known429term,Terminate,unknown,False,loop,,Linear,1,1,1,False,False,True,False,True,28,C,UNKNOWN,,,0
AliasDarteFeautrierGonnord-SAS2010-speedpldi3_true-termination.c,tpdb_known429term,Terminate,failed,False,loop,,Linear,1,1,2,False,False,True,False,True,28,C,ERROR,,,0
AliasDarteFeautrierGonnord-SAS2010-speedpldi4_true-termination.c,tpdb_known429term,Terminate,Terminate,False,loop,,Linear,1,1,1,False,False,True,False,True,25,C,TERMINATE,,,0
AliasDarteFeautrierGonnord-SAS2010-terminate_true-termination.c,tpdb_known429term,Terminate,failed,False,loop,,Linear,1,1,3,False,False,True,False,True,23,C,ERROR,,,0
AliasDarteFeautrierGonnord-SAS2010-wcet2_true-termination.c,tpdb_known429term,Terminate,failed,False,loop,,Nested,2,2,2,False,False,True,False,True,21,C,ERROR,,,0
AliasDarteFeautrierGonnord-SAS2010-while2_true-termination.c,tpdb_known429term,Terminate,failed,False,loop,,Nested,2,2,2,False,False,True,False,False,22,C,ERROR,,,0
AliasDarteFeautrierGonnord-SAS2010-wise_true-termination.c,tpdb_known429term,Terminate,Terminate,False,loop,,Linear,1,1,2,False,False,True,False,True,24,C,TERMINATE,,,0
Arrays01-EquivalentConstantIndices_true-termination.c,tpdb_known429term,Terminate,failed,False,loop,,Linear,1,1,1,False,False,True,True,False,16,C,ERROR,,,0
Arrays03-ValueRestictsIndex_true-termination.c,tpdb_known429term,Terminate,unknown,False,loop,,Linear,1,1,1,False,False,True,True,True,23,C,UNKNOWN,,,0
Avery-FLOPS2006-Table1_true-termination.c,tpdb_known429term,Terminate,Terminate,False,loop,,Multiple,2,1,2,False,False,True,False,False,35,C,TERMINATE,,,0
Avg_true.c,tpdb_known429term,Terminate,,True,recur,non-tail,,0,0,0,False,False,True,False,False,50,C,,,,
BallRajamani-SPIN2000-Fig1_false-unreach-call.c,tpdb_known429term,Terminate,,True,recur,non-tail,,0,0,0,False,False,True,False,False,33,C,,,,
Bangalore_true-termination.c,tpdb_known429term,Terminate,unknown,False,loop,,Linear,1,1,1,False,False,True,False,False,23,C,UNKNOWN,,,0
Bangalore_v4_true-termination.c,tpdb_known429term,Terminate,unknown,False,loop,,Linear,1,1,1,False,False,True,False,False,22,C,UNKNOWN,,,0
Ben-Amram-LMCS2010-Ex2.3_true-termination.c,tpdb_known429term,Terminate,failed,False,loop,,Linear,1,1,3,False,False,True,False,True,32,C,ERROR,,,0
Benghazi_nondet_true-termination.c,tpdb_known429term,Terminate,failed,False,loop,,Linear,1,1,1,False,False,True,False,False,24,C,ERROR,,,0
Benghazi_true-termination.c,tpdb_known429term,Terminate,failed,False,loop,,Linear,1,1,1,False,False,True,False,False,29,C,ERROR,,,0
Binomial_true.c,tpdb_known429term,Terminate,failed,True,loop,non-tail,Multiple,2,1,3,False,False,True,False,True,45,C,"ERROR,TERMINATE",,,0
BradleyMannaSipma-CAV2005-Fig1_true-termination.c,tpdb_known429term,Terminate,failed,False,loop,,Linear,1,1,2,False,False,True,False,True,33,C,ERROR,,,0
BradleyMannaSipma-ICALP2005-Fig1_true-termination.c,tpdb_known429term,Terminate,unknown,False,loop,,Linear,1,1,2,False,False,True,False,True,35,C,UNKNOWN,,,0
BrockschmidtCookFuhs-CAV2013-Fig1_true-termination.c,tpdb_known429term,Terminate,unknown,False,loop,,Nested,2,2,3,False,False,True,False,False,27,C,UNKNOWN,,,0
BrockschmidtCookFuhs-CAV2013-Fig9a_true-termination.c,tpdb_known429term,Terminate,failed,False,loop,,Nested,2,2,3,False,False,True,False,False,31,C,ERROR,,,0
BrockschmidtCookFuhs-CAV2013-Introduction_true-termination.c,tpdb_known429term,Terminate,failed,False,loop,,Linear,1,1,1,False,False,True,False,False,23,C,ERROR,,,0
Cairo_true-termination.c,tpdb_known429term,Terminate,unknown,False,loop,,Linear,1,1,1,False,False,True,False,False,24,C,UNKNOWN,,,0
ChawdharyCookGulwaniSagivYang-ESOP2008-aaron12_true-termination.c,tpdb_known429term,Terminate,failed,False,loop,,Linear,1,1,2,False,False,True,False,True,29,C,ERROR,,,0
ChawdharyCookGulwaniSagivYang-ESOP2008-aaron1_true-termination.c,tpdb_known429term,Terminate,failed,False,loop,,Linear,1,1,4,False,False,True,False,True,30,C,ERROR,,,0
ChawdharyCookGulwaniSagivYang-ESOP2008-aaron4_true-termination.c,tpdb_known429term,Terminate,failed,False,loop,,Linear,1,1,4,False,False,True,False,True,36,C,ERROR,,,0
ChawdharyCookGulwaniSagivYang-ESOP2008-aaron6_true-termination.c,tpdb_known429term,Terminate,unknown,False,loop,,Linear,1,1,5,False,False,True,False,True,31,C,UNKNOWN,,,0
ChawdharyCookGulwaniSagivYang-ESOP2008-random1d_true-termination.c,tpdb_known429term,Terminate,unknown,False,loop,,Linear,1,1,2,False,False,True,False,False,27,C,UNKNOWN,,,0
ChawdharyCookGulwaniSagivYang-ESOP2008-random2d_true-termination.c,tpdb_known429term,Terminate,failed,False,loop,,Linear,1,1,2,False,False,True,False,True,35,C,ERROR,,,0
ChenFlurMukhopadhyay-SAS2012-Ex1.01_true-termination.c,tpdb_known429term,Terminate,unknown,False,loop,,Linear,1,1,1,False,False,True,False,True,29,C,UNKNOWN,,,0
ChenFlurMukhopadhyay-SAS2012-Ex1.02_true-termination.c,tpdb_known429term,Terminate,Terminate,False,loop,,Linear,1,1,1,True,False,True,False,True,30,C,TERMINATE,,,0
ChenFlurMukhopadhyay-SAS2012-Ex1.03_true-termination.c,tpdb_known429term,Terminate,unknown,False,loop,,Linear,1,1,1,True,False,True,False,True,30,C,UNKNOWN,,,0
ChenFlurMukhopadhyay-SAS2012-Ex1.04_true-termination.c,tpdb_known429term,Terminate,failed,False,loop,,Linear,1,1,1,True,False,True,False,True,30,C,ERROR,,,0
ChenFlurMukhopadhyay-SAS2012-Ex1.05_true-termination.c,tpdb_known429term,Terminate,Terminate,False,loop,,Linear,1,1,1,True,False,True,False,True,30,C,TERMINATE,,,0
ChenFlurMukhopadhyay-SAS2012-Ex2.01_true-termination.c,tpdb_known429term,Terminate,unknown,False,loop,,Linear,1,1,1,False,False,True,False,False,28,C,UNKNOWN,,,0
ChenFlurMukhopadhyay-SAS2012-Ex2.07_true-termination.c,tpdb_known429term,Terminate,Terminate,False,loop,,Linear,1,1,2,False,False,True,False,True,28,C,TERMINATE,,,0
ChenFlurMukhopadhyay-SAS2012-Ex2.08_true-termination.c,tpdb_known429term,Terminate,Terminate,False,loop,,Linear,1,1,1,False,False,True,False,True,28,C,TERMINATE,,,0
ChenFlurMukhopadhyay-SAS2012-Ex2.09_true-termination.c,tpdb_known429term,Terminate,failed,False,loop,,Linear,1,1,2,False,False,True,False,True,32,C,ERROR,,,0
ChenFlurMukhopadhyay-SAS2012-Ex2.10_true-termination.c,tpdb_known429term,Terminate,unknown,False,loop,,Linear,1,1,2,False,False,True,False,True,28,C,UNKNOWN,,,0
ChenFlurMukhopadhyay-SAS2012-Ex2.13_true-termination.c,tpdb_known429term,Terminate,Terminate,False,loop,,Linear,1,1,2,False,False,True,False,False,28,C,TERMINATE,,,0
ChenFlurMukhopadhyay-SAS2012-Ex2.16_true-termination.c,tpdb_known429term,Terminate,failed,False,loop,,Linear,1,1,1,False,False,True,False,False,28,C,ERROR,,,0
ChenFlurMukhopadhyay-SAS2012-Ex2.18_true-termination.c,tpdb_known429term,Terminate,unknown,False,loop,,Linear,1,1,1,False,False,True,False,True,31,C,UNKNOWN,,,0
ChenFlurMukhopadhyay-SAS2012-Ex2.19_true-termination.c,tpdb_known429term,Terminate,failed,False,loop,,Linear,1,1,2,False,False,True,False,True,31,C,ERROR,,,0
ChenFlurMukhopadhyay-SAS2012-Ex2.20_true-termination.c,tpdb_known429term,Terminate,failed,False,loop,,Linear,1,1,2,True,False,True,False,False,31,C,ERROR,,,0
ChenFlurMukhopadhyay-SAS2012-Ex2.21_true-termination.c,tpdb_known429term,Terminate,Terminate,False,loop,,Linear,1,1,1,False,False,True,False,False,31,C,TERMINATE,,,0
ChenFlurMukhopadhyay-SAS2012-Ex2.22_true-termination.c,tpdb_known429term,Terminate,failed,False,loop,,Linear,1,1,1,True,False,True,False,False,32,C,ERROR,,,0
ChenFlurMukhopadhyay-SAS2012-Ex3.01_true-termination.c,tpdb_known429term,Terminate,Terminate,False,loop,,Linear,1,1,2,False,False,True,False,False,29,C,TERMINATE,,,0
ChenFlurMukhopadhyay-SAS2012-Ex3.03_true-termination.c,tpdb_known429term,Terminate,failed,False,loop,,Linear,1,1,1,False,False,True,False,False,30,C,ERROR,,,0
ChenFlurMukhopadhyay-SAS2012-Ex3.04_true-termination.c,tpdb_known429term,Terminate,unknown,False,loop,,Linear,1,1,3,False,False,True,False,True,29,C,UNKNOWN,,,0
ChenFlurMukhopadhyay-SAS2012-Ex3.05_true-termination.c,tpdb_known429term,Terminate,unknown,False,loop,,Linear,1,1,2,False,False,True,False,True,29,C,UNKNOWN,,,0
ChenFlurMukhopadhyay-SAS2012-Ex3.07_true-termination.c,tpdb_known429term,Terminate,failed,False,loop,,Linear,1,1,1,False,False,True,False,False,33,C,ERROR,,,0
ChenFlurMukhopadhyay-SAS2012-Ex3.08_true-termination.c,tpdb_known429term,Terminate,unknown,False,loop,,Linear,1,1,2,False,False,True,False,False,30,C,UNKNOWN,,,0
ChenFlurMukhopadhyay-SAS2012-Ex3.09_true-termination.c,tpdb_known429term,Terminate,failed,False,loop,,Linear,1,1,2,True,False,True,False,True,33,C,ERROR,,,0
ChenFlurMukhopadhyay-SAS2012-Ex3.10_true-termination.c,tpdb_known429term,Terminate,unknown,False,loop,,Linear,1,1,2,False,False,True,False,True,32,C,UNKNOWN,,,0
ChenFlurMukhopadhyay-SAS2012-Ex4.01_true-termination.c,tpdb_known429term,Terminate,Terminate,False,loop,,Linear,1,1,3,False,False,True,False,True,31,C,TERMINATE,,,0
ChenFlurMukhopadhyay-SAS2012-Fig1_true-termination.c,tpdb_known429term,Terminate,failed,False,loop,,Linear,1,1,1,False,False,True,False,False,25,C,ERROR,,,0
ColonSipma-TACAS2001-Fig1_true-termination.c,tpdb_known429term,Terminate,failed,False,loop,,Linear,1,1,3,False,False,True,False,True,26,C,ERROR,,,0
CookSeeZuleger-TACAS2013-Fig1_true-termination.c,tpdb_known429term,Terminate,unknown,False,loop,,Linear,1,1,2,False,False,True,False,True,23,C,UNKNOWN,,,0
CookSeeZuleger-TACAS2013-Fig7a_true-termination.c,tpdb_known429term,Terminate,unknown,False,loop,,Linear,1,1,3,False,False,True,False,True,27,C,UNKNOWN,,,0
CookSeeZuleger-TACAS2013-Fig7b_true-termination.c,tpdb_known429term,Terminate,unknown,False,loop,,Linear,1,1,3,False,False,True,False,True,28,C,UNKNOWN,,,0
CookSeeZuleger-TACAS2013-Fig8a-modified_true-termination.c,tpdb_known429term,Terminate,Terminate,False,loop,,Linear,1,1,2,False,False,True,False,False,25,C,TERMINATE,,,0
CookSeeZuleger-TACAS2013-Fig8a_true-termination.c,tpdb_known429term,Terminate,Terminate,False,loop,,Linear,1,1,1,False,False,True,False,False,24,C,TERMINATE,,,0
CookSeeZuleger-TACAS2013-Fig8b_true-termination.c,tpdb_known429term,Terminate,unknown,False,loop,,Linear,1,1,2,False,False,True,False,False,27,C,UNKNOWN,,,0
Copenhagen_disj_true-termination.c,tpdb_known429term,Terminate,failed,False,loop,,Linear,1,1,2,False,False,True,False,False,22,C,ERROR,,,0
Copenhagen_true-termination.c,tpdb_known429term,Terminate,failed,False,loop,,Linear,1,1,2,False,False,True,False,True,22,C,ERROR,,,0
DivMinus.c,tpdb_known429term,Terminate,unknown,False,loop,,Linear,1,1,2,False,False,True,False,True,19,C,UNKNOWN,,,0
DivMinus2.c,tpdb_known429term,Terminate,failed,False,loop,,Nested,2,2,3,False,False,True,False,True,29,C,ERROR,,,0
Et1.c,tpdb_known429term,Terminate,unknown,False,loop,,Linear,1,1,2,False,False,True,False,False,17,C,UNKNOWN,,,0
Et1_true.c,tpdb_known429term,Terminate,,True,recur,non-tail,,0,0,0,False,False,True,False,False,42,C,,,,
Et2_true.c,tpdb_known429term,Terminate,,True,recur,non-tail,,0,0,0,False,False,True,False,False,45,C,,,,
Et3_true.c,tpdb_known429term,Terminate,,True,recur,non-tail,,0,0,0,False,False,True,False,False,43,C,,,,
Et4_true.c,tpdb_known429term,Terminate,,True,recur,non-tail,,0,0,0,False,False,True,False,True,49,C,,,,
EvenOdd01_true-unreach-call_true-termination.c,tpdb_known429term,Terminate,,True,recur,non-tail,,0,0,0,False,False,True,False,False,49,C,,,,
Fibonacci01_true-unreach-call.c,tpdb_known429term,Terminate,,True,recur,non-tail,,0,0,0,False,False,True,False,False,38,C,,,,
GCD3.c,tpdb_known429term,Terminate,failed,False,loop,,Multiple,3,1,3,False,False,True,False,True,41,C,ERROR,,,0
GCD4.c,tpdb_known429term,Terminate,unknown,False,loop,,Nested,2,2,3,False,False,True,False,True,26,C,UNKNOWN,,,0
GopanReps-CAV2006-Fig1a_true-termination.c.c,tpdb_known429term,Terminate,failed,False,loop,,Linear,1,1,0,True,True,True,False,False,24,C,ERROR,,,0
Gothenburg_true-termination.c,tpdb_known429term,Terminate,failed,False,loop,,Linear,1,1,2,False,False,True,False,False,26,C,ERROR,,,0
Gothenburg_v2_true-termination.c,tpdb_known429term,Terminate,unknown,False,loop,,Linear,1,1,2,False,False,False,False,True,25,C,UNKNOWN,,,0
GulavaniGulwani-CAV2008-Fig1a_true-termination.c,tpdb_known429term,Terminate,failed,False,loop,,Linear,1,1,2,False,False,True,False,False,28,C,ERROR,,,0
GulavaniGulwani-CAV2008-Fig1b_true-termination.c,tpdb_known429term,Terminate,failed,False,loop,,Multiple,2,1,3,False,False,True,False,False,28,C,ERROR,,,0
GulavaniGulwani-CAV2008-Fig1c_true-termination.c,tpdb_known429term,Terminate,unknown,False,loop,,Linear,1,1,2,False,False,True,False,False,23,C,UNKNOWN,,,0
GulwaniJainKoskinen-PLDI2009-Fig1_true-termination.c,tpdb_known429term,Terminate,unknown,False,loop,,Linear,1,1,3,False,False,True,False,True,34,C,UNKNOWN,,,0
HarrisLalNoriRajamani-SAS2010-Fig1_true-termination.c,tpdb_known429term,Terminate,failed,False,loop,,Multiple,2,1,4,False,False,True,False,True,46,C,ERROR,,,0
HarrisLalNoriRajamani-SAS2010-Fig3_true-termination.c,tpdb_known429term,Terminate,failed,False,loop,,Linear,1,1,1,False,False,True,False,False,30,C,ERROR,,,0
HeizmannHoenickeLeikePodelski-ATVA2013-Fig1_true-termination.c,tpdb_known429term,Terminate,unknown,False,loop,,Linear,1,1,1,False,False,True,False,False,22,C,UNKNOWN,,,0
HeizmannHoenickeLeikePodelski-ATVA2013-Fig2_true-termination.c,tpdb_known429term,Terminate,unknown,False,loop,,Linear,1,1,1,False,False,True,False,True,19,C,UNKNOWN,,,0
HeizmannHoenickeLeikePodelski-ATVA2013-Fig4_true-termination.c,tpdb_known429term,Terminate,unknown,False,loop,,Linear,1,1,2,False,False,True,False,False,21,C,UNKNOWN,,,0
HeizmannHoenickeLeikePodelski-ATVA2013-Fig5_true-termination.c,tpdb_known429term,Terminate,failed,False,loop,,Linear,1,1,1,False,False,True,False,False,19,C,ERROR,,,0
HeizmannHoenickeLeikePodelski-ATVA2013-Fig6_true-termination.c,tpdb_known429term,Terminate,Terminate,False,loop,,Linear,1,1,1,True,False,True,False,False,25,C,TERMINATE,,,0
HeizmannHoenickeLeikePodelski-ATVA2013-Fig7_true-termination.c,tpdb_known429term,Terminate,failed,False,loop,,Linear,1,1,2,True,False,True,True,False,26,C,ERROR,,,0
HeizmannHoenickeLeikePodelski-ATVA2013-Fig8_true-termination.c,tpdb_known429term,Terminate,unknown,False,loop,,Linear,1,1,1,False,False,True,False,True,21,C,UNKNOWN,,,0
HeizmannHoenickeLeikePodelski-ATVA2013-Fig9_true-termination.c,tpdb_known429term,Terminate,unknown,False,loop,,Linear,1,1,2,False,False,True,False,True,22,C,UNKNOWN,,,0
IntPath.c,tpdb_known429term,Terminate,failed,False,loop,,Linear,1,1,2,False,False,True,False,False,21,C,ERROR,,,0
KroeningSharyginaTsitovichWintersteiger-CAV2010-Ex_true-termination.c,tpdb_known429term,Terminate,unknown,False,loop,,Linear,1,1,1,False,False,True,False,False,22,C,UNKNOWN,,,0
KroeningSharyginaTsitovichWintersteiger-CAV2010-Fig1_true-termination.c,tpdb_known429term,Terminate,unknown,False,loop,,Linear,1,1,1,False,False,True,False,False,30,C,UNKNOWN,,,0
LarrazOliverasRodriguez-CarbonellRubio-FMCAD2013-Fig1_true-termination.c,tpdb_known429term,Terminate,unknown,False,loop,,Nested,2,2,2,False,False,True,False,False,33,C,UNKNOWN,,,0
LeUserDefRec_true.c,tpdb_known429term,Terminate,,True,recur,non-tail,,0,0,0,False,False,True,False,True,47,C,,,,
LeeJonesBen-Amram-POPL2001-Ex1_true-termination.c,tpdb_known429term,Terminate,,True,recur,tail,,0,0,0,False,False,True,False,False,31,C,,,,
LeeJonesBen-Amram-POPL2001-Ex2_true-termination.c,tpdb_known429term,Terminate,,True,recur,non-tail,,0,0,0,False,False,True,False,True,36,C,,,,
LeeJonesBen-Amram-POPL2001-Ex3_true-termination.c,tpdb_known429term,Terminate,,True,recur,non-tail,,0,0,0,False,False,True,False,True,31,C,,,,
LeeJonesBen-Amram-POPL2001-Ex4_true-termination.c,tpdb_known429term,Terminate,,True,recur,non-tail,,0,0,0,False,False,True,False,True,32,C,,,,
LeeJonesBen-Amram-POPL2001-Ex5_true-termination.c,tpdb_known429term,Terminate,,True,recur,tail,,0,0,0,False,False,True,False,True,32,C,,,,
LeeJonesBen-Amram-POPL2001-Ex6_true-termination.c,tpdb_known429term,Terminate,,True,recur,tail,,0,0,0,False,False,True,False,True,40,C,,,,
LeikeHeizmann-TACAS2014-Ex1_true-termination.c,tpdb_known429term,Terminate,Terminate,False,loop,,Linear,1,1,1,False,False,True,False,False,25,C,TERMINATE,,,0
LeikeHeizmann-TACAS2014-Ex7_true-termination.c,tpdb_known429term,Terminate,unknown,False,loop,,Linear,1,1,1,False,False,True,False,False,29,C,UNKNOWN,,,0
LeikeHeizmann-TACAS2014-Ex8_true-termination.c,tpdb_known429term,Terminate,Terminate,False,loop,,Linear,1,1,1,False,False,True,False,False,27,C,TERMINATE,,,0
LeikeHeizmann-TACAS2014-Ex9_true-termination.c,tpdb_known429term,Terminate,failed,False,loop,,Linear,1,1,2,True,False,True,False,True,26,C,ERROR,,,0
LeikeHeizmann-TACAS2014-Fig1_true-termination.c,tpdb_known429term,Terminate,failed,False,loop,,Linear,1,1,1,False,False,True,False,False,22,C,ERROR,,,0
LeikeHeizmann-WST2014-Ex9_true-termination.c,tpdb_known429term,Terminate,Terminate,False,loop,,Linear,1,1,1,False,False,True,False,False,17,C,TERMINATE,,,0
Lobnya-Boolean-Reordered_true-termination.c,tpdb_known429term,Terminate,failed,False,loop,,Linear,1,1,0,True,True,True,False,False,24,C,ERROR,,,0
Log.c,tpdb_known429term,Terminate,unknown,False,loop,,Nested,2,2,2,False,False,True,False,False,28,C,UNKNOWN,,,0
LogAG.c,tpdb_known429term,Terminate,Terminate,False,loop,,Nested,2,2,2,False,False,True,False,False,29,C,TERMINATE,,,0
Masse-VMCAI2014-Ex6_true-termination.c,tpdb_known429term,Terminate,unknown,False,loop,,Linear,1,1,1,False,False,True,False,False,24,C,UNKNOWN,,,0
Masse-VMCAI2014-Fig1a_true-termination.c,tpdb_known429term,Terminate,failed,False,loop,,Linear,1,1,1,False,False,True,False,False,26,C,ERROR,,,0
McCarthy91_Iteration_true-termination.c,tpdb_known429term,Terminate,unknown,False,loop,,Linear,1,1,1,False,False,True,False,False,24,C,UNKNOWN,,,0
McCarthy91_Recursion_true-termination.c,tpdb_known429term,Terminate,,True,recur,non-tail,,0,0,0,False,False,True,False,False,17,C,,,,
McCarthy91_false-unreach-call_false-termination.c,tpdb_known429term,Terminate,,True,recur,non-tail,,0,0,0,False,False,True,False,True,32,C,,,,
McCarthyIterative.c,tpdb_known429term,Terminate,unknown,False,loop,,Linear,1,1,1,False,False,True,False,False,22,C,UNKNOWN,,,0
MenloPark_true-termination.c,tpdb_known429term,Terminate,unknown,False,loop,,Linear,1,1,1,False,False,True,False,False,28,C,UNKNOWN,,,0
MinusBuiltIn.c,tpdb_known429term,Terminate,unknown,False,loop,,Linear,1,1,2,False,False,True,False,False,20,C,UNKNOWN,,,0
MinusMin.c,tpdb_known429term,Terminate,unknown,False,loop,,Linear,1,1,2,False,False,True,False,False,25,C,UNKNOWN,,,0
MinusUserDefined.c,tpdb_known429term,Terminate,unknown,False,loop,,Nested,3,2,2,False,False,True,False,True,28,C,UNKNOWN,,,0
MutualRecursion_1b_true-termination.c,tpdb_known429term,Terminate,,True,recur,non-tail,,0,0,0,False,False,True,False,False,24,C,,,,
Mysore_true-termination.c,tpdb_known429term,Terminate,unknown,False,loop,,Linear,1,1,2,False,False,True,False,False,23,C,UNKNOWN,,,0
Nested.c,tpdb_known429term,Terminate,unknown,False,loop,,Nested,2,2,2,False,False,True,False,False,20,C,UNKNOWN,,,0
NestedRecursion_1b_true-termination.c,tpdb_known429term,Terminate,failed,True,recur,non-tail,,0,0,0,False,False,True,False,False,26,C,ERROR,,,0
NestedRecursion_1c_true-termination.c,tpdb_known429term,Terminate,unknown,True,recur,non-tail,,0,0,0,False,False,True,False,False,26,C,UNKNOWN,,,0
NestedRecursion_1d_true-termination.c,tpdb_known429term,Terminate,,True,recur,non-tail,,0,0,0,False,False,True,False,False,26,C,,,,
NestedRecursion_2c_true-termination.c,tpdb_known429term,Terminate,,True,recur,non-tail,,0,0,0,False,False,True,False,False,22,C,,,,
NoriSharma-FSE2013-Fig7_true-termination.c,tpdb_known429term,Terminate,unknown,False,loop,,Linear,1,1,4,False,False,True,False,False,29,C,UNKNOWN,,,0
NoriSharma-FSE2013-Fig8_true-termination.c,tpdb_known429term,Terminate,failed,False,loop,,Linear,1,1,2,False,False,True,False,False,33,C,ERROR,,,0
Nyala-2lex_true-termination.c,tpdb_known429term,Terminate,unknown,False,loop,,Linear,1,1,1,True,False,True,False,False,26,C,UNKNOWN,,,0
Overflow.c,tpdb_known429term,Terminate,unknown,False,loop,,Linear,1,1,1,False,False,True,False,False,14,C,UNKNOWN,,,0
Parallel_true-termination.c,tpdb_known429term,Terminate,failed,False,loop,,Linear,1,1,0,True,True,True,False,False,30,C,ERROR,,,0
PastaA1.c,tpdb_known429term,Terminate,unknown,False,loop,,Nested,2,2,2,False,False,True,False,False,19,C,UNKNOWN,,,0
PastaA10.c,tpdb_known429term,Terminate,Terminate,False,loop,,Linear,1,1,2,False,False,True,False,False,20,C,TERMINATE,,,0
PastaA4.c,tpdb_known429term,Terminate,Terminate,False,loop,,Linear,1,1,2,False,False,True,False,False,16,C,TERMINATE,,,0
PastaA5.c,tpdb_known429term,Terminate,Terminate,False,loop,,Linear,1,1,2,False,False,True,False,False,16,C,TERMINATE,,,0
PastaA6.c,tpdb_known429term,Terminate,Terminate,False,loop,,Linear,1,1,3,False,False,True,False,False,19,C,TERMINATE,,,0
PastaA7.c,tpdb_known429term,Terminate,unknown,False,loop,,Linear,1,1,3,False,False,True,False,True,19,C,UNKNOWN,,,0
PastaA8.c,tpdb_known429term,Terminate,Terminate,False,loop,,Linear,1,1,2,False,False,True,False,False,17,C,TERMINATE,,,0
PastaA9.c,tpdb_known429term,Terminate,unknown,False,loop,,Linear,1,1,2,False,False,True,False,False,20,C,UNKNOWN,,,0
PastaB1.c,tpdb_known429term,Terminate,Terminate,False,loop,,Linear,1,1,2,False,False,True,False,False,16,C,TERMINATE,,,0
PastaB11.c,tpdb_known429term,Terminate,Terminate,False,loop,,Linear,1,1,2,False,False,True,False,False,24,C,TERMINATE,,,0
PastaB14.c,tpdb_known429term,Terminate,unknown,False,loop,,Nested,2,2,2,False,False,True,False,True,19,C,UNKNOWN,,,0
PastaB15.c,tpdb_known429term,Terminate,unknown,False,loop,,Nested,2,2,3,False,False,True,False,True,21,C,UNKNOWN,,,0
PastaB16.c,tpdb_known429term,Terminate,failed,False,loop,,Nested,2,2,2,False,False,True,False,False,19,C,ERROR,,,0
PastaB17.c,tpdb_known429term,Terminate,Terminate,False,loop,,Nested,2,2,3,False,False,True,False,False,21,C,TERMINATE,,,0
PastaB2.c,tpdb_known429term,Terminate,Terminate,False,loop,,Linear,1,1,2,False,False,True,False,False,17,C,TERMINATE,,,0
PastaB3.c,tpdb_known429term,Terminate,unknown,False,loop,,Linear,1,1,2,False,False,True,False,False,18,C,UNKNOWN,,,0
PastaB4.c,tpdb_known429term,Terminate,failed,False,loop,,Linear,1,1,2,False,False,True,False,False,19,C,ERROR,,,0
PastaB6.c,tpdb_known429term,Terminate,Terminate,False,loop,,Linear,1,1,2,False,False,True,False,True,17,C,TERMINATE,,,0
PastaB7.c,tpdb_known429term,Terminate,unknown,False,loop,,Linear,1,1,3,False,False,True,False,True,19,C,UNKNOWN,,,0
PastaC1.c,tpdb_known429term,Terminate,unknown,False,loop,,Nested,2,2,2,False,False,True,False,True,19,C,UNKNOWN,,,0
PastaC2.c,tpdb_known429term,Terminate,failed,False,loop,,Nested,2,2,2,False,False,True,False,False,20,C,ERROR,,,0
PastaC3.c,tpdb_known429term,Terminate,Terminate,False,loop,,Linear,1,1,2,False,False,True,False,False,22,C,TERMINATE,,,0
PastaC7.c,tpdb_known429term,Terminate,failed,False,loop,,Linear,1,1,3,False,False,True,False,True,21,C,ERROR,,,0
PastaC9.c,tpdb_known429term,Terminate,Terminate,False,loop,,Linear,1,1,2,False,False,True,False,True,24,C,TERMINATE,,,0
Piecewise_true-termination.c,tpdb_known429term,Terminate,Terminate,False,loop,,Linear,1,1,2,False,False,True,False,True,32,C,TERMINATE,,,0
PlusSwap.c,tpdb_known429term,Terminate,failed,False,loop,,Linear,1,1,1,False,False,True,False,False,24,C,ERROR,,,0
PodelskiRybalchenko-LICS2004-Fig1_true-termination.c,tpdb_known429term,Terminate,Terminate,False,loop,,Nested,2,2,2,False,False,True,False,True,25,C,TERMINATE,,,0
PodelskiRybalchenko-LICS2004-Fig2-TACAS2011-Fig3_true-termination.c,tpdb_known429term,Terminate,failed,False,loop,,Linear,1,1,2,False,False,True,False,True,33,C,ERROR,,,0
PodelskiRybalchenko-LICS2004-Fig2_true-termination.c,tpdb_known429term,Terminate,unknown,False,loop,,Linear,1,1,2,False,False,True,False,True,28,C,UNKNOWN,,,0
PodelskiRybalchenko-TACAS2011-Fig1_true-termination.c,tpdb_known429term,Terminate,Terminate,False,loop,,Linear,1,1,1,False,False,True,False,False,20,C,TERMINATE,,,0
PodelskiRybalchenko-TACAS2011-Fig2_true-termination.c,tpdb_known429term,Terminate,failed,False,loop,,Nested,2,2,2,False,False,True,False,False,25,C,ERROR,,,0
PodelskiRybalchenko-TACAS2011-Fig4_true-termination.c,tpdb_known429term,Terminate,unknown,False,loop,,Linear,1,1,2,False,False,True,False,True,23,C,UNKNOWN,,,0
PodelskiRybalchenko-VMCAI2004-Ex1_true-termination.c,tpdb_known429term,Terminate,failed,False,loop,,Linear,1,1,2,False,False,True,False,False,32,C,ERROR,,,0
PodelskiRybalchenko-VMCAI2004-Ex2_true-termination.c,tpdb_known429term,Terminate,Terminate,False,loop,,Linear,1,1,1,False,False,True,False,True,21,C,TERMINATE,,,0
Pure2Phase_true-termination.c,tpdb_known429term,Terminate,unknown,False,loop,,Linear,1,1,1,False,False,True,False,False,28,C,UNKNOWN,,,0
Pure3Phase_true-termination.c,tpdb_known429term,Terminate,failed,False,loop,,Linear,1,1,1,False,False,True,False,False,30,C,ERROR,,,0
RecursiveMultiplication_true-termination.c,tpdb_known429term,Terminate,,True,recur,non-tail,,0,0,0,False,False,True,False,True,27,C,,,,
Sequence.c,tpdb_known429term,Terminate,failed,False,loop,,Multiple,2,1,2,False,False,True,False,False,16,C,ERROR,,,0
Singapore_true-termination.c,tpdb_known429term,Terminate,failed,False,loop,,Linear,1,1,1,False,False,True,False,False,23,C,ERROR,,,0
Stockholm_true-termination.c,tpdb_known429term,Terminate,unknown,False,loop,,Linear,1,1,1,False,False,True,False,False,23,C,UNKNOWN,,,0
SyntaxSupportPointer01_true-termination.c,tpdb_known429term,Terminate,unknown,False,loop,,Linear,1,1,1,False,False,True,False,True,16,C,UNKNOWN,,,0
TelAviv-Amir-Minimum_true-termination.c,tpdb_known429term,Terminate,unknown,False,loop,,Linear,1,1,2,False,False,True,False,True,38,C,UNKNOWN,,,0
TerminatorRec02_true.c,tpdb_known429term,Terminate,,True,recur,non-tail,,0,0,0,False,False,True,False,True,35,C,,,,
Thun_true-termination.c,tpdb_known429term,Terminate,failed,False,loop,,Linear,1,1,1,False,False,True,False,True,33,C,ERROR,,,0
Toulouse-BranchesToLoop_true-termination.c,tpdb_known429term,Terminate,unknown,False,loop,,Linear,1,1,2,False,False,True,False,True,25,C,UNKNOWN,,,0
Toulouse-MultiBranchesToLoop_true-termination.c,tpdb_known429term,Terminate,unknown,False,loop,,Linear,1,1,2,False,False,True,False,True,65,C,UNKNOWN,,,0
TwoWay_true.c,tpdb_known429term,Terminate,,True,recur,non-tail,,0,0,0,False,False,True,False,True,50,C,,,,
Urban-WST2013-Fig2-modified1000_true-termination.c,tpdb_known429term,Terminate,unknown,False,loop,,Nested,2,2,2,False,False,True,False,False,27,C,UNKNOWN,,,0
Urban-WST2013-Fig2_true-termination.c,tpdb_known429term,Terminate,unknown,False,loop,,Nested,2,2,2,False,False,True,False,False,27,C,UNKNOWN,,,0
UrbanMine-ESOP2014-Fig3_true-termination.c,tpdb_known429term,Terminate,unknown,False,loop,,Linear,1,1,2,False,False,True,False,True,31,C,UNKNOWN,,,0
Waldkirch_true-termination.c,tpdb_known429term,Terminate,Terminate,False,loop,,Linear,1,1,1,False,False,True,False,False,19,C,TERMINATE,,,0
WhileDecr.c,tpdb_known429term,Terminate,Terminate,False,loop,,Linear,1,1,1,False,False,True,False,False,14,C,TERMINATE,,,0
WhileFalse_true-termination.c,tpdb_known429term,Terminate,failed,False,loop,,Linear,1,1,0,False,False,False,False,False,15,C,ERROR,,,0
aaron2_true-termination.c,tpdb_known429term,Terminate,unknown,False,loop,,Linear,1,1,3,False,False,True,False,True,24,C,UNKNOWN,,,0
aaron3_true-termination.c,tpdb_known429term,Terminate,unknown,False,loop,,Linear,1,1,4,False,False,False,False,True,27,C,UNKNOWN,,,0
afterrec_2calls_false-unreach-call.c,tpdb_known429term,Terminate,,True,recur,non-tail,,0,0,0,False,False,True,False,False,22,C,,,,
asc_ll_search_last.c,tpdb_known429term,Terminate,failed,False,loop,,Multiple,2,1,4,False,False,True,False,True,37,C,ERROR,,,0
aviad_true-termination.c,tpdb_known429term,Terminate,failed,False,loop,,Linear,1,1,1,False,False,True,False,False,25,C,ERROR,,,0
cdaudio_simpl1_false-unreach-call_true-termination.cil.c,tpdb_known429term,Terminate,failed,False,loop,,Linear,1,1,0,False,True,True,False,True,2948,C,ERROR,,,0
data_structures_set_multi_proc_false-unreach-call_ground.c,tpdb_known429term,Terminate,failed,False,loop,,Nested,6,2,6,False,False,True,True,False,37,C,ERROR,,,0
desc_ll_search-ptrdiff_existing.c,tpdb_known429term,Terminate,unknown,False,loop,,Multiple,2,1,3,False,False,True,False,True,45,C,UNKNOWN,,,0
desc_ll_search_existing.c,tpdb_known429term,Terminate,Terminate,False,loop,,Multiple,2,1,5,False,False,True,False,True,39,C,TERMINATE,,,0
desc_ll_search_last.c,tpdb_known429term,Terminate,failed,False,loop,,Multiple,2,1,5,False,False,True,False,True,37,C,ERROR,,,0
desc_ll_search_mod.c,tpdb_known429term,Terminate,failed,False,loop,,Multiple,2,1,5,False,False,True,False,True,39,C,ERROR,,,0
desc_ll_with_offset_search.c,tpdb_known429term,Terminate,failed,False,loop,,Multiple,2,1,6,False,False,True,False,True,40,C,ERROR,,,0
diskperf_simpl1_true-unreach-call_true-termination.cil.c,tpdb_known429term,Terminate,unknown,False,loop,,Linear,1,1,0,False,True,True,False,True,1453,C,UNKNOWN,,,0
easy1_true-termination.c,tpdb_known429term,Terminate,unknown,False,loop,,Linear,1,1,1,False,False,True,False,False,28,C,UNKNOWN,,,0
easy2_true-termination.c,tpdb_known429term,Terminate,failed,False,loop,,Linear,1,1,1,False,False,True,False,False,26,C,ERROR,,,0
email_spec0_product05_true-unreach-call.cil.c,tpdb_known429term,Terminate,failed,False,loop,,Nested,4,2,0,False,True,True,False,True,3782,C,"ERROR,UNKNOWN",,,0
ex2.c,tpdb_known429term,Terminate,,True,recur,non-tail,,0,0,0,False,False,True,False,False,20,C,,,,
ex3.c,tpdb_known429term,Terminate,,True,recur,non-tail,,0,0,0,False,False,True,False,False,20,C,,,,
fibo_2calls_2_false-unreach-call.c,tpdb_known429term,Terminate,,True,recur,non-tail,,0,0,0,False,False,True,False,False,42,C,,,,
fibo_5_false-unreach-call.c,tpdb_known429term,Terminate,,True,recur,non-tail,,0,0,0,False,False,True,False,False,30,C,,,,
floppy_simpl3_false-unreach-call_true-termination.cil.c,tpdb_known429term,Terminate,Terminate,False,loop,,Linear,1,1,0,False,True,True,False,True,1501,C,TERMINATE,,,0
gcd01_true-unreach-call_true-termination.c,tpdb_known429term,Terminate,,True,recur,non-tail,,0,0,0,False,False,True,False,True,43,C,,,,
gcd1_true-termination.c,tpdb_known429term,Terminate,failed,False,loop,,Nested,2,2,2,False,False,True,False,False,39,C,ERROR,,,0
genady_true-termination.c,tpdb_known429term,Terminate,unknown,False,loop,,Linear,1,1,2,False,False,True,False,False,14,C,UNKNOWN,,,0
id_i10_o10_false-unreach-call.c,tpdb_known429term,Terminate,,True,recur,non-tail,,0,0,0,False,False,True,False,False,15,C,,,,
kbfiltr_simpl1_true-unreach-call_true-termination.cil.c,tpdb_known429term,Terminate,,False,unknown,,,0,0,0,False,False,True,False,True,768,C,,,,
majority-noarray_true-termination.c,tpdb_known429term,Terminate,failed,False,loop,,Nested,5,2,2,True,True,True,False,True,460,C,ERROR,,,0
min_rf_true-termination.c,tpdb_known429term,Terminate,unknown,False,loop,,Linear,1,1,2,False,False,True,False,True,25,C,UNKNOWN,,,0
nondet_ll_delete.c,tpdb_known429term,Terminate,failed,False,loop,,Multiple,2,1,4,False,False,True,False,True,50,C,ERROR,,,0
nondet_ll_init.c,tpdb_known429term,Terminate,unknown,False,loop,,Linear,1,1,2,False,False,True,False,True,28,C,UNKNOWN,,,0
nondet_ll_init_rec.c,tpdb_known429term,Terminate,,True,recur,non-tail,,0,0,0,False,False,True,False,True,23,C,,,,
nondet_ll_insert.c,tpdb_known429term,Terminate,unknown,False,loop,,Multiple,2,1,6,False,False,True,False,True,53,C,UNKNOWN,,,0
nondet_ll_search_last_n.c,tpdb_known429term,Terminate,failed,False,loop,,Multiple,2,1,5,False,False,True,False,True,40,C,ERROR,,,0
nondet_ll_search_last_zero.c,tpdb_known429term,Terminate,unknown,False,loop,,Multiple,2,1,5,False,False,True,False,True,40,C,UNKNOWN,,,0
nondet_ll_search_zero.c,tpdb_known429term,Terminate,unknown,False,loop,,Multiple,2,1,6,False,False,True,False,True,37,C,UNKNOWN,,,0
nondet_ll_skip.c,tpdb_known429term,Terminate,failed,False,loop,,Multiple,2,1,5,False,False,True,False,True,46,C,ERROR,,,0
nondet_ll_traverse-ptrdiff.c,tpdb_known429term,Terminate,Terminate,False,loop,,Multiple,2,1,3,False,False,True,False,True,43,C,TERMINATE,,,0
nondet_ll_traverse.c,tpdb_known429term,Terminate,Terminate,False,loop,,Multiple,2,1,4,False,False,True,False,True,37,C,TERMINATE,,,0
nondet_ll_traverse_rec.c,tpdb_known429term,Terminate,,True,recur,non-tail,,0,0,0,False,False,True,False,True,30,C,,,,
recHanoi01_true-unreach-call_true-termination.c,tpdb_known429term,Terminate,,True,recur,non-tail,,0,0,0,False,False,True,False,True,56,C,,,,
rec_counter1.c,tpdb_known429term,Terminate,Terminate,True,loop,non-tail,Linear,1,1,1,False,False,True,False,False,22,C,TERMINATE,,,0
rec_counter3.c,tpdb_known429term,Terminate,failed,True,loop,non-tail,Multiple,2,1,2,False,False,True,False,False,24,C,ERROR,,,0
rec_strlen.c,tpdb_known429term,Terminate,,True,recur,non-tail,,0,0,0,False,False,True,True,True,21,C,,,,
s3_clnt_1_false-unreach-call.cil.c,tpdb_known429term,Terminate,failed,False,loop,,Linear,1,1,0,False,True,True,False,True,770,C,ERROR,,,0
standard_compare_true-unreach-call_ground.c,tpdb_known429term,Terminate,unknown,False,loop,,Multiple,2,1,2,False,False,True,True,False,21,C,UNKNOWN,,,0
standard_copy7_true-unreach-call_ground.c,tpdb_known429term,Terminate,failed,False,loop,,Multiple,8,1,2,False,False,True,True,False,39,C,ERROR,,,0
standard_password_true-unreach-call_ground.c,tpdb_known429term,Terminate,unknown,False,loop,,Multiple,2,1,2,False,False,True,True,False,20,C,UNKNOWN,,,0
sum_2x3_false-unreach-call.c,tpdb_known429term,Terminate,,True,recur,tail,,0,0,0,False,False,True,False,False,18,C,,,,
svcomp_Ackermann01_true-unreach-call_modified_modified.c,tpdb_known429term,Terminate,failed,True,recur,non-tail,,0,0,0,False,False,True,False,False,40,C,ERROR,,,0
svcomp_Addition01_true-unreach-call_true-termination_modified.c,tpdb_known429term,Terminate,,True,recur,tail,,0,0,0,False,False,True,False,False,37,C,,,,
svcomp_Avery-2006FLOPS-Tabel1_true-alloca.c,tpdb_known429term,Terminate,unknown,False,loop,,Multiple,2,1,2,False,False,True,False,True,33,C,UNKNOWN,,,0
svcomp_Ben-Amram-2010LMCS-Ex2.3_true-alloca.c,tpdb_known429term,Terminate,failed,False,loop,,Linear,1,1,3,False,False,True,False,True,35,C,ERROR,,,0
svcomp_BrockschmidtCookFuhs-2013CAV-Fig1_true-alloca.c,tpdb_known429term,Terminate,unknown,False,loop,,Nested,2,2,3,False,False,True,False,True,15,C,UNKNOWN,,,0
svcomp_BrockschmidtCookFuhs-2013CAV-Introduction_true-alloca.c,tpdb_known429term,Terminate,unknown,False,loop,,Linear,1,1,1,False,False,False,False,True,12,C,UNKNOWN,,,0
svcomp_ChenFlurMukhopadhyay-2012SAS-Fig1_true-alloca.c,tpdb_known429term,Terminate,failed,False,loop,,Linear,1,1,1,False,False,True,False,True,18,C,ERROR,,,0
svcomp_CookSeeZuleger-2013TACAS-Fig3_true-alloca.c,tpdb_known429term,Terminate,unknown,False,loop,,Linear,1,1,2,False,False,True,False,True,16,C,UNKNOWN,,,0
svcomp_CookSeeZuleger-2013TACAS-Fig7a_true-alloca.c,tpdb_known429term,Terminate,unknown,False,loop,,Linear,1,1,3,False,False,True,False,True,20,C,UNKNOWN,,,0
svcomp_CookSeeZuleger-2013TACAS-Fig7b_true-alloca.c,tpdb_known429term,Terminate,Terminate,False,loop,,Linear,1,1,3,False,False,True,False,True,21,C,TERMINATE,,,0
svcomp_EvenOdd01_true-unreach-call_true-termination_modified.c,tpdb_known429term,Terminate,,True,recur,non-tail,,0,0,0,False,False,True,False,False,48,C,,,,
svcomp_Fibonacci01_true-unreach-call_modified.c,tpdb_known429term,Terminate,,True,recur,non-tail,,0,0,0,False,False,True,False,False,37,C,,,,
svcomp_GulwaniJainKoskinen-2009PLDI-Fig1_true-alloca.c,tpdb_known429term,Terminate,failed,False,loop,,Linear,1,1,3,False,False,True,False,True,23,C,ERROR,,,0
svcomp_HarrisLalNoriRajamani-2010SAS-Fig1_true-alloca.c,tpdb_known429term,Terminate,failed,False,loop,,Multiple,2,1,4,False,False,True,False,True,43,C,"ERROR,UNKNOWN",,,0
svcomp_HarrisLalNoriRajamani-2010SAS-Fig3_true-alloca.c,tpdb_known429term,Terminate,unknown,False,loop,,Linear,1,1,1,False,False,True,False,True,23,C,UNKNOWN,,,0
svcomp_KroeningSharyginaTsitovichWintersteiger-2010CAV-Fig1_true-alloca.c,tpdb_known429term,Terminate,Terminate,False,loop,,Linear,1,1,1,False,False,True,False,True,22,C,TERMINATE,,,0
svcomp_LarrazOliverasRodriguez-CarbonellRubio-2013FMCAD-Fig1_true-alloca.c,tpdb_known429term,Terminate,failed,False,loop,,Nested,2,2,2,False,False,True,False,True,21,C,ERROR,,,0
svcomp_MultCommutative_true-unreach-call_true-termination_modified.c,tpdb_known429term,Terminate,,True,recur,non-tail,,0,0,0,False,False,True,False,False,42,C,,,,
svcomp_NoriSharma-2013FSE-Fig7_true-alloca.c,tpdb_known429term,Terminate,failed,False,loop,,Linear,1,1,4,False,False,True,False,True,20,C,ERROR,,,0
svcomp_NoriSharma-2013FSE-Fig8_true-alloca.c,tpdb_known429term,Terminate,Terminate,False,loop,,Linear,1,1,2,False,False,True,False,True,25,C,TERMINATE,,,0
svcomp_Toulouse-BranchesToLoop_true-alloca.c,tpdb_known429term,Terminate,unknown,False,loop,,Linear,1,1,2,False,False,True,False,True,21,C,UNKNOWN,,,0
svcomp_Toulouse-MultiBranchesToLoop_true-alloca.c,tpdb_known429term,Terminate,unknown,False,loop,,Linear,1,1,2,False,False,True,False,True,61,C,UNKNOWN,,,0
svcomp_Urban-2013WST-Fig2-modified1000_true-alloca.c,tpdb_known429term,Terminate,unknown,False,loop,,Nested,2,2,2,False,False,True,False,True,13,C,UNKNOWN,,,0
svcomp_Urban-2013WST-Fig2_true-alloca.c,tpdb_known429term,Terminate,unknown,False,loop,,Nested,2,2,2,False,False,True,False,True,13,C,UNKNOWN,,,0
svcomp_Urban_true-alloca.c,tpdb_known429term,Terminate,failed,False,loop,,Linear,1,1,2,False,False,True,False,True,25,C,ERROR,,,0
svcomp_a.01-alloca.c,tpdb_known429term,Terminate,unknown,False,loop,,Nested,2,2,2,False,False,True,False,True,26,C,UNKNOWN,,,0
svcomp_a.01.c,tpdb_known429term,Terminate,failed,False,loop,,Nested,2,2,2,False,False,True,False,False,19,C,ERROR,,,0
svcomp_a.04-alloca.c,tpdb_known429term,Terminate,unknown,False,loop,,Linear,1,1,2,False,False,True,False,True,22,C,UNKNOWN,,,0
svcomp_a.04.c,tpdb_known429term,Terminate,Terminate,False,loop,,Linear,1,1,2,False,False,True,False,False,15,C,TERMINATE,,,0
svcomp_a.05-alloca.c,tpdb_known429term,Terminate,unknown,False,loop,,Linear,1,1,2,False,False,True,False,True,22,C,UNKNOWN,,,0
svcomp_a.05.c,tpdb_known429term,Terminate,Terminate,False,loop,,Linear,1,1,2,False,False,True,False,False,15,C,TERMINATE,,,0
svcomp_a.06-alloca.c,tpdb_known429term,Terminate,unknown,False,loop,,Linear,1,1,3,False,False,True,False,True,25,C,UNKNOWN,,,0
svcomp_a.06.c,tpdb_known429term,Terminate,failed,False,loop,,Linear,1,1,3,False,False,True,False,False,16,C,ERROR,,,0
svcomp_a.07-alloca.c,tpdb_known429term,Terminate,unknown,False,loop,,Linear,1,1,2,False,False,True,False,True,25,C,UNKNOWN,,,0
svcomp_a.07.c,tpdb_known429term,Terminate,failed,False,loop,,Linear,1,1,2,False,False,True,False,True,16,C,ERROR,,,0
svcomp_a.08-alloca.c,tpdb_known429term,Terminate,Terminate,False,loop,,Linear,1,1,2,False,False,True,False,True,23,C,TERMINATE,,,0
svcomp_a.08.c,tpdb_known429term,Terminate,failed,False,loop,,Linear,1,1,2,False,False,True,False,False,16,C,ERROR,,,0
svcomp_a.09_assume-alloca.c,tpdb_known429term,Terminate,unknown,False,loop,,Linear,1,1,2,False,False,True,False,True,29,C,UNKNOWN,,,0
svcomp_a.09_assume.c,tpdb_known429term,Terminate,unknown,False,loop,,Linear,1,1,2,False,False,True,False,False,21,C,UNKNOWN,,,0
svcomp_a.10-alloca.c,tpdb_known429term,Terminate,unknown,False,loop,,Linear,1,1,2,False,False,True,False,True,26,C,UNKNOWN,,,0
svcomp_a.10.c,tpdb_known429term,Terminate,unknown,False,loop,,Linear,1,1,2,False,False,True,False,False,19,C,UNKNOWN,,,0
svcomp_array01_alloca.c,tpdb_known429term,Terminate,Terminate,False,loop,,Nested,2,2,3,False,False,True,True,True,25,C,TERMINATE,,,0
svcomp_array02_alloca.c,tpdb_known429term,Terminate,failed,False,loop,,Nested,3,2,3,False,False,True,True,True,29,C,ERROR,,,0
svcomp_array03_alloca.c,tpdb_known429term,Terminate,failed,False,loop,,Multiple,2,1,3,False,False,True,True,True,31,C,ERROR,,,0
svcomp_aviad_true-alloca.c,tpdb_known429term,Terminate,unknown,False,loop,,Linear,1,1,1,False,False,True,False,True,25,C,UNKNOWN,,,0
svcomp_b.01-alloca.c,tpdb_known429term,Terminate,failed,False,loop,,Linear,1,1,2,False,False,True,False,True,22,C,ERROR,,,0
svcomp_b.01.c,tpdb_known429term,Terminate,unknown,False,loop,,Linear,1,1,2,False,False,True,False,False,15,C,UNKNOWN,,,0
svcomp_b.02-alloca.c,tpdb_known429term,Terminate,Terminate,False,loop,,Linear,1,1,2,False,False,True,False,True,23,C,TERMINATE,,,0
svcomp_b.02.c,tpdb_known429term,Terminate,unknown,False,loop,,Linear,1,1,2,False,False,True,False,False,16,C,UNKNOWN,,,0
svcomp_b.03-no-inv_assume-alloca.c,tpdb_known429term,Terminate,unknown,False,loop,,Linear,1,1,2,False,False,True,False,True,23,C,UNKNOWN,,,0
svcomp_b.03-no-inv_assume.c,tpdb_known429term,Terminate,unknown,False,loop,,Linear,1,1,2,False,False,True,False,False,18,C,UNKNOWN,,,0
svcomp_b.03_assume-alloca.c,tpdb_known429term,Terminate,failed,False,loop,,Linear,1,1,2,False,False,True,False,True,27,C,ERROR,,,0
svcomp_b.03_assume.c,tpdb_known429term,Terminate,unknown,False,loop,,Linear,1,1,2,False,False,True,False,False,22,C,UNKNOWN,,,0
svcomp_b.04-alloca.c,tpdb_known429term,Terminate,Terminate,False,loop,,Linear,1,1,2,False,False,True,False,True,23,C,TERMINATE,,,0
svcomp_b.04.c,tpdb_known429term,Terminate,failed,False,loop,,Linear,1,1,2,False,False,True,False,False,15,C,ERROR,,,0
svcomp_b.05-alloca.c,tpdb_known429term,Terminate,failed,False,loop,,Linear,1,1,1,False,False,True,False,True,21,C,ERROR,,,0
svcomp_b.05.c,tpdb_known429term,Terminate,Terminate,False,loop,,Linear,1,1,1,False,False,True,False,True,15,C,TERMINATE,,,0
svcomp_b.06-alloca.c,tpdb_known429term,Terminate,unknown,False,loop,,Linear,1,1,1,False,False,True,False,True,23,C,UNKNOWN,,,0
svcomp_b.06.c,tpdb_known429term,Terminate,unknown,False,loop,,Linear,1,1,1,False,False,True,False,True,16,C,UNKNOWN,,,0
svcomp_b.07-alloca.c,tpdb_known429term,Terminate,unknown,False,loop,,Linear,1,1,2,False,False,True,False,True,25,C,UNKNOWN,,,0
svcomp_b.07.c,tpdb_known429term,Terminate,failed,False,loop,,Linear,1,1,2,False,False,True,False,True,16,C,ERROR,,,0
svcomp_b.09-no-inv_assume-alloca.c,tpdb_known429term,Terminate,failed,False,loop,,Linear,1,1,1,False,False,True,False,True,30,C,ERROR,,,0
svcomp_b.09-no-inv_assume.c,tpdb_known429term,Terminate,failed,False,loop,,Linear,1,1,1,False,False,True,False,False,23,C,ERROR,,,0
svcomp_b.09_assume-alloca.c,tpdb_known429term,Terminate,unknown,False,loop,,Linear,1,1,1,False,False,True,False,True,34,C,UNKNOWN,,,0
svcomp_b.09_assume.c,tpdb_known429term,Terminate,unknown,False,loop,,Linear,1,1,1,False,False,True,False,False,27,C,UNKNOWN,,,0
svcomp_b.10-alloca.c,tpdb_known429term,Terminate,failed,False,loop,,Linear,1,1,2,False,False,True,False,True,30,C,ERROR,,,0
svcomp_b.10.c,tpdb_known429term,Terminate,unknown,False,loop,,Linear,1,1,2,False,False,True,False,False,23,C,UNKNOWN,,,0
svcomp_b.11-alloca.c,tpdb_known429term,Terminate,failed,False,loop,,Linear,1,1,2,False,False,True,False,True,30,C,ERROR,,,0
svcomp_b.11.c,tpdb_known429term,Terminate,failed,False,loop,,Linear,1,1,2,False,False,True,False,False,23,C,ERROR,,,0
svcomp_b.12-alloca.c,tpdb_known429term,Terminate,unknown,False,loop,,Linear,1,1,1,False,False,True,False,True,30,C,UNKNOWN,,,0
svcomp_b.12.c,tpdb_known429term,Terminate,failed,False,loop,,Linear,1,1,1,False,False,True,False,False,23,C,ERROR,,,0
svcomp_b.13-alloca.c,tpdb_known429term,Terminate,failed,False,loop,,Linear,1,1,2,False,False,True,False,True,32,C,ERROR,,,0
svcomp_b.13.c,tpdb_known429term,Terminate,failed,False,loop,,Linear,1,1,2,False,False,True,False,False,23,C,ERROR,,,0
svcomp_b.14-alloca.c,tpdb_known429term,Terminate,unknown,False,loop,,Nested,2,2,2,False,False,True,False,True,25,C,UNKNOWN,,,0
svcomp_b.14.c,tpdb_known429term,Terminate,Terminate,False,loop,,Nested,2,2,2,False,False,True,False,True,18,C,TERMINATE,,,0
svcomp_b.15-alloca.c,tpdb_known429term,Terminate,failed,False,loop,,Nested,2,2,3,False,False,True,False,True,27,C,ERROR,,,0
svcomp_b.15.c,tpdb_known429term,Terminate,unknown,False,loop,,Nested,2,2,3,False,False,True,False,True,18,C,UNKNOWN,,,0
svcomp_b.16-alloca.c,tpdb_known429term,Terminate,unknown,False,loop,,Nested,2,2,2,False,False,True,False,True,26,C,UNKNOWN,,,0
svcomp_b.16.c,tpdb_known429term,Terminate,failed,False,loop,,Nested,2,2,2,False,False,True,False,False,19,C,ERROR,,,0
svcomp_b.17-alloca.c,tpdb_known429term,Terminate,failed,False,loop,,Nested,2,2,3,False,False,True,False,True,28,C,ERROR,,,0
svcomp_b.17.c,tpdb_known429term,Terminate,unknown,False,loop,,Nested,2,2,3,False,False,True,False,False,19,C,UNKNOWN,,,0
svcomp_b.18-alloca.c,tpdb_known429term,Terminate,unknown,False,loop,,Nested,3,2,2,False,False,True,False,True,27,C,"TERMINATE,UNKNOWN",,,0
svcomp_b.18.c,tpdb_known429term,Terminate,failed,False,loop,,Nested,3,2,2,False,False,True,False,True,21,C,"ERROR,TERMINATE",,,0
svcomp_bubblesort_alloca.c,tpdb_known429term,Terminate,failed,False,loop,,Nested,2,2,2,False,False,True,True,True,28,C,ERROR,,,0
svcomp_c.01-no-inv-alloca.c,tpdb_known429term,Terminate,Terminate,False,loop,,Nested,2,2,2,False,False,True,False,True,26,C,TERMINATE,,,0
svcomp_c.01-no-inv.c,tpdb_known429term,Terminate,unknown,False,loop,,Nested,2,2,2,False,False,True,False,True,19,C,UNKNOWN,,,0
svcomp_c.01_assume-alloca.c,tpdb_known429term,Terminate,failed,False,loop,,Nested,2,2,2,False,False,True,False,True,27,C,ERROR,,,0
svcomp_c.01_assume.c,tpdb_known429term,Terminate,unknown,False,loop,,Nested,2,2,2,False,False,True,False,True,21,C,"TERMINATE,UNKNOWN",,,0
svcomp_c.02-alloca.c,tpdb_known429term,Terminate,failed,False,loop,,Nested,2,2,2,False,False,True,False,True,27,C,ERROR,,,0
svcomp_c.02.c,tpdb_known429term,Terminate,failed,False,loop,,Nested,2,2,2,False,False,True,False,False,20,C,ERROR,,,0
svcomp_c.03-alloca.c,tpdb_known429term,Terminate,failed,False,loop,,Linear,1,1,2,False,False,True,False,True,28,C,ERROR,,,0
svcomp_c.03.c,tpdb_known429term,Terminate,failed,False,loop,,Linear,1,1,2,False,False,True,False,False,21,C,ERROR,,,0
svcomp_c.07-alloca.c,tpdb_known429term,Terminate,Terminate,False,loop,,Linear,1,1,1,False,False,True,False,True,29,C,TERMINATE,,,0
svcomp_c.07.c,tpdb_known429term,Terminate,failed,False,loop,,Linear,1,1,1,False,False,True,False,True,18,C,ERROR,,,0
svcomp_c.08-alloca.c,tpdb_known429term,Terminate,unknown,False,loop,,Nested,2,2,2,False,False,True,False,True,26,C,UNKNOWN,,,0
svcomp_c.08.c,tpdb_known429term,Terminate,unknown,False,loop,,Nested,2,2,2,False,False,True,False,False,19,C,UNKNOWN,,,0
svcomp_count_down_alloca.c,tpdb_known429term,Terminate,Terminate,False,loop,,Nested,3,2,4,False,False,True,True,True,24,C,TERMINATE,,,0
svcomp_cstrchr_true_alloca.c,tpdb_known429term,Terminate,failed,False,loop,,Linear,1,1,2,False,False,True,True,True,30,C,ERROR,,,0
svcomp_cstrcmp_true-termination.c,tpdb_known429term,Terminate,failed,False,loop,,Linear,1,1,2,False,False,True,True,True,45,C,ERROR,,,0
svcomp_cstrcmp_true_alloca.c,tpdb_known429term,Terminate,failed,False,loop,,Linear,1,1,2,False,False,True,True,True,42,C,ERROR,,,0
svcomp_cstrcpy_alloca.c,tpdb_known429term,Terminate,failed,False,loop,,Linear,1,1,2,False,False,True,True,True,32,C,ERROR,,,0
svcomp_cstrcspn_true-termination.c,tpdb_known429term,Terminate,Terminate,False,loop,,Nested,2,2,3,False,False,True,True,True,43,C,TERMINATE,,,0
svcomp_cstrcspn_true_alloca.c,tpdb_known429term,Terminate,unknown,False,loop,,Nested,2,2,3,False,False,True,True,True,41,C,UNKNOWN,,,0
svcomp_cstrlen_true-termination.c,tpdb_known429term,Terminate,failed,False,loop,,Linear,1,1,1,False,False,True,True,True,37,C,ERROR,,,0
svcomp_cstrlen_true_alloca.c,tpdb_known429term,Terminate,failed,False,loop,,Linear,1,1,1,False,False,True,True,True,28,C,ERROR,,,0
svcomp_cstrncmp_true-termination.c,tpdb_known429term,Terminate,failed,False,loop,,Linear,1,1,3,False,False,True,True,True,48,C,ERROR,,,0
svcomp_cstrncmp_true_alloca.c,tpdb_known429term,Terminate,failed,False,loop,,Linear,1,1,3,False,False,True,True,True,45,C,ERROR,,,0
svcomp_cstrncpy_alloca.c,tpdb_known429term,Terminate,failed,False,loop,,Nested,2,2,2,True,False,True,True,True,42,C,"ERROR,UNKNOWN",,,0
svcomp_cstrpbrk_true-termination.c,tpdb_known429term,Terminate,Terminate,False,loop,,Nested,2,2,3,False,False,True,True,True,45,C,TERMINATE,,,0
svcomp_cstrpbrk_true_alloca.c,tpdb_known429term,Terminate,failed,False,loop,,Nested,2,2,3,False,False,True,True,True,43,C,"ERROR,UNKNOWN",,,0
svcomp_cstrspn_true-termination.c,tpdb_known429term,Terminate,unknown,False,loop,,Nested,2,2,3,False,False,True,True,True,44,C,UNKNOWN,,,0
svcomp_cstrspn_true_alloca.c,tpdb_known429term,Terminate,failed,False,loop,,Nested,2,2,3,False,False,True,True,True,41,C,ERROR,,,0
svcomp_diff_alloca.c,tpdb_known429term,Terminate,failed,False,loop,,Nested,2,2,5,False,False,True,True,True,45,C,ERROR,,,0
svcomp_easySum-alloca.c,tpdb_known429term,Terminate,unknown,False,loop,,Linear,1,1,2,False,False,True,False,True,20,C,UNKNOWN,,,0
svcomp_easySum.c,tpdb_known429term,Terminate,unknown,False,loop,,Linear,1,1,2,False,False,True,False,False,14,C,UNKNOWN,,,0
svcomp_ex1-alloca.c,tpdb_known429term,Terminate,failed,False,loop,,Linear,1,1,1,False,False,True,False,True,23,C,ERROR,,,0
svcomp_ex1.c,tpdb_known429term,Terminate,failed,False,loop,,Linear,1,1,1,False,False,True,False,True,15,C,ERROR,,,0
svcomp_ex2.c,tpdb_known429term,Terminate,failed,False,loop,,Linear,1,1,2,False,False,True,False,True,25,C,ERROR,,,0
svcomp_ex3a-alloca.c,tpdb_known429term,Terminate,failed,False,loop,,Linear,1,1,1,False,False,True,False,True,20,C,ERROR,,,0
svcomp_ex3a.c,tpdb_known429term,Terminate,failed,False,loop,,Linear,1,1,1,False,False,True,False,True,15,C,ERROR,,,0
svcomp_ex3b-alloca.c,tpdb_known429term,Terminate,unknown,False,loop,,Linear,1,1,1,False,False,True,False,True,22,C,UNKNOWN,,,0
svcomp_ex3b.c,tpdb_known429term,Terminate,unknown,False,loop,,Linear,1,1,1,False,False,True,False,True,15,C,UNKNOWN,,,0
svcomp_fermat-alloca.c,tpdb_known429term,Terminate,unknown,False,loop,,Linear,1,1,0,True,True,True,False,True,31,C,UNKNOWN,,,0
svcomp_fermat.c,tpdb_known429term,Terminate,unknown,False,loop,,Linear,1,1,0,True,True,True,False,True,26,C,UNKNOWN,,,0
svcomp_flag-alloca.c,tpdb_known429term,Terminate,Terminate,False,loop,,Linear,1,1,1,False,False,True,False,True,24,C,TERMINATE,,,0
svcomp_flag.c,tpdb_known429term,Terminate,unknown,False,loop,,Linear,1,1,1,False,False,True,False,False,16,C,UNKNOWN,,,0
svcomp_gcd01_true-unreach-call_true-termination_modified.c,tpdb_known429term,Terminate,,True,recur,non-tail,,0,0,0,False,False,True,False,True,43,C,,,,
svcomp_gcd1_true-alloca.c,tpdb_known429term,Terminate,failed,False,loop,,Nested,2,2,2,False,False,True,False,True,30,C,"ERROR,UNKNOWN",,,0
svcomp_genady_true-alloca.c,tpdb_known429term,Terminate,failed,False,loop,,Linear,1,1,2,False,False,True,False,True,10,C,ERROR,,,0
svcomp_insertionsort_alloca.c,tpdb_known429term,Terminate,unknown,False,loop,,Nested,2,2,5,False,False,True,True,True,26,C,UNKNOWN,,,0
svcomp_java_AG313-alloca.c,tpdb_known429term,Terminate,Terminate,False,loop,,Linear,1,1,1,False,False,True,False,True,23,C,TERMINATE,,,0
svcomp_java_AG313.c,tpdb_known429term,Terminate,Terminate,False,loop,,Linear,1,1,2,False,False,True,False,True,15,C,TERMINATE,,,0
svcomp_java_Break-alloca.c,tpdb_known429term,Terminate,Terminate,False,loop,,Linear,1,1,0,True,True,True,False,True,15,C,TERMINATE,,,0
svcomp_java_Break.c,tpdb_known429term,Terminate,failed,False,loop,,Linear,1,1,0,True,True,True,False,False,10,C,ERROR,,,0
svcomp_java_BubbleSort_alloca.c,tpdb_known429term,Terminate,failed,False,loop,,Multiple,2,1,3,False,False,True,True,True,25,C,ERROR,,,0
svcomp_java_Continue1-alloca.c,tpdb_known429term,Terminate,unknown,False,loop,,Linear,1,1,1,False,False,True,False,True,15,C,UNKNOWN,,,0
svcomp_java_Continue1.c,tpdb_known429term,Terminate,unknown,False,loop,,Linear,1,1,1,False,False,True,False,False,10,C,UNKNOWN,,,0
svcomp_java_LogBuiltIn-alloca.c,tpdb_known429term,Terminate,Terminate,False,loop,,Linear,1,1,1,False,False,True,False,True,20,C,TERMINATE,,,0
svcomp_java_LogBuiltIn.c,tpdb_known429term,Terminate,unknown,False,loop,,Linear,1,1,1,False,False,True,False,False,20,C,UNKNOWN,,,0
svcomp_java_Nested-alloca.c,tpdb_known429term,Terminate,Terminate,False,loop,,Nested,2,2,2,False,False,True,False,True,16,C,TERMINATE,,,0
svcomp_java_Nested.c,tpdb_known429term,Terminate,failed,False,loop,,Multiple,2,1,2,False,False,True,False,False,10,C,"ERROR,TERMINATE",,,0
svcomp_java_Sequence-alloca.c,tpdb_known429term,Terminate,failed,False,loop,,Multiple,2,1,2,False,False,True,False,True,12,C,ERROR,,,0
svcomp_java_Sequence.c,tpdb_known429term,Terminate,unknown,False,loop,,Multiple,2,1,2,False,False,True,False,False,7,C,UNKNOWN,,,0
svcomp_lis_alloca.c,tpdb_known429term,Terminate,unknown,False,loop,,Multiple,4,1,3,False,False,True,True,True,36,C,UNKNOWN,,,0
svcomp_min_rf_true-alloca.c,tpdb_known429term,Terminate,failed,False,loop,,Linear,1,1,2,False,False,True,False,True,18,C,ERROR,,,0
svcomp_mult_array_alloca.c,tpdb_known429term,Terminate,unknown,False,loop,,Multiple,2,1,4,False,False,True,True,True,20,C,UNKNOWN,,,0
svcomp_openbsd_cbzero_alloca.c,tpdb_known429term,Terminate,unknown,False,loop,,Linear,1,1,1,False,False,True,False,True,30,C,UNKNOWN,,,0
svcomp_openbsd_cmemchr_alloca.c,tpdb_known429term,Terminate,unknown,False,loop,,Linear,1,1,1,False,False,True,False,True,32,C,UNKNOWN,,,0
svcomp_openbsd_cmemset_alloca.c,tpdb_known429term,Terminate,unknown,False,loop,,Linear,1,1,1,False,False,True,False,True,31,C,UNKNOWN,,,0
svcomp_openbsd_cstpcpy_alloca.c,tpdb_known429term,Terminate,failed,False,loop,,Linear,1,1,2,False,False,True,True,True,27,C,ERROR,,,0
svcomp_openbsd_cstpncpy_alloca.c,tpdb_known429term,Terminate,Terminate,False,loop,,Nested,2,2,1,True,False,True,True,True,40,C,TERMINATE,,,0
svcomp_openbsd_cstrcmp_alloca.c,tpdb_known429term,Terminate,failed,False,loop,,Linear,1,1,2,False,False,True,True,True,37,C,ERROR,,,0
svcomp_openbsd_cstrcpy_alloca.c,tpdb_known429term,Terminate,failed,False,loop,,Linear,1,1,2,False,False,True,True,True,30,C,ERROR,,,0
svcomp_openbsd_cstrlcpy_alloca.c,tpdb_known429term,Terminate,failed,False,loop,,Multiple,2,1,2,True,False,True,True,True,51,C,"ERROR,TERMINATE",,,0
svcomp_openbsd_cstrlen_alloca.c,tpdb_known429term,Terminate,Terminate,False,loop,,Linear,1,1,1,False,False,True,True,True,29,C,TERMINATE,,,0
svcomp_openbsd_cstrncmp_alloca.c,tpdb_known429term,Terminate,unknown,False,loop,,Linear,1,1,1,True,False,True,True,True,40,C,UNKNOWN,,,0
svcomp_openbsd_cstrncpy_alloca.c,tpdb_known429term,Terminate,unknown,False,loop,,Nested,2,2,1,True,False,True,True,True,42,C,UNKNOWN,,,0
svcomp_openbsd_cstrnlen_alloca.c,tpdb_known429term,Terminate,failed,False,loop,,Linear,1,1,2,False,False,True,True,True,35,C,ERROR,,,0
svcomp_openbsd_cstrpbrk_alloca.c,tpdb_known429term,Terminate,unknown,False,loop,,Nested,2,2,4,False,False,True,True,True,43,C,UNKNOWN,,,0
svcomp_openbsd_cstrspn_alloca.c,tpdb_known429term,Terminate,unknown,False,loop,,Linear,1,1,2,False,False,True,True,True,45,C,UNKNOWN,,,0
svcomp_openbsd_cstrstr_alloca.c,tpdb_known429term,Terminate,unknown,False,loop,,Nested,4,2,7,True,False,True,True,True,72,C,UNKNOWN,,,0
svcomp_recHanoi02_true-unreach-call_true-termination_modified.c,tpdb_known429term,Terminate,,True,recur,non-tail,,0,0,0,False,False,True,False,True,37,C,,,,
svcomp_selectionsort_alloca.c,tpdb_known429term,Terminate,unknown,False,loop,,Nested,2,2,3,False,False,True,True,True,32,C,UNKNOWN,,,0
svcomp_strchr_true-termination.c,tpdb_known429term,Terminate,failed,False,loop,,Linear,1,1,2,False,False,True,True,True,39,C,ERROR,,,0
svcomp_stroeder1_alloca.c,tpdb_known429term,Terminate,unknown,False,loop,,Linear,1,1,2,False,False,True,True,True,25,C,UNKNOWN,,,0
svcomp_stroeder2_alloca.c,tpdb_known429term,Terminate,unknown,False,loop,,Nested,2,2,3,False,False,True,True,True,28,C,UNKNOWN,,,0
svcomp_strreplace_alloca.c,tpdb_known429term,Terminate,unknown,False,loop,,Linear,1,1,1,False,False,True,True,True,27,C,UNKNOWN,,,0
svcomp_subseq_alloca.c,tpdb_known429term,Terminate,failed,False,loop,,Linear,1,1,2,False,False,True,True,True,33,C,ERROR,,,0
svcomp_substring_alloca.c,tpdb_known429term,Terminate,failed,False,loop,,Nested,2,2,3,False,False,True,True,True,35,C,ERROR,,,0
svcomp_twisted-alloca.c,tpdb_known429term,Terminate,failed,False,loop,,Multiple,2,1,3,False,False,True,False,True,34,C,ERROR,,,0
svcomp_twisted.c,tpdb_known429term,Terminate,Terminate,False,loop,,Multiple,2,1,4,False,False,True,False,False,25,C,TERMINATE,,,0
