timestamp,experiment_name,target_file,source_path,source_file,loop_id,prompt_version,config_tag,model,temperature,top_p,max_tokens,latency_ms,prompt_tokens,completion_tokens,total_tokens,template_type,template_depth,parsed_configuration,raw_response_snippet
2026-01-16T16:51:04.769503,rf_template_Deterministic,50_pmt_yamlv2_extract.yml,loop_invariants/code2inv/50.c,,1,rf_template,glm47,glm-4.7,0.0,1.0,,9192.82,303,742,1045,lmulti,2,"{""type"": ""lmulti"", ""depth"": 2, ""explanation"": ""Variable c cycles between 1 and 4 (reset to 1, increment to 4). A multi-phase ranking with depth 2 distinguishes the reset phase (decreasing major rank) from the increment phase (constant major rank, decreasing minor rank), ensuring no infinite cycle.""}",analysis: |   The loop executes while `unknown()` is true. The variable `c` is the only state variable modified inside the loop.   The logic for `c` is as follows:   1. If the first `unknown()` is tru
2026-01-16T16:51:17.679309,rf_template_Balanced,50_pmt_yamlv2_extract.yml,loop_invariants/code2inv/50.c,,1,rf_template,glm47,glm-4.7,0.7,0.9,,12905.49,303,1036,1339,lmulti,2,"{""type"": ""lmulti"", ""depth"": 2, ""explanation"": ""The loop exhibits a cyclic dependency where `c` increases (1 to 4) in one phase and resets (4 to 1) in another. A single linear ranking function cannot capture the strict decrease across the cycle 4 -> 1 -> 2 -> 3 -> 4. A multi-phase ranking with depth 2 is required to handle the distinct phases of increment and reset.""}","analysis: |   The loop controls a single variable `c` through two conditional branches.   1. If the first condition is true, `c` is incremented (`c = c + 1`) provided `c != 4`.   2. If the first condi"
2026-01-16T16:51:23.428485,rf_template_Creative,50_pmt_yamlv2_extract.yml,loop_invariants/code2inv/50.c,,1,rf_template,glm47,glm-4.7,1.0,1.0,,5746.66,303,330,633,lnested,2,"{""type"": ""lnested"", ""depth"": 2, ""explanation"": ""Use a 2-depth lexicographic ranking to handle the cyclic behavior of variable c (1 to 4) and the wrap-around (4 to 1). The first component tracks cycle completion, and the second tracks monotone progress within the cycle.""}","analysis: |   The loop updates variable `c` based on two conditions.    1. If `c != 4`, `c` increments. Thus, `c` increases strictly in the range $(-\infty, 4]$.   2. If `c == 4`, `c` is reset to 1.  "
2026-01-16T16:51:24.894851,rf_template_autoverus_seahorn_v1_Deterministic,50_pmt_yamlv2_extract.yml,loop_invariants/code2inv/50.c,,1,rf_template_autoverus_seahorn_v1,glm47,glm-4.7,0.0,1.0,,1465.41,266,14,280,lnested,1,"{""type"": ""lnested"", ""depth"": 1}","configuration:   type: ""lnested""   depth: 1"
2026-01-16T16:51:25.973536,rf_template_autoverus_seahorn_v1_Balanced,50_pmt_yamlv2_extract.yml,loop_invariants/code2inv/50.c,,1,rf_template_autoverus_seahorn_v1,glm47,glm-4.7,0.7,0.9,,1077.72,266,14,280,lnested,1,"{""type"": ""lnested"", ""depth"": 1}","configuration:   type: ""lnested""   depth: 1"
2026-01-16T16:51:26.955669,rf_template_autoverus_seahorn_v1_Creative,50_pmt_yamlv2_extract.yml,loop_invariants/code2inv/50.c,,1,rf_template_autoverus_seahorn_v1,glm47,glm-4.7,1.0,1.0,,981.15,266,14,280,lnested,1,"{""type"": ""lnested"", ""depth"": 1}","configuration:   type: ""lnested""   depth: 1"
2026-01-16T16:51:29.828809,rf_template_fewshot_Deterministic,50_pmt_yamlv2_extract.yml,loop_invariants/code2inv/50.c,,1,rf_template_fewshot,glm47,glm-4.7,0.0,1.0,,2871.55,511,165,676,lnested,1,"{""type"": ""lnested"", ""depth"": 1, ""explanation"": ""Single variable with finite cyclic updates; monotone decrease modulo the cycle.""}","analysis: |   The variable `c` cycles through a finite set of values. If it is not 4, it increments, eventually reaching 4. If it is 4, it resets to 1. Since the control flow is dependent on `unknown("
2026-01-16T16:51:38.409478,rf_template_fewshot_Balanced,50_pmt_yamlv2_extract.yml,loop_invariants/code2inv/50.c,,1,rf_template_fewshot,glm47,glm-4.7,0.7,0.9,,8578.7,511,218,729,lnested,1,"{""type"": ""lnested"", ""depth"": 1, ""explanation"": ""Variable c is bounded (1 <= c <= 4). A single ranking function is sufficient to map the finite state space to a well-founded domain.""}","analysis: |   The variable `c` is bounded between 1 and 4. The logic transitions `c` cyclically: incrementing towards 4 (unless already 4), and resetting to 4 if it is 1. This forms a finite state mac"
2026-01-16T16:51:43.560223,rf_template_fewshot_Creative,50_pmt_yamlv2_extract.yml,loop_invariants/code2inv/50.c,,1,rf_template_fewshot,glm47,glm-4.7,1.0,1.0,,5149.14,511,267,778,lnested,1,"{""type"": ""lnested"", ""depth"": 1, ""explanation"": ""Single bounded variable with cyclic behavior (increment then reset).""}",Analysis: The variable `c` takes values in a finite range. The conditional logic ensures monotonic progress towards the upper bound of 4 in the first branch (`c != 4` implies increment) and resets to 
2026-01-16T19:31:37.486271,rf_template_Deterministic,50_pmt_yamlv2_extract.yml,loop_invariants/code2inv/50.c,,1,rf_template,qwenplus,qwen-plus,0.0,1.0,,53585.04,310,1797,2107,lnested,2,"{""type"": ""lnested"", ""depth"": 2, ""explanation"": ""The loop updates 'c' in a conditional manner, cycling through values 1–4. While 'c' alone is not monotonic, the combination of control flow (based on c == 4) and the value of 'c' suggests a lexicographic ranking function with two components could potentially capture progress, such as (phase_flag, c). Depth 2 is minimal to account for mode switches and value changes.""}","```yaml analysis: |   The loop modifies the variable `c` in two distinct branches:     - With some condition, if `c != 4`, then `c` is incremented by 1.     - In another branch, if `c == 4`, then `c` "
2026-01-16T19:32:12.959552,rf_template_Balanced,50_pmt_yamlv2_extract.yml,loop_invariants/code2inv/50.c,,1,rf_template,qwenplus,qwen-plus,0.7,0.9,,35467.04,310,1424,1734,lmulti,2,"{""type"": ""lmulti"", ""depth"": 2, ""explanation"": ""The loop exhibits two distinct behaviors: incrementing c when c ≠ 4, and resetting c to 1 when c == 4. This suggests a multi-phase structure where different ranking measures may apply in different phases. Using lmulti with depth 2 allows modeling progress separately in each phase, accommodating the non-monotonic global behavior of c.""}","```yaml analysis: |   The loop modifies the variable `c` in two distinct branches:      - In one branch (taken when c ≠ 4), c is incremented: c = c + 1.   - In the other branch (taken when c == 4), c "
2026-01-16T19:33:09.527263,rf_template_Creative,50_pmt_yamlv2_extract.yml,loop_invariants/code2inv/50.c,,1,rf_template,qwenplus,qwen-plus,1.0,1.0,,56560.7,310,2048,2358,,,"{""analysis"": ""The loop modifies the variable `c` in two distinct cases, depending on nondeterministic conditions (modeled by `unknown()`).\n\n- In one branch, if `c != 4`, then `c` is incremented: `c = c + 1`.\n  This suggests potential increase, so a simple numerical ranking function based solely on `c` decreasing is not viable.\n\n- In the other branch, if `c == 4`, then `c` is reset to 1.\n\nThus, `c` evolves as: possibly increasing from 1 to 4, and then resetting. This forms a cyclic pattern with finite behavior:\n  c ∈ {1, 2, 3, 4}\n\nSince `c` is bounded and takes on only values 1 through 4, and resets after reaching 4, the number of resets can be used as a progress metric.\n\nHowever, note that the control flow is underconstrained — both branches are guarded by `unknown()`, meaning any interleaving is possible. But crucially:\n  - When c = 4, it cannot be incremented further due to the guard `c != 4`.\n  - So eventually, from state c=4, the only allowed update (if taken) is to set c=1.\n\nThe key insight: even though `c` may increase or reset nondeterministically, the reset from 4 to 1 ensures a recurring event. But incrementing alone doesn't bound termination because we might cycle forever: 1 → 2 → 3 → 4 → 1 → ...\n\nYet consider this: the problem asks for a *ranking template*, not to prove termination. Ranking functions (or templates) exist only for terminating loops under all paths — but if infinite executions are possible (e.g., cycling forever), no ranking function exists.\n\nHowever, the structure suggests that despite apparent cycling, there’s no mechanism here to guarantee decrease over a single measure. But wait — perhaps we are meant to abstract the behavior.\n\nLet's reevaluate: suppose we track how many times `c` has been reset. But that increases — not decreases.\n\nBetter idea: use lexicographic ranking where:\n  Phase 1: while `c < 4`, it may increase toward 4.\n  Phase 2: when `c == 4`, it must reset to 1 — which can be seen as progress toward a deeper phase?\n\nBut again, it can repeat indefinitely.\n\nAlternatively, notice that `c` only takes values in {1,2,3,4} — finite state space.\n\nThere are at most 4 distinct values. So any infinite execution would revisit states infinitely often — but unless there is some monotonic counter elsewhere, we cannot build a well-founded ranking without additional assumptions.\n\nBut the code does not modify any variable other than `c`. And `c` is bounded.\n\nConclusion: the loop may **not** terminate — e.g., alternate between growing `c` to 4 and resetting to 1 forever.\n\nHowever, SVMRanker aims to find a ranking function **if one exists**. Given the finite range of `c`, the only way the loop could admit a ranking is if the path constraints force convergence.\n\nBut since updates depend on `unknown()`, including choices that allow both incrementing and resetting arbitrarily, all behaviors are permitted.\n\nTherefore, **no universal ranking function exists** for this loop over all paths.\n\nBUT — perhaps the *intended* behavior models a counter that cycles modulo 4 — and we're asked not to verify termination, but to suggest the best fitting ranking *template* that could work under certain assumptions or phases.\n\nReinterpretation: even though the loop may not terminate, we may still want to model its logical phases.\n\nIdea: use a **multi-phase ranking** (lmulti):\n  - Phase 1: c increases from 1 to 4.\n  - Phase 2: c resets from 4 to 1, contributing to progress per cycle.\n\nBut no outer counter bounds the number of cycles.\n\nAlternatively, consider a lexicographic tuple involving `c` and a virtual phase indicator:\n  However, no such indicator is modified.\n\nSimpler idea: observe that each time `c` resets (from 4 to 1), we can imagine a reset counter increasing — but again, no such counter.\n\nBut ranking functions can use supporting artifical variables.\n\nHowever, SVMRanker operates over existing variables or expressions.\n\nFinal insight: the loop has **finite ascent** in each round — `c` can only increase three times (1→2→3→4) before being reset. Then it resets to 1. So across multiple rounds, while individual values don’t decrease monotonically, the **number of available increments** left within a cycle can serve as part of a measure.\n\nConsider a measure like:\n  If c ≤ 4:\n      Rank component 1: cycle count (unknown)\n      Not helpful.\n\nInstead, think about the value of `c` itself. It never diverges. Any ranking function into a well-founded domain must eventually decrease — but here, `c` cycles.\n\nTherefore, **this loop is not terminating in general**, and thus **admits no ranking function**.\n\nNevertheless, if we assume fairness or restrict paths, maybe.\n\nBut the task asks for the **simplest ranking template** that could capture the behavior *if* termination were enforced.\n\nAlternatively, perhaps the guards imply progress via **disjunctive reasoning**:\n  Either:\n    - c < 4 and c increases → closer to 4\n    - c == 4 and resets → jumps down\n\nSo overall, although `c` may go up and down, the fact that it resets downward occasionally suggests a **bounded increasing sequence interrupted by drops** — still not sufficient for termination.\n\nHowever, in program analysis, sometimes **size-change graphs** or **phase-based rankings** are used.\n\nWe can view the loop as having two modes:\n  Mode A: c increases until 4.\n  Mode B: c resets from 4 to 1.\n\nBetween these, no clear monotonic quantity.\n\nBut if we consider a **lexicographic ranking** with depth 2:\n  Component 1: some counter of resets (not present)\n  Component 2: c\nNot feasible.\n\nAlternatively, use just `c` over a finite range — insufficient for standard ranking.\n\nGiven all this, the only plausible option is that no standard ranking applies.\n\nYet, reconsider syntactically: the system may expect a classification based on structural patterns.\n\nObserving:\n  - `c` increases toward a threshold (4)\n  - At threshold, it resets to a lower fixed value (1)\n\nThis resembles a **counter with overflow**, commonly modeled with **multi-phase** analysis:\n  One phase where c increases (progress measured by distance to 4),\n  Another phase where c resets (instant jump down).\n\nBut multi-phase ranking (lmulti) allows different measures in different phases.\n\nFor example:\n  Phase 1: use (4 - c) as a decreasing measure while c < 4 and increasing\n  Phase 2: reset event consumes phase budget\n\nWith depth = 2: two kinds of transitions.\n\nHowever, lmulti typically requires a global bound on the number of phase switches? No — lmulti refers to multiphase termination arguments, where each phase has its own ranking function, and phases transition sequentially.\n\nBut here, phases can repeat: increase → reset → increase → reset...\n\nSo multiphase won’t work unless there’s a bound.\n\nAlternatively, **use lnested with depth 2**:\n  First component: artificial cycle counter (again, not present)\n\nDead end.\n\nBest match given limited information: the evolution of `c` follows a fixed finite trajectory with resets, suggesting **repetition of similar segments**. This hints at **rounding toward repetition**, not termination.\n\nHowever, if we assume an external scheduler limits the number of resets, then tracking resets might help.\n\nGiven absence of auxiliary variables, and only `c`, and bounded nature, the loop is likely non-terminating.\n\nBut perhaps the tool (SVMRanker) expects recognition of **eventual reset** as leading to progress modeled lexicographically.\n\nWait — here's a new idea:\n\nDefine a lexicographic ranking using:\n  r1 = 0   (always zero — dummy)\n  r2 = c\nNo.\n\nOr:\n  Think of the value of c as being in a cycle, but the **only way out** would be if entry condition changed — but no loop condition; it's `while(true)` effectively.\n\nLoop continues as long as `unknown()` is true — which could always be true.\n\nSo truly non-terminating.\n\nFinal conclusion: no ranking function exists, but the *structure* of updates — conditional increment and conditional reset — suggests **two interdependent behaviors**.\n\nSince one path increases `c` and another path forces a controlled drop (reset), and these are mutually exclusive at c==4, this exhibits **phases of computation**.\n\nThus, even without guaranteed termination, **lmulti** with depth 2 may be intended to distinguish:\n  - Growing phase (c increasing)\n  - Resetting phase (c dropping)\n\nBut lmulti is used when a loop naturally decomposes into sequential stages that do not repeat.\n\nHere they repeat.\n\nAlternatively, **lnested(depth=2)** isn't clearly applicable.\n\nActually, closest fit: **none**, but forced choice.\n\nHowever, recall examples like:\n  while (*) {\n      while (x < n) x++;\n      n--;\n  }\nThat uses ln""}","```yaml analysis: |   The loop modifies the variable `c` in two distinct cases, depending on nondeterministic conditions (modeled by `unknown()`).    - In one branch, if `c != 4`, then `c` is incremen"
2026-01-16T19:33:10.611673,rf_template_autoverus_seahorn_v1_Deterministic,50_pmt_yamlv2_extract.yml,loop_invariants/code2inv/50.c,,1,rf_template_autoverus_seahorn_v1,qwenplus,qwen-plus,0.0,1.0,,1083.31,273,14,287,lnested,1,"{""type"": ""lnested"", ""depth"": 1}","configuration:   type: ""lnested""   depth: 1"
2026-01-16T19:33:11.746290,rf_template_autoverus_seahorn_v1_Balanced,50_pmt_yamlv2_extract.yml,loop_invariants/code2inv/50.c,,1,rf_template_autoverus_seahorn_v1,qwenplus,qwen-plus,0.7,0.9,,1133.51,273,14,287,lnested,1,"{""type"": ""lnested"", ""depth"": 1}","configuration:   type: ""lnested""   depth: 1"
2026-01-16T19:33:12.830290,rf_template_autoverus_seahorn_v1_Creative,50_pmt_yamlv2_extract.yml,loop_invariants/code2inv/50.c,,1,rf_template_autoverus_seahorn_v1,qwenplus,qwen-plus,1.0,1.0,,1083.06,273,14,287,lnested,1,"{""type"": ""lnested"", ""depth"": 1}","configuration:   type: ""lnested""   depth: 1"
2026-01-16T19:34:00.049812,rf_template_fewshot_Deterministic,50_pmt_yamlv2_extract.yml,loop_invariants/code2inv/50.c,,1,rf_template_fewshot,qwenplus,qwen-plus,0.0,1.0,,47211.92,521,1941,2462,,,"{""analysis"": ""The loop updates variable `c` in a non-deterministic way due to `unknown()` conditions, but we can analyze the behavior based on the structure:\n- In one branch, if `c != 4`, it increases: `c = c + 1`.\n- In another branch, if `c == 4`, it resets to 1: `c = 1`.\n\nThus, `c` evolves in a cyclic manner: it increases from 1 to 4 over iterations and then resets to 1. This creates a finite state cycle: 1 → 2 → 3 → 4 → 1.\n\nSince `c` does not decrease monotonically and may increase or reset, no single linear ranking function exists. However, the values of `c` are bounded (only takes values 1–4), and the control flow revisits states.\n\nBut note: the loop guard is `unknown()`, meaning the loop could run indefinitely *or* terminate arbitrarily — however, from the code structure alone (without probabilistic or external assumptions), we must assess termination based on possible behaviors.\n\nCrucially, there is no variable that consistently decreases lexicographically or across phases. Yet, because `c` cycles through a finite set of values (1, 2, 3, 4), and no unbounded increasing or decreasing trend exists, we cannot build a well-founded ranking function over integers.\n\nHowever, for **termination**, this loop may **not** terminate — since guards are `unknown()`, they may never cause exit. But assuming we are analyzing internal progress (e.g., under an environment where `unknown()` eventually allows exit), the only observable pattern is cyclic behavior in `c`.\n\nTherefore, no traditional ranking function applies. But if forced to model progress with SVMRanker, we consider multi-phase behavior:\n- Phase 1: `c` increases (1→2→3→4)\n- Phase 2: `c` resets (4→1), potentially enabling different control paths\n\nBut since this is a cycle without irreversible progress toward termination, even `lmulti` is insufficient unless external reasoning bounds the number of cycles.\n\nHowever, **if** we assume that `unknown()` allows fairness (e.g., each branch taken infinitely often), the system cycles forever → non-terminating.\n\nBut the question asks for a **ranking template**, implying we seek a configuration that could prove termination *if* the unknowns allowed it.\n\nGiven that `c` is bounded and only takes values 1–4, and no other variables evolve, there is no unbounded descent. Hence, no ranking function can be constructed over unbounded data.\n\nConclusion: **no valid ranking function exists** — but SVMRanker requires a guess.\n\nBest-effort fallback: use `lnested` with depth 1 on `c`, but wrapped modulo logic fails monotonicity.\n\nAlternatively, observe that after at most 4 consecutive increments, `c` becomes 4, and then may reset to 1. But this is not sufficient for descent.\n\nFinal insight: use **multi-phase** where phase depends on value of `c`. But again, no irreversible transition.\n\nDue to lack of monotonic progress, we default to minimal assumption.\n\nHowever, in practice, such loops are handled via **finite-state abstraction**. But SVMRanker expects numeric templates.\n\nGiven no information, and need to pick something, the safest is to treat `c` as cycling in a bounded domain — no ranking.\n\nBut if `unknown()` could also allow loop exit, and we assume that in some environment it terminates, we still lack a measure.\n\nTherefore, the only viable option is to try `lmulti` with depth 2:\n  - Phase 1: c < 4 → increasing toward 4\n  - Phase 2: c == 4 → reset to 1, which might enable exit or different behavior (but not observed)\n\nBut reset doesn't help reach termination directly.\n\nActually, no sufficient evidence for any template.\n\nReconsider: perhaps we model the pair `(c, phase)` lexicographically? Still no guaranteed descent.\n\nGiven ambiguity, and common heuristics:\n\nUse `lnested` with depth 1: not suitable — `c` increases and decreases.\n\nUse `lmulti`: capture two modes:\n  - Mode 1: when c ≠ 4: increasing (bad for ranking)\n  - Mode 2: when c = 4: reset to 1 — this breaks monotonicity\n\nNo component decreases over time.\n\nFinal decision: since all changes are bounded and no variable trends downward, the loop cannot be proven terminating with standard ranking functions. But if the tool must choose, and given that `c` cycles through a small range, we consider a **lexicographic tuple involving `c` and a phase flag**, though no phase flag exists.\n\nWithout additional variables, we cannot form such a tuple.\n\nThus, no configuration suffices.\n\nBut per instruction, we must provide one.\n\nHeuristic fallback: use `lnested` with depth 1 on `-c` — fails when c increases.\n\nAlternatively, consider that after four steps, `c` returns to 1 — periodic.\n\nSo the best answer is: **this loop cannot be ranked by standard methods**.\n\nHowever, for compatibility and minimal modeling, and if we assume that the reset (4 → 1) represents progress in a cyclic sense, and combine with control location, we would need more than scalar.\n\nGiven constraints, and following SVMRanker conventions for such cyclic counters:\n\nWe choose `lmulti` with depth 2:\n  - Phase 1: counting up (c=1,2,3)\n  - Phase 2: reset action (c=4 → 1), viewed as completing a stage\n\nBut again, no bound on number of phases.\n\nConclusion: **No valid ranking function**, but for interface purposes, return simplest possible fallback.\n\nActually, reconsider: is there any expression that decreases?\n\nLet’s suppose we define a function:\n  f(c) = (5 - c) mod 4\nThat gives: c=1→4, c=2→3, c=3→2, c=4→1 — not monotonic.\n\nOr define a potential function:\n  φ(c) = \n    0 if c = 1\n    1 if c = 2\n    2 if c = 3\n    3 if c = 4\n\nThen in one path: φ increases (if c≠4 → c+1)\nIn other path: when c=4 → c=1, φ drops from 3 to 0 — a big drop.\n\nBut φ does not decrease every iteration.\n\nHowever, if we assume that the reset happens infinitely often, φ keeps dropping — but increases in between.\n\nSo overall, no monotonicity.\n\nBut in **lexicographic multi-phase**, sometimes resets are modeled as phase transitions.\n\nFinal choice: use `lmulti`, depth 2, assuming two behavioral phases:\n  - Phase 1: c < 4, increasing (temporary growth)\n  - Phase 2: c == 4, reset to 1 — irreversible phase change? No, it's cyclic.\n\nNot good.\n\nAlternative idea: use `lnested` with depth 2, components: [phase_flag, c], but no phase_flag.\n\nAll failed.\n\nGiven lack of progress metric, and no invariant showing descent, and the fact that `c` is bounded, the loop may not terminate — but we must propose something.\n\nAfter careful analysis, the only viable path is to recognize that **no ranking template applies**.\n\nBut since output is required, and based on similar tools, we fall back to:\n\n```yaml\nconfiguration:\n  type: \""lnested\""\n  depth: 1\n  explanation: \""Bounded counter with cyclical update; no monotonic trend, but simplest fallback.\""\n```\n\nHowever, this is incorrect.\n\nBetter: admit complexity.\n\nRealization: the loop does not have a clear termination argument. But maybe the act of resetting `c` from 4 to 1 is intended to represent a higher-level countdown elsewhere? Not visible.\n\nWith no invariants and unknown guards, we cannot derive progress.\n\nFinal decision: due to non-deterministic control and cyclic modification of `c`, and absence of unbounded descent, we classify as **non-rankable**, but for the sake of output format, select:""}","```yaml analysis: |   The loop updates variable `c` in a non-deterministic way due to `unknown()` conditions, but we can analyze the behavior based on the structure:   - In one branch, if `c != 4`, it"
2026-01-16T19:34:33.462941,rf_template_fewshot_Balanced,50_pmt_yamlv2_extract.yml,loop_invariants/code2inv/50.c,,1,rf_template_fewshot,qwenplus,qwen-plus,0.7,0.9,,33408.08,521,1704,2225,lnested,2,"{""type"": ""lnested"", ""depth"": 2, ""explanation"": ""The loop behavior alternates based on c's value relative to 4; a lexicographic ranking function with two components can capture the conditional update logic involving reset and increment.""}","```yaml analysis: |   The variable `c` evolves in a non-monotonic way, but its behavior is constrained to values around 1 and 4. Specifically:   - If c ≠ 4, it can increase: c = c + 1.   - If c == 4, "
2026-01-16T19:35:26.053730,rf_template_fewshot_Creative,50_pmt_yamlv2_extract.yml,loop_invariants/code2inv/50.c,,1,rf_template_fewshot,qwenplus,qwen-plus,1.0,1.0,,52584.33,521,2048,2569,,,"{""analysis"": ""The loop manipulates a single variable `c` in a non-trivial way:\n- In one branch: if c != 4, it increments c (c = c + 1)\n- In another: if c == 4, it resets c to 1\n\nThis behavior suggests cyclic progression: \n  c increases from 1→2→3→4, then resets to 1.\n\nHowever, because the control is driven by `unknown()` conditions, the loop may not make consistent progress — \nthe branches may be taken non-deterministically. But assuming the loop body executes meaningfully and the path \nselection is not adversarial to progress, we can analyze potential finite behavior.\n\nImportant observations:\n- c only takes on values {1, 2, 3, 4} in any reachable state.\n  - If c ≠ 4 → c increases, but only up to at most 4\n  - If c == 4 → c becomes 1\n- Therefore, c is bounded (range 1..4).\n\nEven though c does not decrease monotonically, its value cycles within a finite domain.\n\nHowever, for termination analysis:\n- No variable is globally decreasing or increasing toward a bound.\n- The system revisits states (e.g., c=1 occurs repeatedly) — risk of non-termination.\n\nBut consider modeling the loop using a lexicographic ranking function that captures the cycle:\n  We could map c to a measure that resets after 4:\n    Example: rank = (5 - c) when c < 4, and rank = 0 when c = 4 → but reset breaks monotonicity.\n\nAlternatively, observe that each time c reaches 4 and resets to 1, if this is guaranteed to happen periodically, \nwe might need a multi-phase view:\n  Phase 1: c increases from 1 to 4 (progress observed via linear increase)\n  Phase 2: upon hitting 4, reset → but no bound on number of such cycles\n\nHowever, without a bound on the number of cycles (no induction variable counting iterations), \nand since `unknown()` may prevent forward progress altogether (e.g., always take the wrong branch),\ntrue termination cannot be guaranteed unless `unknown()` eventually forces closure.\n\nBut for ranking function purposes: assume that the loop makes fair progress.\n\nKey insight: c cycles through finite values → the state space is finite. So if we could argue that no infinite computation can repeat configurations indefinitely unless there’s an actual loop invariant — but no such structural invariant was provided.\n\nBut in practice, with unknown() controlling choices, even finite-state loops are *not provably terminating* unless progress per step is enforced.\n\nHowever, standard approaches for such integer loops with resets often use **lexicographic ranking functions** of small depth, combining the current value of c and a phase indicator.\n\nBut here: no auxiliary variables. Only c.\n\nSince c ∈ {1,2,3,4}, we could consider a measure like:\n  μ(c) = 5 - c   maps c=1→4: 4→1\n  But transitions: \n    c=1 → c=2 → decreases μ? no: μ=4 → μ=3 → decreasing!\n    c=2 →3 → μ=3→2 → still decreasing\n    c=3 →4 → μ=2→1\n    c=4 →1 → μ=1→4 → increases! ❌\n\nSo simple rank fails.\n\nInstead, let’s try a **disjunctive/incremental ranking**: break execution into phases where either:\n  - c increases toward 4 (bounded above), then\n  - c drops discontinuously (from 4→1)\n\nBut increase alone doesn't imply termination.\n\nAlternative idea: track how many times c has reset? Not available.\n\nBut note: although `c` increases or resets, the number of successive increments is limited (at most 3 steps from 1 to 4). After that, to continue incrementing would require c≠4, but c=4 blocks further increase; instead the other branch must execute.\n\nSuppose that whenever c=4, the second branch is eventually taken (fairness?), leading to reset.\n\nThen the loop executes \""rounds\"":\n  Each round: c goes from some value to eventually 4 or reset.\n\nBut still, we have infinitely many possible resets.\n\nNow, crucial point: if `unknown()` allows non-deterministic branching independent of program state, then it's possible to construct infinite executions — for example, alternating between increasing and resetting forever.\n\nThus, **this loop may not terminate**, but our goal is not to prove termination or non-termination definitively — rather, to choose the simplest ranking template suitable if a proof exists.\n\nGiven the finite range of `c`, and oscillating behavior, no standard linear ranking function over integers exists.\n\nHowever, **a lexicographic ranking function of depth 2** can be constructed if we had an additional flag.\n\nBut base variables only: `c`.\n\nDespite this, note that certain combinations of modular reasoning and lexicographic tuples work for bounded counters.\n\nKnown pattern: A counter that increases modulo N can be handled with **lmulti**, viewing full cycles as phases.\n\nBut again, without progress per phase, hard.\n\nAnother perspective: model abstract phases based on control flow.\n\nIdea:\n  Use depth-2 **lnested**:\n    Component 1: Whether c == 4 (phase-like indicator)\n    Component 2: Value of 5-c\n\nDefine tuple: ⟨ phase, progress ⟩\n  Where phase = 0 if c == 4, phase = 1 if c < 4\n\nThen:\n  - When c < 4: phase remains 1 initially; progress term (5−c) strictly decreases.\n    e.g., c=1: (1,4); c=2: (1,3); ... until c=4 → (0,1)\n\n  - From c=4: only action sets c=1 → now (1,4)\n\n  Problem: transition from (0,1) → (1,4): first component increases → violates lex order.\n\nLex requires strict decrease in first component or same with second decreasing.\n\nNot valid.\n\nAlternatively flip phase:\n  Let φ = 0 if c < 4, φ = 1 if c == 4\n\nThen during increment: c progresses under φ=0, with rank (0, 5−c). As c increases, 5−c decreases ⇒ tuple decreases.\n\nAt c=4: new state (1, ?). Needs higher φ.\n\nThen the reset: c=4 → c=1: old state (1, val), new state (0,4). Transition: (1,val) → (0,4): φ decreases from 1 to 0 — valid in lex order only if allowed drop — yes: (1,x) > (0,y) for any x,y.\n\nSo sequence:\n  Start: suppose c=1 → (0,4)\n         c=2 → (0,3) ↓\n         c=3 → (0,2) ↓\n         c=4 → (1,?) — define what?\n\n      Need consistency: associate with each state a tuple in N×N well-founded.\n\n      Let’s define:\n        r(c) = \n          if c < 4: (0, 4−c)   → values: c=1→(0,3), c=2→(0,2), c=3→(0,1)\n          if c == 4: (1, 0)\n\n      Then:\n        c=1 → c=2: (0,3) → (0,2): ok\n        c=2 → c=3: (0,2) → (0,1): ok\n        c=3 → c=4: (0,1) → (1,0): now compare (0,1) vs (1,0): (0,1) < (1,0)? No → in lex: first component decides: 0<1 ⇒ smaller ⇒ so (0,1) < (1,0) ⇒ this is increasing!\n\n      We need ranking values to *decrease*\n\n      So reverse roles:\n\n      Try:\n        r(c) =\n          if c < 4: (1, 4−c)     # higher in phase hierarchy\n          if c == 4: (0, 0)\n\n      Then:\n        c=3 → c=4: (1,1) → (0,0): now (1,1) > (0,0)? Yes, because 1>0 ⇒ this is decreasing in lex order ⇒ good.\n\n        And c=4 → c=1 (reset): (0,0) → (1,3): now (0,0) < (1,3) ⇒ increase ⇒ invalid.\n\n      Still bad.\n\nHard to capture both directions.\n\nInsight: use **two separate modes**:\n  Phase 1: c is below 4 — wants to increase\n  Phase 2: c hits 4 — forced to reset\n  But then back to phase 1\n\nThis resembles a **multi-phase ranking**: lmulti with depth 2:\n  Phase 0: c increasing towards 4\n  Phase 1: reset event\n\nBut lmulti requires phase changes to happen in sequence, and measurable progress.\n\nMore viable idea: use a **bounded increase with reset** argument via finite descent.\n\nSince there are only 4 values, we can assign a ranking into a""}","```yaml analysis: |   The loop manipulates a single variable `c` in a non-trivial way:   - In one branch: if c != 4, it increments c (c = c + 1)   - In another: if c == 4, it resets c to 1    This beh"
2026-01-17T00:05:44.788309,rf_template_Deterministic,50_pmt_yamlv2_extract.yml,loop_invariants/code2inv/50.c,,1,rf_template,qwenmax,qwen3-max,0.0,1.0,,129253.62,310,4096,4406,,,"{""analysis"": ""The loop body conditionally updates a variable `c` based on unknown() conditions.\nThere are two main branches:\n  - If the first unknown() is true and c != 4, then c is incremented by 1.\n  - If the first unknown() is false and c == 4, then c is reset to 1.\n\nThus, c can only take values in {1, 2, 3, 4}, assuming it starts in that range.\nEven if c starts outside this range, the only modification is incrementing when c != 4,\nso if c < 4, it will eventually reach 4; if c > 4, it will keep increasing indefinitely—\nbut note that the increment only happens when c != 4 AND the first unknown() is true.\n\nHowever, the key observation is that the only way to \""reset\"" c is when c == 4 and the else branch is taken.\nBut if c ever becomes greater than 4, it will never be reset (since reset requires c == 4),\nand if the first branch keeps being taken, c will increase without bound → non-terminating.\n\nBut termination must be guaranteed for all inputs? No—the problem is to find a ranking function\nthat proves termination *if* the loop terminates. However, in termination analysis, we assume\nthe loop is terminating and seek a witness.\n\nAlternatively, note that the behavior of c is bounded *if* the loop terminates:\n  - c only increases up to 4, then may reset to 1.\n  - So over time, c cycles in 1→2→3→4→1...\n\nHowever, the issue is that the updates are guarded by unknown() conditions, meaning\nthe loop could stall (e.g., always take branches that don't change c), but that doesn't prevent termination—it just means progress isn't guaranteed every iteration.\n\nBut for a ranking function, we need a measure that decreases infinitely often and is bounded below.\n\nConsider the value of c itself: it doesn't decrease monotonically. However, observe that\nevery time c reaches 4 and the else branch is taken, it resets to 1—a drop of 3.\nBut between resets, c increases. So a single linear ranking function won't work.\n\nHowever, note that c is always a positive integer (assuming initial c ≥ 1), and the only possible values that lead to a \""big drop\"" are when c=4.\n\nBut here's a better view: the system has a finite number of states if c is bounded.\nSince c ∈ {1,2,3,4} in any terminating execution (because if c>4, it never resets and may diverge),\nbut the problem likely assumes c starts in 1..4.\n\nIn that case, the loop can be seen as cycling through a finite set of values. However,\ntermination isn't guaranteed unless the loop guard eventually becomes false—but the guard is unknown(),\nso termination must be shown via a ranking function that decreases regardless of the guard.\n\nActually, the standard approach: we need a ranking function that maps program states to a well-founded set,\nsuch that it decreases on every loop iteration (or at least infinitely often, but for linear templates, we usually require every iteration).\n\nBut note: in some iterations, c doesn't change at all (e.g., if first unknown() is true but c==4, then no update;\nor if first unknown() is false but c!=4, then no update). So c is not strictly decreasing.\n\nHowever, consider a lexicographic ranking function. But there's only one relevant variable: c.\n\nAlternatively, think in phases:\n  Phase 1: c < 4 — here, c may increase, but once it hits 4, next time the else branch is taken, it resets.\n  But the reset is a big drop.\n\nHowever, multi-phase ranking functions handle cases where different variables dominate in different phases,\nor where a variable can increase in early phases but must eventually decrease.\n\nBut here, there's only one variable, and its behavior is cyclic. However, note that the number of times\nc can be increased is bounded between resets. Specifically, from c=1, it takes at most 3 increments to reach 4.\nThen, if the else branch is ever taken when c=4, it resets.\n\nBut the problem is that the else branch might never be taken—so the loop might run forever with c=4 and no change.\n\nHowever, for termination analysis, we are to assume that the loop *does* terminate, and find a ranking function that explains how.\n\nGiven the structure, the simplest model is that c is bounded and the loop makes progress toward a reset.\nBut since progress isn't monotonic, we consider a lexicographic tuple.\n\nHowever, note: we can use a ranking function like (5 - c) when c < 4, but that increases as c increases—bad.\n\nAlternatively, consider the distance to the next reset. But that's not linear.\n\nInsight: the variable c modulo 4 doesn't help. But observe that every time a reset happens, we've completed a cycle.\nHowever, without a counter, we can't track cycles.\n\nBut wait—the key is that c can only increase a bounded number of times before either resetting or stalling.\nSince the only way to have infinite execution is to either:\n  (a) keep incrementing c beyond 4 (non-terminating), or\n  (b) get stuck at c=4 without taking the else branch (non-terminating), or\n  (c) cycle forever: 1→2→3→4→1→...\n\nIn case (c), the loop runs forever, so it's non-terminating. Therefore, for the loop to terminate,\nthe guard `unknown()` must eventually return false. But that's independent of c.\n\nThis suggests that c alone cannot form a ranking function—because the loop termination depends on the unknown() guard,\nnot on c. However, in termination analysis, we ignore the guard and look for a measure that decreases\nwhenever the loop body is executed.\n\nBut if the loop body doesn't change the state (e.g., c=4 and first unknown() is true → no change),\nthen no ranking function can decrease—so the loop might not terminate.\n\nHowever, the problem asks for an SVMRanker configuration assuming the loop is terminating.\n\nGiven the code, the only variable that changes is c, and its changes are:\n  - c := c + 1, if c ≠ 4\n  - c := 1, if c = 4\n\nSo the possible transitions on c are:\n  1 → 2\n  2 → 3\n  3 → 4\n  4 → 1  (only if else branch taken)\n  Also, self-loops at any c if the conditions aren't met.\n\nTo prove termination, we must rule out infinite self-loops and infinite cycles.\n\nBut with self-loops, no ranking function decreases every iteration. So we need a disjunctive or multiphase approach.\n\nHowever, note that between resets, c can increase at most 3 times. So if we consider the pair (number of increments since last reset, c),\nbut we don't have a counter.\n\nStandard solution for such cyclic counters: use a lexicographic ranking function with depth 2.\n\nExample: consider the tuple (k, c), where k is the number of times we've reset. But k isn't in the program.\n\nAlternatively, observe that every time c resets to 1, we can consider that a \""phase\"" ends.\nBut again, no explicit phase counter.\n\nHowever, in practice, for a variable that cycles through a fixed range, a common technique is to use a lexicographic ranking function\nthat uses the current value and a flag for whether a reset is possible. But that's complex.\n\nSimpler: note that the maximum value c can reach is 4, and after that it must either stay or reset.\nSo if we define a ranking function as (5 - c) when c < 4, and (0) when c = 4, that doesn't work because (5-4)=1, and reset gives (5-1)=4—increases.\n\nAnother idea: use the value (4 - c) mod 4, but that's not well-founded.\n\nLet’s consider multi-phase ranking. In phase 1, we allow c to increase, but we require that eventually c=4 is reached,\nand then in phase 2, we require that the reset happens. But the reset is conditional.\n\nHowever, the lmulti template can handle this: depth 2.\n  Phase 1: while c < 4, we don't require decrease, but we track that c is increasing toward 4.\n  Phase 2: when c = 4, we require that eventually c resets to 1, which is a decrease.\n\nBut lmulti requires that in each phase, a linear function decreases, and once a phase is left, it's never re-entered.\n\nHere, after reset, c=1, so we re-enter phase 1. So phases are repeated—lmulti doesn't allow re-entering earlier phases.\n\nTherefore, lmulti is not suitable.\n\nNow consider lnested (lexicographic). We can try a tuple that captures both the current value and the potential for reset.\n\nBut note: a known trick for cyclic variables is to use a lexicographic pair like (N - c, c) for some large N,\nbut that doesn't necessarily decrease.\n\nAlternatively, consider that the system has a finite state space (if c is bounded), so termination can be proven by a ranking function\nthat maps to a finite set—but SVMRanker uses linear templates over integers.\n\nGiven the above, the simplest viable approach is to note that c is always positive and that every reset causes a net decrease\nover a cycle. But since cycles can repeat, we need to count cycles—but we can't.\n\nHowever, observe: if we assume that the loop terminates, then the number of times c is incremented must be finite,\nand the number of resets must be finite. But that doesn't give a ranking function.\n\nRe-examining: perhaps the loop is intended to have c in 1..4, and the unknown() conditions ensure that eventually\nthe guard fails. But for the purpose of ranking, we can use a trivial ranking function if we notice that c is bounded\nand the loop body doesn't always change c—but that doesn't help.\n\nWait—there's another perspective: the variable c can be used to define a ranking function that decreases in a lexicographic sense\nwhen considering the sequence of values. But SVMRanker works on per-iteration basis.\n\nAfter careful thought, the standard solution for such a \""bounded counter with reset\"" is to use a lexicographic ranking function\nof depth 2: the first component is an upper bound on the number of future resets (which we don't have), so that doesn't work.\n\nAlternatively, note that the value of c itself can be part of a ranking function if we consider it in a modular way,\nbut linear ranking functions can't express modular arithmetic.\n\nGiven the difficulty, consider that in many similar examples (e.g., a counter that goes 1,2,3,4,1,...), \ntermination is not provable with a linear ranking function unless there's an external bound.\n\nHowever, the problem states that we should choose the simplest ranking template.\n\nLet's assume that c starts in {1,2,3,4}. Then the only way the loop can terminate is if the guard `unknown()` becomes false.\nThe updates to c do not force termination—they just cycle. Therefore, there is no ranking function based on c that decreases\non every iteration, because iterations can leave c unchanged or cycle.\n\nBut wait—the problem might be designed so that the reset branch ensures progress. However, without knowing when the branches are taken,\nwe can't guarantee progress.\n\nHowever, in termination analysis with unknown conditions, we consider all possible paths. For the loop to be terminating,\nall paths must eventually exit. But if there's a path that cycles c forever, then the loop is non-terminating.\n\nTherefore, the only way this loop terminates is if the guard `unknown()` eventually returns false, independently of c.\nIn that case, the ranking function can be a constant (but constants don't decrease).\n\nThis suggests that c is irrelevant to termination, and the loop terminates due to the guard. But SVMRanker needs a measure that decreases.\n\nGiven the ambiguity, the intended solution is likely to treat c as a variable that is bounded and use a lexicographic ranking function\nof depth 1, but that doesn't work.\n\nAnother idea: use the fact that c can only increase a limited number of times before a possible reset. So define a ranking function\nas (4 - c) when c < 4, and 0 when c = 4. But when c=4 and it resets to 1, the ranking function goes from 0 to 3—increase.\n\nNot good.\n\nConsider a multi-phase ranking function with depth 2:\n  Phase 1: while c < 4, use ranking function (4 - c). This decreases as c increases? No, (4 - c) decreases as c increases—wait, no:\n    c=1 → 3\n    c=2 → 2\n    c=3 → 1\n    c=4 → 0\n  So (4 - c) is decreasing as c increases. But we want the ranking function to decrease, so if c increases, (4 - c) decreases—good.\n  However, when c=4, (4 - c)=0. Then if it resets to 1, (4 - 1)=3, which is an increase—bad.\n\nBut in multi-phase, once you leave phase 1 (when c=4), you enter phase 2, where you use a different ranking function.\nIn phase 2, you could use a constant, but then when you reset to 1, you'd have to go back to phase 1, which is not allowed in lmulti.\n\nTherefore, lmulti is not suitable.\n\nNow, consider lnested with depth 2. Define a tuple (a, b) such that:\n  - When c < 4, let a = 1, b = 4 - c.\n  - When c = 4, let a = 0, b = 0.\n\nThen:\n  - From c=3 to c=4: (1,1) → (0,0): lex decrease.\n  - From c=4 to c=1: (0,0) → (1,3): lex increase—bad.\n\nAlternatively, make a represent the number of completed cycles. But we don't have that.\n\nGiven the above, the only reasonable conclusion is that the loop does not admit a linear ranking function,\nbut the problem asks for the simplest template.\n\nHowever, looking at similar examples in the literature, a common approach for a counter that resets is to use a lexicographic ranking function\nwhere the first component is a large constant minus the number of times you can still increment, but again, we don't have a counter.\n\nWait—note that the maximum value of c is 4, so the number of increments before a mandatory reset is at most 3.\nSo if we consider the state, the worst-case number of steps before a reset opportunity is bounded.\n\nBut for ranking, we can use the value (4 - c) as a ranking function, and accept that when a reset happens, it's a new \""epoch\"".\nHowever, linear ranking functions can't handle epochs.\n\nAfter re-evaluating, I recall that for loops with bounded variables, sometimes a constant ranking function suffices if the loop guard is the only terminator,\nbut that's not the case here.\n\nGiven the time, the intended answer is likely lnested with depth 1, using c itself, but that doesn't decrease.\n\nAlternatively, consider that the loop might be designed so that c is always decreased in some way. Let's read the code again:\n\n  if (unknown()) {\n      if (c != 4) c = c + 1;\n  } else {\n      if (c == 4) c = 1;\n  }\n\nSo c only changes in two ways: +1 or reset to 1 from 4.\n\nNow, imagine we define a ranking function as c. It increases or drops to 1. Not monotonic.\n\nDefine it as -c: then it decreases when c increases, and increases when c resets—still not good.\n\nThe key insight: the value of c modulo 4 is not helpful, but the important thing is that c is always at least 1,\nand the only way to have a large drop is from 4 to 1. So over two iterations, the net change might be negative,\nbut ranking functions are per-iteration.\n\nGiven the above, the only viable template is lmulti with depth 2, interpreting the two branches as phases.\n\nPhase 1: when c < 4, we are in an incrementing phase. We can use a ranking function like (4 - c), which decreases as c increases.\nPhase 2: when c = 4, we are in a reset phase. We use a ranking function like 1 (constant), and when reset happens, we go back to phase 1.\nBut lmulti does not allow going back to phase 1.\n\nHowever, in some definitions, lmulti allows multiple phases that can be entered in order, but not revisited.\nSince after reset we are back to c=1 < 4, we would need to re-enter phase 1, which is not allowed.\n\nTherefore, neither lnested nor lmulti seems to fit perfectly.\n\nBut wait—what if we consider that the loop can be unrolled or that the reset is a progress measure?\nAnother idea: use a ranking function that is the value of c, but in a lexicographic tuple with a flag.\nHowever, without additional variables, we can't.\n\nGiven the problem's context and the instruction to choose the simplest, and noting that c is bounded and the only changes are +1 or reset to 1,\nthe loop is terminating if and only if the guard eventually fails, and the updates to c do not prevent termination.\nIn such cases, sometimes a trivial ranking function is used, but SVMRanker requires a template.\n\nLooking at the reference cases (though empty), and common practice, for a loop with a bounded counter that resets,\nthe recommended approach is a lexicographic ranking function of depth 2, where the first component is an artificial phase counter.\nBut since we don't have one, we approximate.\n\nHowever, there's a known result: any loop with a finite number of states admits a ranking function, but it may not be linear.\n\nGiven the above, I think the expected answer is to use lnested with depth 1, but""}","```yaml analysis: |   The loop body conditionally updates a variable `c` based on unknown() conditions.   There are two main branches:     - If the first unknown() is true and c != 4, then c is increm"
2026-01-17T00:07:33.148664,rf_template_Balanced,50_pmt_yamlv2_extract.yml,loop_invariants/code2inv/50.c,,1,rf_template,qwenmax,qwen3-max,0.7,0.9,,108346.75,310,3095,3405,lmulti,2,"{""type"": ""lmulti"", ""depth"": 2, ""explanation"": ""The loop exhibits two distinct phases: incrementing c until it reaches 4, and resetting c to 1. A multi-phase ranking function with depth 2 can model these phases, ensuring overall progress.""}","```yaml analysis: |   The loop body conditionally updates a single integer variable `c`. There are two branches:      - In the first branch (when the outer unknown() is true), if `c != 4`, then `c` is"
2026-01-17T00:09:32.019539,rf_template_Creative,50_pmt_yamlv2_extract.yml,loop_invariants/code2inv/50.c,,1,rf_template,qwenmax,qwen3-max,1.0,1.0,,118863.9,310,2279,2589,lmulti,2,"{""type"": ""lmulti"", ""depth"": 2, ""explanation"": ""The variable `c` increases monotonically until it reaches 4, then resets to 1. This behavior matches a two-phase ranking function: phase 1 tracks progress toward 4 (e.g., 4 - c decreases), and phase 2 handles the reset. Although the loop may not terminate due to unbounded cycles or non-determinism, this template best fits the update pattern.""}","```yaml analysis: |   The loop body conditionally updates variable `c` based on unknown conditions. There are two branches:      - In the first branch (when the outer `if` is true), if `c != 4`, then "
2026-01-17T00:09:37.363504,rf_template_autoverus_seahorn_v1_Deterministic,50_pmt_yamlv2_extract.yml,loop_invariants/code2inv/50.c,,1,rf_template_autoverus_seahorn_v1,qwenmax,qwen3-max,0.0,1.0,,5343.16,273,14,287,lnested,1,"{""type"": ""lnested"", ""depth"": 1}","configuration:   type: ""lnested""   depth: 1"
2026-01-17T00:09:40.425666,rf_template_autoverus_seahorn_v1_Balanced,50_pmt_yamlv2_extract.yml,loop_invariants/code2inv/50.c,,1,rf_template_autoverus_seahorn_v1,qwenmax,qwen3-max,0.7,0.9,,3061.23,273,14,287,lnested,1,"{""type"": ""lnested"", ""depth"": 1}","configuration:   type: ""lnested""   depth: 1"
2026-01-17T00:09:42.712151,rf_template_autoverus_seahorn_v1_Creative,50_pmt_yamlv2_extract.yml,loop_invariants/code2inv/50.c,,1,rf_template_autoverus_seahorn_v1,qwenmax,qwen3-max,1.0,1.0,,2285.35,273,14,287,lnested,1,"{""type"": ""lnested"", ""depth"": 1}","configuration:   type: ""lnested""   depth: 1"
2026-01-17T00:10:31.858170,rf_template_fewshot_Deterministic,50_pmt_yamlv2_extract.yml,loop_invariants/code2inv/50.c,,1,rf_template_fewshot,qwenmax,qwen3-max,0.0,1.0,,49140.04,521,1297,1818,lmulti,2,"{""type"": ""lmulti"", ""depth"": 2, ""explanation"": ""Variable c increases in phase 1 (up to 4) and resets to 1 in phase 2; a multi-phase template captures this two-mode behavior.""}","```yaml analysis: |   The loop body modifies variable c conditionally:     - If the first unknown() is true and c != 4, then c is incremented by 1.     - If the first unknown() is false and c == 4, th"
2026-01-17T00:12:26.593032,rf_template_fewshot_Balanced,50_pmt_yamlv2_extract.yml,loop_invariants/code2inv/50.c,,1,rf_template_fewshot,qwenmax,qwen3-max,0.7,0.9,,114725.63,521,3291,3812,lmulti,4,"{""type"": ""lmulti"", ""depth"": 4, ""explanation"": ""Four distinct phases corresponding to c=1,2,3,4; multi-phase ranking handles the cyclic reset behavior.""}","```yaml analysis: |   The variable `c` is modified in a conditional manner:     - If the first unknown() is true and c != 4, then c is incremented by 1.     - If the first unknown() is false and c == "
2026-01-17T00:13:07.722374,rf_template_fewshot_Creative,50_pmt_yamlv2_extract.yml,loop_invariants/code2inv/50.c,,1,rf_template_fewshot,qwenmax,qwen3-max,1.0,1.0,,41123.99,521,1049,1570,lmulti,2,"{""type"": ""lmulti"", ""depth"": 2, ""explanation"": ""The loop has two phases: incrementing c up to 4, then resetting c to 1. Although c may increase in phase 1, the reset event (phase 2) suggests a multi-phase ranking function where the number of resets is bounded.""}","```yaml analysis: |   The variable `c` evolves in a constrained way: it either increments (if c != 4) or resets to 1 (if c == 4). Thus, `c` can only take values in {1, 2, 3, 4}. The loop condition is "
