file,SVMRresult,svmr_statuses,result_2ls,2ls_time,irank_result,irank_time,cpalasso25_result,cpalasso25_time,cpageneral25_result,cpageneral25_time,cpalasso260122result,cpalasso260122time,cpageneral260122result,cpageneral260122time,AProVEonline24,AProVEonline25,MuVal-online,Ultimate-online,Ultimate260122_result,Ultimate260122_time_taken,ET+CPAlasso25,loop_type,loops_count,loops_depth,loop_condition_variables_count,has_break,loop_condition_always_true,initial_sat_condition,array_operator,pointer_operator,lines,language,program_type,recur_type
svcomp_b.14-alloca.c,Unknown,Unknown,Failed,0.23,Failed,0.338493109,Unknown,4.59,Unknown,4.61,Unknown,2.39,Unknown,259.4,Terminate,Terminate,Terminate,Terminate,Terminate,4.82,Unknown,Nested,2,2,2,FALSE,FALSE,TRUE,FALSE,TRUE,25,C,loop,
svcomp_b.01-alloca.c,failed,Failed,Failed,0.24,Failed,0.469380379,Unknown,3.86,Unknown,4.01,Unknown,1.89,Nonterminate,1.39,Terminate,Terminate,Terminate,Terminate,Terminate,4.1,Unknown,Linear,1,1,2,FALSE,FALSE,TRUE,FALSE,TRUE,22,C,loop,
ChenFlurMukhopadhyay-SAS2012-Ex1.03_true-termination.c,Unknown,Unknown,Unknown,0.23,Terminate,1.563355684,Terminate,2.41,Terminate,2.89,Terminate,1.33,Terminate,1.39,Terminate,Terminate,Terminate,Terminate,Terminate,3.64,Terminate,Linear,1,1,1,TRUE,FALSE,TRUE,FALSE,TRUE,30,C,loop,
Et1_true.c,,,Terminate,0.18,Failed,0.332017422,Unknown,2.16,Failed,2.25,Unknown,1.08,Unknown,2.1,Terminate,Terminate,Terminate,Terminate,Terminate,4.49,Unknown,,0,0,0,FALSE,FALSE,TRUE,FALSE,FALSE,42,C,recur,non-tail
svcomp_b.07.c,failed,Failed,Terminate,0.24,Terminate,1.425033331,Terminate,3.06,Terminate,3.66,Terminate,1.45,Terminate,1.54,Terminate,Terminate,Terminate,Terminate,Terminate,3.81,Terminate,Linear,1,1,2,FALSE,FALSE,TRUE,FALSE,TRUE,16,C,loop,
NestedRecursion_1d_true-termination.c,,,Terminate,0.3,Failed,0.439768076,Unknown,2.14,Failed,2.21,Unknown,1.11,Unknown,1.71,Terminate,Terminate,Failed,Terminate,Terminate,6.62,Unknown,,0,0,0,FALSE,FALSE,TRUE,FALSE,FALSE,26,C,recur,non-tail
Et4_true.c,,,Terminate,0.27,Failed,0.434231043,Unknown,1.86,Failed,1.88,Unknown,1.14,Unknown,283.3,Terminate,Terminate,Terminate,Terminate,Terminate,4.66,Unknown,,0,0,0,FALSE,FALSE,TRUE,FALSE,TRUE,49,C,recur,non-tail
LarrazOliverasRodriguez-CarbonellRubio-FMCAD2013-Fig1_true-termination.c,Unknown,Unknown,Unknown,1.44,Terminate,8.93021965,Unknown,8.13,Unknown,5.44,Unknown,3.49,Unknown,270.84,Terminate,Terminate,Terminate,Terminate,Terminate,5.62,Unknown,Nested,2,2,2,FALSE,FALSE,TRUE,FALSE,FALSE,33,C,loop,
ChenFlurMukhopadhyay-SAS2012-Ex1.05_true-termination.c,Terminate,TERMINATE,Unknown,0.42,Terminate,1.557750702,Unknown,2.93,Unknown,3.22,Unknown,1.37,Nonterminate,1.24,Terminate,Terminate,Terminate,Terminate,Terminate,3.71,Terminate,Linear,1,1,1,TRUE,FALSE,TRUE,FALSE,TRUE,30,C,loop,
svcomp_b.05.c,Terminate,TERMINATE,Terminate,0.19,Terminate,2.417295218,Terminate,2.26,Terminate,2.75,Terminate,1.46,Terminate,1.54,Terminate,timeout,Terminate,Terminate,Terminate,3.71,Terminate,Linear,1,1,1,FALSE,FALSE,TRUE,FALSE,TRUE,15,C,loop,
sum_2x3_false-unreach-call.c,,,Terminate,0.19,Failed,0.319595098,Unknown,2.12,Failed,2.12,Unknown,1.08,Unknown,284.39,Terminate,Terminate,Terminate,Unknown,Terminate,3.95,Unknown,,0,0,0,FALSE,FALSE,TRUE,FALSE,FALSE,18,C,recur,tail
desc_ll_search_last.c,failed,Failed,Unknown,0.91,Failed,0.468629837,Unknown,4.71,Unknown,5.05,Unknown,2.27,Unknown,286.34,Terminate,Terminate,timeout,timeout,Unknown,16.87,Unknown,Multiple,2,1,5,FALSE,FALSE,TRUE,FALSE,TRUE,37,C,loop,
AliasDarteFeautrierGonnord-SAS2010-nestedLoop_true-termination.c,Unknown,Unknown,Unknown,0.57,Terminate,4.663552046,Terminate,4.55,TIMEOUT,300.05,Terminate,2.13,Terminate,2.59,Terminate,Terminate,timeout,Terminate,Terminate,5.34,Terminate,Nested,3,2,6,FALSE,FALSE,TRUE,FALSE,TRUE,33,C,loop,
svcomp_openbsd_cbzero_alloca.c,Unknown,Unknown,Failed,0.25,Failed,0.344233751,Unknown,3.19,Unknown,3.22,Unknown,1.47,Unknown,271.51,Terminate,Terminate,Terminate,Unknown,Unknown,9.74,Unknown,Linear,1,1,1,FALSE,FALSE,TRUE,FALSE,TRUE,30,C,loop,
ChawdharyCookGulwaniSagivYang-ESOP2008-random1d_true-termination.c,Unknown,Unknown,Unknown,6.23,Terminate,2.803284168,Terminate,3.49,Terminate,4.12,Terminate,1.67,Terminate,1.78,Terminate,Terminate,Terminate,Terminate,Terminate,3.76,Terminate,Linear,1,1,2,FALSE,FALSE,TRUE,FALSE,FALSE,27,C,loop,
fibo_5_false-unreach-call.c,,,Terminate,0.16,Failed,0.333745003,Unknown,2.09,Failed,2.19,Unknown,1.09,Unknown,1.77,Terminate,Terminate,Failed,Unknown,Terminate,9.37,Unknown,,0,0,0,FALSE,FALSE,TRUE,FALSE,FALSE,30,C,recur,non-tail
Ben-Amram-LMCS2010-Ex2.3_true-termination.c,failed,Failed,Unknown,2.17,Terminate,23.1144588,Terminate,3.46,Terminate,4.76,Terminate,1.9,Terminate,2.19,Terminate,Terminate,Terminate,Terminate,Terminate,4.64,Terminate,Linear,1,1,3,FALSE,FALSE,TRUE,FALSE,TRUE,32,C,loop,
Benghazi_nondet_true-termination.c,failed,Failed,Unknown,163.16,Terminate,2.094527721,Terminate,3.46,TIMEOUT,300.04,Terminate,1.91,Terminate,2.14,Terminate,Terminate,Terminate,Terminate,Terminate,3.92,Terminate,Linear,1,1,1,FALSE,FALSE,TRUE,FALSE,FALSE,24,C,loop,
svcomp_b.16-alloca.c,Unknown,Unknown,Failed,0.24,Failed,0.344576597,Unknown,3.78,Unknown,4.58,Unknown,2.55,Unknown,288.86,Terminate,Terminate,Terminate,Terminate,Terminate,5.06,Unknown,Nested,2,2,2,FALSE,FALSE,TRUE,FALSE,TRUE,26,C,loop,
AliasDarteFeautrierGonnord-SAS2010-exmini_true-termination.c,failed,Failed,Terminate,0.28,Terminate,1.546123505,Terminate,2.58,Terminate,3.21,Terminate,1.45,Terminate,1.55,Terminate,Terminate,Terminate,Terminate,Terminate,3.97,Terminate,Linear,1,1,3,FALSE,FALSE,TRUE,FALSE,TRUE,26,C,loop,
AliasDarteFeautrierGonnord-SAS2010-counterex1b_true-termination.c,Terminate,TERMINATE,Unknown,0.6,Terminate,31.93115854,Terminate,4.37,Terminate,6.02,Terminate,1.96,Terminate,2.65,Terminate,Terminate,timeout,Terminate,Terminate,5.16,Terminate,Nested,3,2,4,FALSE,FALSE,TRUE,FALSE,TRUE,23,C,loop,
TwoWay_true.c,,,Terminate,0.28,Failed,0.328836918,Unknown,2.22,Failed,2.21,Unknown,1.07,Unknown,283.58,Terminate,Terminate,Terminate,Terminate,Terminate,4.49,Unknown,,0,0,0,FALSE,FALSE,TRUE,FALSE,TRUE,50,C,recur,non-tail
Masse-VMCAI2014-Ex6_true-termination.c,Unknown,Unknown,Terminate,0.23,Terminate,2.071326494,Unknown,2.69,Unknown,2.78,Unknown,1.33,Unknown,297.12,Terminate,Terminate,Terminate,Terminate,Terminate,4.38,Unknown,Linear,1,1,1,FALSE,FALSE,TRUE,FALSE,FALSE,24,C,loop,
LeikeHeizmann-TACAS2014-Ex7_true-termination.c,Unknown,Unknown,Terminate,0.3,Terminate,1.739848137,Terminate,2.67,Terminate,3.5,Terminate,1.5,Terminate,1.67,Terminate,Terminate,Terminate,Terminate,Terminate,3.84,Terminate,Linear,1,1,1,FALSE,FALSE,TRUE,FALSE,FALSE,29,C,loop,
svcomp_b.09_assume-alloca.c,Unknown,Unknown,Failed,0.24,Failed,0.348290682,Unknown,2.8,Unknown,3.61,Unknown,1.94,Unknown,291.75,Terminate,Terminate,Terminate,Terminate,Terminate,76.65,Unknown,Linear,1,1,1,FALSE,FALSE,TRUE,FALSE,TRUE,34,C,loop,
ChenFlurMukhopadhyay-SAS2012-Ex1.04_true-termination.c,failed,Failed,Unknown,0.42,Terminate,1.589332104,Terminate,2.96,Terminate,3.51,Terminate,1.58,Nonterminate,1.4,Terminate,Terminate,Terminate,Terminate,Terminate,3.68,Terminate,Linear,1,1,1,TRUE,FALSE,TRUE,FALSE,TRUE,30,C,loop,
nondet_ll_init_rec.c,,,Terminate,0.47,Failed,0.345979214,Unknown,1.91,Failed,1.94,Unknown,1.23,Unknown,286.32,Terminate,Terminate,Failed,timeout,Terminate,4.61,Unknown,,0,0,0,FALSE,FALSE,TRUE,FALSE,TRUE,23,C,recur,non-tail
svcomp_c.07.c,failed,Failed,Terminate,0.39,Terminate,1.741048336,Terminate,3.17,Terminate,4.93,Terminate,1.54,Terminate,1.75,Terminate,Terminate,Terminate,Terminate,Terminate,4,Terminate,Linear,1,1,1,FALSE,FALSE,TRUE,FALSE,TRUE,18,C,loop,
svcomp_b.17.c,Unknown,Unknown,Terminate,0.4,Terminate,2.84706378,Terminate,2.67,Terminate,3.29,Terminate,1.88,Terminate,2.25,Terminate,Terminate,Terminate,Terminate,Terminate,4.11,Terminate,Nested,2,2,3,FALSE,FALSE,TRUE,FALSE,FALSE,19,C,loop,
AliasDarteFeautrierGonnord-SAS2010-speedpldi3_true-termination.c,failed,Failed,Terminate,0.25,Terminate,9.721589327,Terminate,4.06,Terminate,5.62,Terminate,2.07,Terminate,2.36,Terminate,Terminate,Terminate,Terminate,Terminate,4.69,Terminate,Linear,1,1,2,FALSE,FALSE,TRUE,FALSE,TRUE,28,C,loop,
svcomp_Toulouse-BranchesToLoop_true-alloca.c,Unknown,Unknown,Failed,0.24,Failed,0.470495701,Unknown,6.42,Unknown,7.13,Unknown,3.83,Nonterminate,1.67,Terminate,Terminate,Terminate,Terminate,Terminate,4.46,Unknown,Linear,1,1,2,FALSE,FALSE,TRUE,FALSE,TRUE,21,C,loop,
nondet_ll_traverse_rec.c,,,Terminate,0.46,Failed,0.477694273,Unknown,2.44,Unknown,2.68,Unknown,1.23,Unknown,1.36,Terminate,Terminate,Failed,timeout,Unknown,17.3,Unknown,,0,0,0,FALSE,FALSE,TRUE,FALSE,TRUE,30,C,recur,non-tail
svcomp_b.07-alloca.c,Unknown,Unknown,Failed,0.25,Failed,0.471010923,Unknown,5.08,Unknown,5.04,Unknown,2.65,Unknown,288.41,Terminate,Terminate,Terminate,Terminate,Terminate,4.36,Unknown,Linear,1,1,2,FALSE,FALSE,TRUE,FALSE,TRUE,25,C,loop,
svcomp_b.04-alloca.c,Terminate,TERMINATE,Failed,0.24,Failed,0.474460125,Unknown,3.8,Unknown,3.6,Unknown,1.99,Unknown,291.27,Terminate,Terminate,Terminate,Terminate,Terminate,3.99,Terminate,Linear,1,1,2,FALSE,FALSE,TRUE,FALSE,TRUE,23,C,loop,
LeeJonesBen-Amram-POPL2001-Ex6_true-termination.c,,,Terminate,0.31,Failed,0.445439577,Unknown,2.15,Failed,2.14,Unknown,1.14,Unknown,1.21,Terminate,Terminate,Terminate,Terminate,Terminate,5.62,Unknown,,0,0,0,FALSE,FALSE,TRUE,FALSE,TRUE,40,C,recur,tail
svcomp_b.03_assume.c,Unknown,Unknown,Unknown,0.25,Terminate,1.604349852,Unknown,2.53,Unknown,2.65,Unknown,1.39,Unknown,297.21,Terminate,Terminate,Terminate,Terminate,Terminate,3.76,Unknown,Linear,1,1,2,FALSE,FALSE,TRUE,FALSE,FALSE,22,C,loop,
Masse-VMCAI2014-Fig1a_true-termination.c,failed,Failed,Terminate,0.41,Terminate,2.27529192,Unknown,2.45,Unknown,2.88,Unknown,1.54,Unknown,294.08,Terminate,Terminate,Terminate,Terminate,Terminate,4.67,Unknown,Linear,1,1,1,FALSE,FALSE,TRUE,FALSE,FALSE,26,C,loop,
HeizmannHoenickeLeikePodelski-ATVA2013-Fig8_true-termination.c,Unknown,Unknown,Terminate,0.12,Unknown,4.329362631,Unknown,2.83,Unknown,3.12,Unknown,1.55,Unknown,296.63,Terminate,Terminate,Terminate,Terminate,Terminate,3.86,Unknown,Linear,1,1,1,FALSE,FALSE,TRUE,FALSE,TRUE,21,C,loop,
Bangalore_true-termination.c,Unknown,Unknown,Terminate,0.14,Terminate,0.985501289,Terminate,2.67,Terminate,3.04,Terminate,1.48,Terminate,1.53,Terminate,Terminate,Terminate,Terminate,Terminate,3.79,Terminate,Linear,1,1,1,FALSE,FALSE,TRUE,FALSE,FALSE,23,C,loop,
Overflow.c,Unknown,Unknown,Unknown,0.07,Terminate,0.819419384,Terminate,2.14,Terminate,2.56,Terminate,1.53,Terminate,1.65,Terminate,Terminate,Terminate,Terminate,Terminate,3.75,Terminate,Linear,1,1,1,FALSE,FALSE,TRUE,FALSE,FALSE,14,C,loop,
ChenFlurMukhopadhyay-SAS2012-Ex2.13_true-termination.c,Terminate,TERMINATE,Unknown,0.69,Terminate,1.787369728,Unknown,4.39,Unknown,5.61,Unknown,1.95,Unknown,272.34,Terminate,Terminate,Terminate,Terminate,Terminate,3.77,Terminate,Linear,1,1,2,FALSE,FALSE,TRUE,FALSE,FALSE,28,C,loop,
svcomp_b.18-alloca.c,Unknown,"TERMINATE,UNKNOWN",Failed,0.25,Failed,0.470837831,Unknown,2.81,Unknown,3.93,Unknown,2.12,Unknown,261.35,Terminate,Terminate,timeout,Terminate,Terminate,5.73,Unknown,Nested,3,2,2,FALSE,FALSE,TRUE,FALSE,TRUE,27,C,loop,
PastaB3.c,Unknown,Unknown,Unknown,0.24,Terminate,1.462812185,Unknown,2.77,Unknown,3.01,Unknown,1.44,Unknown,297.35,Terminate,Terminate,Terminate,Terminate,Terminate,3.77,Unknown,Linear,1,1,2,FALSE,FALSE,TRUE,FALSE,FALSE,18,C,loop,
GulwaniJainKoskinen-PLDI2009-Fig1_true-termination.c,Unknown,Unknown,Unknown,1,Terminate,17.41599131,Terminate,9.28,Terminate,9.65,Terminate,4.04,Terminate,4.27,timeout,Terminate,Terminate,Terminate,TIMEOUT,300.01,Terminate,Linear,1,1,3,FALSE,FALSE,TRUE,FALSE,TRUE,34,C,loop,
HeizmannHoenickeLeikePodelski-ATVA2013-Fig2_true-termination.c,Unknown,Unknown,Unknown,8.09,Nonterminate,4.00972414,Terminate,9.49,Terminate,61.39,Terminate,5.94,Terminate,6.06,Terminate,MAYBE,Terminate,Unknown,Unknown,4.95,Terminate,Linear,1,1,1,FALSE,FALSE,TRUE,FALSE,TRUE,19,C,loop,
svcomp_java_Continue1-alloca.c,Unknown,Unknown,Failed,0.25,Failed,0.348927021,Unknown,2.55,Unknown,2.3,Unknown,1.32,Unknown,296.98,Terminate,Terminate,Terminate,Terminate,Terminate,5.91,Unknown,Linear,1,1,1,FALSE,FALSE,TRUE,FALSE,TRUE,15,C,loop,
LeikeHeizmann-TACAS2014-Fig1_true-termination.c,failed,Failed,Unknown,0.98,Terminate,1.62724638,Terminate,3.39,Terminate,4.42,Terminate,1.65,Terminate,1.8,Terminate,Terminate,Terminate,Terminate,Terminate,3.86,Terminate,Linear,1,1,1,FALSE,FALSE,TRUE,FALSE,FALSE,22,C,loop,
svcomp_a.04.c,Terminate,TERMINATE,Terminate,0.2,Terminate,1.510835886,Terminate,2.97,Terminate,3.62,Terminate,1.43,Terminate,1.58,Terminate,Terminate,Terminate,Terminate,Terminate,3.77,Terminate,Linear,1,1,2,FALSE,FALSE,TRUE,FALSE,FALSE,15,C,loop,
svcomp_HarrisLalNoriRajamani-2010SAS-Fig3_true-alloca.c,Unknown,Unknown,Failed,0.24,Failed,0.47329092,Unknown,2.74,Unknown,2.97,Unknown,1.54,Unknown,285.91,Terminate,Terminate,Terminate,Terminate,Terminate,3.93,Unknown,Linear,1,1,1,FALSE,FALSE,TRUE,FALSE,TRUE,23,C,loop,
svcomp_java_AG313-alloca.c,Terminate,TERMINATE,Failed,0.24,Failed,0.345540762,Unknown,4.34,Unknown,4.29,Unknown,2.38,Unknown,288.07,Terminate,Terminate,Terminate,Terminate,Terminate,4.25,Terminate,Linear,1,1,1,FALSE,FALSE,TRUE,FALSE,TRUE,23,C,loop,
AliasDarteFeautrierGonnord-SAS2010-loops_true-termination.c,failed,Failed,Unknown,0.2,Terminate,2.413120031,Terminate,3.59,Terminate,4.37,Terminate,1.72,Terminate,2.12,Terminate,Terminate,Terminate,Terminate,Terminate,4.75,Terminate,Nested,2,2,2,FALSE,FALSE,TRUE,FALSE,TRUE,30,C,loop,
AliasDarteFeautrierGonnord-SAS2010-ndecr_true-termination.c,Unknown,Unknown,Terminate,0.11,Terminate,0.882511854,Terminate,2.83,Terminate,3.3,Terminate,1.46,Terminate,1.47,Terminate,Terminate,Terminate,Terminate,Terminate,3.68,Terminate,Linear,1,1,1,FALSE,FALSE,TRUE,FALSE,FALSE,17,C,loop,
svcomp_flag-alloca.c,Terminate,TERMINATE,Failed,0.23,Failed,0.34813118,Unknown,3.92,Unknown,4.09,Unknown,2.87,Unknown,288.5,Terminate,Terminate,Terminate,Terminate,Terminate,6.25,Terminate,Linear,1,1,1,FALSE,FALSE,TRUE,FALSE,TRUE,24,C,loop,
CookSeeZuleger-TACAS2013-Fig8a_true-termination.c,Terminate,TERMINATE,Unknown,0.13,Terminate,4.528115749,Terminate,3.08,Terminate,3.6,Terminate,1.84,Terminate,1.69,Terminate,Terminate,Terminate,Terminate,Terminate,5.32,Terminate,Linear,1,1,1,FALSE,FALSE,TRUE,FALSE,FALSE,24,C,loop,
ChenFlurMukhopadhyay-SAS2012-Ex3.07_true-termination.c,failed,Failed,Terminate,0.53,Terminate,2.187636614,Terminate,4.88,Terminate,3.42,Terminate,2.28,Terminate,2.7,Terminate,Terminate,Terminate,Terminate,Terminate,4.05,Terminate,Linear,1,1,1,FALSE,FALSE,TRUE,FALSE,FALSE,33,C,loop,
BrockschmidtCookFuhs-CAV2013-Introduction_true-termination.c,failed,Failed,Unknown,0.83,Terminate,1.605215311,Terminate,2.81,Terminate,3.27,Terminate,1.71,Terminate,1.48,Terminate,Terminate,Terminate,Terminate,Terminate,3.88,Terminate,Linear,1,1,1,FALSE,FALSE,TRUE,FALSE,FALSE,23,C,loop,
svcomp_a.09_assume-alloca.c,Unknown,Unknown,Failed,0.24,Failed,0.471039534,Unknown,3.91,Unknown,4.16,Unknown,2.45,Nonterminate,1.75,Terminate,Terminate,Terminate,Terminate,Terminate,4.25,Unknown,Linear,1,1,2,FALSE,FALSE,TRUE,FALSE,TRUE,29,C,loop,
svcomp_b.14.c,Terminate,TERMINATE,Terminate,0.62,Terminate,2.049182177,Terminate,3.47,Terminate,4.08,Terminate,1.65,Terminate,2.17,Terminate,Terminate,Terminate,Terminate,Terminate,4.08,Terminate,Nested,2,2,2,FALSE,FALSE,TRUE,FALSE,TRUE,18,C,loop,
CookSeeZuleger-TACAS2013-Fig7b_true-termination.c,Unknown,Unknown,Terminate,0.36,Terminate,102.230557,Terminate,4.41,Terminate,6.1,Terminate,2.32,Terminate,2.45,Terminate,Terminate,timeout,Terminate,Terminate,5.38,Terminate,Linear,1,1,3,FALSE,FALSE,TRUE,FALSE,TRUE,28,C,loop,
afterrec_2calls_false-unreach-call.c,,,Unknown,0.09,Failed,0.434861183,Unknown,2.09,Failed,2.15,Unknown,1.21,Unknown,2.27,Terminate,Terminate,Failed,Unknown,Terminate,3.86,Unknown,,0,0,0,FALSE,FALSE,TRUE,FALSE,FALSE,22,C,recur,non-tail
svcomp_twisted-alloca.c,failed,Failed,Failed,0.25,Failed,0.351254463,Unknown,6.22,Unknown,6.53,Unknown,3.28,Unknown,260.21,Terminate,Terminate,Terminate,Terminate,Terminate,19.24,Unknown,Multiple,2,1,3,FALSE,FALSE,TRUE,FALSE,TRUE,34,C,loop,
ChawdharyCookGulwaniSagivYang-ESOP2008-aaron6_true-termination.c,Unknown,Unknown,Unknown,2.26,Terminate,8.775921345,Terminate,2.72,Terminate,4.94,Terminate,1.61,Nonterminate,1.31,Terminate,Terminate,Terminate,Terminate,Terminate,3.92,Terminate,Linear,1,1,5,FALSE,FALSE,TRUE,FALSE,TRUE,31,C,loop,
svcomp_a.06-alloca.c,Unknown,Unknown,Failed,0.25,Failed,0.483912468,Unknown,3.79,Unknown,4.78,Unknown,2.53,Unknown,289.06,Terminate,Terminate,Terminate,Terminate,Terminate,4.23,Unknown,Linear,1,1,3,FALSE,FALSE,TRUE,FALSE,TRUE,25,C,loop,
svcomp_java_Nested.c,failed,"ERROR,TERMINATE",Terminate,0.6,Terminate,2.028608322,Terminate,4.52,Terminate,5.22,Terminate,2.04,Terminate,1.86,Terminate,Terminate,Terminate,Terminate,Terminate,4.84,Terminate,Multiple,2,1,2,FALSE,FALSE,TRUE,FALSE,FALSE,10,C,loop,
PastaB7.c,Unknown,Unknown,Terminate,0.11,Terminate,1.312035322,Terminate,2.91,Terminate,3.56,Terminate,1.41,Terminate,1.47,Terminate,Terminate,Terminate,Terminate,Terminate,3.75,Terminate,Linear,1,1,3,FALSE,FALSE,TRUE,FALSE,TRUE,19,C,loop,
svcomp_b.06.c,Unknown,Unknown,Terminate,0.27,Terminate,1.271632433,Terminate,2.79,Terminate,3.58,Terminate,1.41,Terminate,1.54,Terminate,Terminate,Terminate,Terminate,Terminate,3.81,Terminate,Linear,1,1,1,FALSE,FALSE,TRUE,FALSE,TRUE,16,C,loop,
rec_counter3.c,failed,Failed,Unknown,0.24,Failed,0.441800833,Unknown,2.2,Unknown,2.24,Unknown,1.06,Unknown,1.16,Terminate,Terminate,Failed,Terminate,Terminate,4.88,Unknown,Multiple,2,1,2,FALSE,FALSE,TRUE,FALSE,FALSE,24,C,loop,non-tail
svcomp_BrockschmidtCookFuhs-2013CAV-Fig1_true-alloca.c,Unknown,Unknown,Failed,0.25,Failed,0.457106829,Unknown,3.78,Unknown,4.26,Unknown,2.07,Nonterminate,1.57,Terminate,Terminate,Terminate,Terminate,Terminate,7.84,Unknown,Nested,2,2,3,FALSE,FALSE,TRUE,FALSE,TRUE,15,C,loop,
id_i10_o10_false-unreach-call.c,,,Terminate,0.18,Failed,0.444696665,Unknown,1.69,Failed,1.75,Unknown,1.07,Unknown,1.69,Terminate,Terminate,Terminate,Unknown,Terminate,4.74,Unknown,,0,0,0,FALSE,FALSE,TRUE,FALSE,FALSE,15,C,recur,non-tail
svcomp_fermat.c,Unknown,Unknown,Terminate,0.7,Terminate,20.46997285,Failed,284.5,Failed,285.24,TIMEOUT,310.07,Unknown,193.11,Terminate,Terminate,timeout,Terminate,Terminate,262.25,Unknown,Linear,1,1,0,TRUE,TRUE,TRUE,FALSE,TRUE,26,C,loop,
AliasDarteFeautrierGonnord-SAS2010-random1d_true-termination.c,Unknown,Unknown,Unknown,6.62,Terminate,2.238676071,Terminate,2.65,Terminate,3.24,Terminate,1.6,Terminate,1.74,Terminate,Terminate,Terminate,Terminate,Terminate,3.67,Terminate,Linear,1,1,2,FALSE,FALSE,TRUE,FALSE,FALSE,25,C,loop,
PastaA4.c,Terminate,TERMINATE,Terminate,0.16,Terminate,0.938995838,Terminate,2.93,Terminate,3.38,Terminate,1.38,Terminate,1.49,Terminate,Terminate,Terminate,Terminate,Terminate,3.72,Terminate,Linear,1,1,2,FALSE,FALSE,TRUE,FALSE,FALSE,16,C,loop,
svcomp_Fibonacci01_true-unreach-call_modified.c,,,Terminate,0.13,Failed,0.44308877,Unknown,2.1,Failed,2.14,Unknown,1.09,Unknown,4.78,Terminate,Terminate,Failed,timeout,TIMEOUT,300.02,Unknown,,0,0,0,FALSE,FALSE,TRUE,FALSE,FALSE,37,C,recur,non-tail
MinusBuiltIn.c,Unknown,Unknown,Unknown,0.47,Terminate,1.513674021,Terminate,2.83,Terminate,2.75,Terminate,1.37,Terminate,1.48,Terminate,Terminate,Terminate,Terminate,Terminate,3.88,Terminate,Linear,1,1,2,FALSE,FALSE,TRUE,FALSE,FALSE,20,C,loop,
svcomp_a.04-alloca.c,Unknown,Unknown,Failed,0.25,Failed,0.475569725,Unknown,3.53,Unknown,3.37,Unknown,1.81,Unknown,291.72,Terminate,Terminate,Terminate,Terminate,Terminate,4.06,Unknown,Linear,1,1,2,FALSE,FALSE,TRUE,FALSE,TRUE,22,C,loop,
Urban-WST2013-Fig2-modified1000_true-termination.c,Unknown,Unknown,Terminate,0.27,Terminate,2.079413414,Unknown,277.7,Unknown,275.34,Unknown,292.14,Unknown,144.11,Terminate,Terminate,Terminate,timeout,TIMEOUT,300.09,Unknown,Nested,2,2,2,FALSE,FALSE,TRUE,FALSE,FALSE,27,C,loop,
4BitCounterPointer_true-termination.c,failed,Failed,Failed,0.24,Failed,0.336890697,Unknown,4.64,Unknown,4.62,Unknown,2.5,Unknown,283.64,Terminate,Terminate,Terminate,Terminate,Terminate,7.93,Unknown,Linear,1,1,1,FALSE,FALSE,TRUE,FALSE,TRUE,35,C,loop,
PodelskiRybalchenko-LICS2004-Fig2-TACAS2011-Fig3_true-termination.c,failed,Failed,Unknown,75.77,Terminate,19.37530518,Terminate,5.26,Terminate,6.06,Terminate,2.47,Terminate,2.7,Terminate,Terminate,Terminate,Terminate,TIMEOUT,300.08,Terminate,Linear,1,1,2,FALSE,FALSE,TRUE,FALSE,TRUE,33,C,loop,
easy1_true-termination.c,Unknown,Unknown,Terminate,0.17,Terminate,1.058041096,Terminate,3.51,Terminate,3.88,Terminate,1.62,Terminate,1.52,Terminate,Terminate,Terminate,Terminate,Terminate,6.08,Terminate,Linear,1,1,1,FALSE,FALSE,TRUE,FALSE,FALSE,28,C,loop,
PastaB11.c,Terminate,TERMINATE,Terminate,0.24,Terminate,3.08027029,Terminate,2.96,Terminate,3.89,Terminate,1.57,Terminate,1.66,Terminate,Terminate,Terminate,Terminate,Terminate,4.2,Terminate,Linear,1,1,2,FALSE,FALSE,TRUE,FALSE,FALSE,24,C,loop,
PastaB15.c,Unknown,Unknown,Terminate,0.27,Terminate,2.651130438,Terminate,3.57,Terminate,4.42,Terminate,1.66,Terminate,2.01,Terminate,Terminate,Terminate,Terminate,Terminate,4.14,Terminate,Nested,2,2,3,FALSE,FALSE,TRUE,FALSE,TRUE,21,C,loop,
aaron2_true-termination.c,Unknown,Unknown,Unknown,0.32,Terminate,0.931140184,Terminate,2.96,Terminate,3.44,Terminate,1.42,Terminate,1.24,Terminate,Terminate,Terminate,Terminate,Terminate,3.79,Terminate,Linear,1,1,3,FALSE,FALSE,TRUE,FALSE,TRUE,24,C,loop,
svcomp_NoriSharma-2013FSE-Fig8_true-alloca.c,Terminate,TERMINATE,Failed,0.25,Failed,0.482120514,Unknown,44.91,Unknown,42.32,Unknown,28.79,Unknown,257.79,Terminate,Terminate,Terminate,Terminate,Terminate,6.33,Terminate,Linear,1,1,2,FALSE,FALSE,TRUE,FALSE,TRUE,25,C,loop,
DivMinus.c,Unknown,Unknown,Terminate,0.29,Terminate,1.56734252,Unknown,2.96,Unknown,3.23,Unknown,1.34,Unknown,264.61,Terminate,Terminate,Terminate,Terminate,Terminate,3.88,Unknown,Linear,1,1,2,FALSE,FALSE,TRUE,FALSE,TRUE,19,C,loop,
Nested.c,Unknown,Unknown,Terminate,0.29,Terminate,1.724766731,Terminate,4.53,Terminate,5,Terminate,2.09,Terminate,1.3,Terminate,Terminate,Terminate,Terminate,Terminate,4.02,Terminate,Nested,2,2,2,FALSE,FALSE,TRUE,FALSE,FALSE,20,C,loop,
AliasDarteFeautrierGonnord-SAS2010-wise_true-termination.c,Terminate,TERMINATE,Terminate,0.23,Terminate,8.686114311,Terminate,3.33,Terminate,4.21,Terminate,1.56,Terminate,1.66,Terminate,Terminate,Terminate,Terminate,Terminate,4.5,Terminate,Linear,1,1,2,FALSE,FALSE,TRUE,FALSE,TRUE,24,C,loop,
HarrisLalNoriRajamani-SAS2010-Fig3_true-termination.c,failed,Failed,Unknown,0.48,Terminate,1.730995178,Terminate,2.82,Terminate,3.45,Terminate,1.4,Terminate,1.47,Terminate,Terminate,Terminate,Terminate,Terminate,3.74,Terminate,Linear,1,1,1,FALSE,FALSE,TRUE,FALSE,FALSE,30,C,loop,
fibo_2calls_2_false-unreach-call.c,,,Unknown,0.18,Failed,0.320398569,Unknown,2.04,Failed,1.78,Unknown,1.08,Unknown,3.9,Terminate,Terminate,Failed,Unknown,Terminate,5.89,Unknown,,0,0,0,FALSE,FALSE,TRUE,FALSE,FALSE,42,C,recur,non-tail
AliasDarteFeautrierGonnord-SAS2010-wcet2_true-termination.c,failed,Failed,Terminate,0.24,Terminate,1.869081497,Terminate,6.4,TIMEOUT,300.04,Terminate,2.89,Terminate,3.4,Terminate,Terminate,Terminate,Terminate,Terminate,4.81,Terminate,Nested,2,2,2,FALSE,FALSE,TRUE,FALSE,TRUE,21,C,loop,
svcomp_BrockschmidtCookFuhs-2013CAV-Introduction_true-alloca.c,Unknown,Unknown,Failed,0.23,Failed,0.472379923,Unknown,3.07,Unknown,3.21,Unknown,1.48,Nonterminate,1.39,Terminate,Terminate,Terminate,Terminate,Terminate,3.8,Unknown,Linear,1,1,1,FALSE,FALSE,FALSE,FALSE,TRUE,12,C,loop,
Toulouse-MultiBranchesToLoop_true-termination.c,Unknown,Unknown,Unknown,1.72,Unknown,29.25172377,Terminate,5.04,TIMEOUT,300.05,Terminate,2.31,Terminate,2.57,Terminate,Terminate,Terminate,Terminate,Terminate,4.85,Terminate,Linear,1,1,2,FALSE,FALSE,TRUE,FALSE,TRUE,65,C,loop,
ChenFlurMukhopadhyay-SAS2012-Ex2.10_true-termination.c,Unknown,Unknown,Terminate,0.18,Terminate,1.134034634,Unknown,3.92,Unknown,4.71,Unknown,1.75,Unknown,265.73,Terminate,Terminate,Terminate,Terminate,Terminate,3.75,Unknown,Linear,1,1,2,FALSE,FALSE,TRUE,FALSE,TRUE,28,C,loop,
svcomp_a.01.c,failed,Failed,Terminate,0.49,Terminate,1.790472984,Terminate,2.68,Terminate,3.52,Terminate,1.7,Terminate,2.04,Terminate,Terminate,Terminate,Terminate,Terminate,4.43,Terminate,Nested,2,2,2,FALSE,FALSE,TRUE,FALSE,FALSE,19,C,loop,
MutualRecursion_1b_true-termination.c,,,Failed,300.03,Failed,19.46475506,Unknown,2.12,Failed,2.17,Unknown,1.12,Unknown,1.61,Terminate,Terminate,Failed,timeout,TIMEOUT,300.02,Unknown,,0,0,0,FALSE,FALSE,TRUE,FALSE,FALSE,24,C,recur,non-tail
svcomp_a.07.c,failed,Failed,Terminate,0.19,Terminate,2.04521656,Terminate,2.87,Terminate,3.88,Terminate,1.46,Terminate,1.61,Terminate,Terminate,Terminate,Terminate,Terminate,3.85,Terminate,Linear,1,1,2,FALSE,FALSE,TRUE,FALSE,TRUE,16,C,loop,
desc_ll_search-ptrdiff_existing.c,Unknown,Unknown,Failed,1.4,Failed,0.471326828,Unknown,10.27,Unknown,10.22,Unknown,5.57,Unknown,274.57,Terminate,Terminate,Failed,Unknown,Unknown,3.03,Unknown,Multiple,2,1,3,FALSE,FALSE,TRUE,FALSE,TRUE,45,C,loop,
svcomp_b.18.c,failed,"ERROR,TERMINATE",Terminate,0.38,Terminate,2.97145772,Terminate,4.3,Terminate,5.15,Terminate,2.01,Terminate,2.32,Terminate,Terminate,Terminate,Terminate,Terminate,3.86,Terminate,Nested,3,2,2,FALSE,FALSE,TRUE,FALSE,TRUE,21,C,loop,
PastaA8.c,Terminate,TERMINATE,Terminate,0.18,Terminate,1.065699577,Terminate,2.85,Unknown,273.45,Terminate,1.39,Terminate,1.49,Terminate,Terminate,Terminate,Terminate,Terminate,3.76,Terminate,Linear,1,1,2,FALSE,FALSE,TRUE,FALSE,FALSE,17,C,loop,
MinusUserDefined.c,Unknown,Unknown,Unknown,0.64,Terminate,14.13214779,Terminate,4.49,Unknown,265.72,Terminate,2.02,Terminate,2.32,Terminate,Terminate,Terminate,Terminate,Terminate,4.31,Terminate,Nested,3,2,2,FALSE,FALSE,TRUE,FALSE,TRUE,28,C,loop,
ColonSipma-TACAS2001-Fig1_true-termination.c,failed,Failed,Terminate,0.34,Terminate,1.931527138,Terminate,3.05,Terminate,3.6,Terminate,1.45,Terminate,1.55,Terminate,Terminate,Terminate,Terminate,Terminate,4.05,Terminate,Linear,1,1,3,FALSE,FALSE,TRUE,FALSE,TRUE,26,C,loop,
KroeningSharyginaTsitovichWintersteiger-CAV2010-Ex_true-termination.c,Unknown,Unknown,Terminate,0.13,Terminate,1.669653416,Terminate,2.88,Terminate,3.45,Terminate,1.36,Terminate,1.52,Terminate,Terminate,Terminate,Terminate,Terminate,3.76,Terminate,Linear,1,1,1,FALSE,FALSE,TRUE,FALSE,FALSE,22,C,loop,
ChenFlurMukhopadhyay-SAS2012-Ex4.01_true-termination.c,Terminate,TERMINATE,Unknown,3.37,Terminate,2.826597691,Terminate,3.76,Terminate,160.83,Terminate,1.76,Terminate,1.92,Terminate,Terminate,Terminate,Terminate,Terminate,4.08,Terminate,Linear,1,1,3,FALSE,FALSE,TRUE,FALSE,TRUE,31,C,loop,
PastaB16.c,failed,Failed,Terminate,0.2,Terminate,2.364196539,Terminate,3.26,Terminate,3.73,Terminate,1.59,Terminate,1.66,Terminate,Terminate,Terminate,Terminate,Terminate,4.02,Terminate,Nested,2,2,2,FALSE,FALSE,TRUE,FALSE,FALSE,19,C,loop,
PastaB2.c,Terminate,TERMINATE,Terminate,0.19,Terminate,1.056160927,Terminate,2.91,Terminate,2.98,Terminate,1.42,Terminate,1.57,Terminate,Terminate,Terminate,Terminate,Terminate,3.72,Terminate,Linear,1,1,2,FALSE,FALSE,TRUE,FALSE,FALSE,17,C,loop,
svcomp_c.01_assume.c,Unknown,"TERMINATE,UNKNOWN",Unknown,0.4,Terminate,2.692418337,Terminate,2.83,Terminate,3.3,Terminate,1.44,Terminate,1.57,Terminate,Terminate,Terminate,Terminate,Terminate,4.26,Terminate,Nested,2,2,2,FALSE,FALSE,TRUE,FALSE,TRUE,21,C,loop,
svcomp_java_Break-alloca.c,Terminate,TERMINATE,Failed,0.24,Failed,0.467813969,Unknown,2.44,Unknown,2.57,Unknown,1.55,Unknown,294.55,Terminate,Terminate,Terminate,Terminate,Terminate,3.93,Terminate,Linear,1,1,0,TRUE,TRUE,TRUE,FALSE,TRUE,15,C,loop,
min_rf_true-termination.c,Unknown,Unknown,Unknown,1.69,Terminate,21.68191648,Terminate,3.41,Terminate,4.69,Terminate,1.81,Terminate,1.86,Terminate,Terminate,Terminate,Terminate,Terminate,9.33,Terminate,Linear,1,1,2,FALSE,FALSE,TRUE,FALSE,TRUE,25,C,loop,
ChenFlurMukhopadhyay-SAS2012-Ex1.02_true-termination.c,Terminate,TERMINATE,Unknown,0.63,Terminate,1.768894434,Terminate,2.62,Terminate,3.4,Terminate,1.46,Terminate,1.53,Terminate,Terminate,Terminate,Terminate,Terminate,3.81,Terminate,Linear,1,1,1,TRUE,FALSE,TRUE,FALSE,TRUE,30,C,loop,
UrbanMine-ESOP2014-Fig3_true-termination.c,Unknown,Unknown,Unknown,0.51,Terminate,154.2321348,Terminate,4.26,Terminate,5.34,Terminate,1.99,Terminate,2.09,Terminate,Terminate,Terminate,Terminate,Terminate,6.13,Terminate,Linear,1,1,2,FALSE,FALSE,TRUE,FALSE,TRUE,31,C,loop,
email_spec0_product05_true-unreach-call.cil.c,failed,"ERROR,UNKNOWN",Failed,0.78,Failed,300,Failed,46.7,Failed,31.7,TIMEOUT,310.14,Unknown,153.55,Terminate,Terminate,Failed,timeout,Terminate,7.09,Failed,Nested,4,2,0,FALSE,TRUE,TRUE,FALSE,TRUE,3782,C,loop,
Mysore_true-termination.c,Unknown,Unknown,Unknown,0.67,Terminate,1.878214598,Terminate,2.96,Terminate,3.3,Terminate,1.41,Terminate,1.57,Terminate,Terminate,Terminate,Terminate,Terminate,3.79,Terminate,Linear,1,1,2,FALSE,FALSE,TRUE,FALSE,FALSE,23,C,loop,
svcomp_java_Sequence-alloca.c,failed,Failed,Failed,0.25,Failed,0.468076229,Unknown,3.48,Unknown,3.98,Unknown,1.97,Unknown,289.54,Terminate,Terminate,Terminate,timeout,Failed,47.22,Unknown,Multiple,2,1,2,FALSE,FALSE,TRUE,FALSE,TRUE,12,C,loop,
svcomp_c.01-no-inv-alloca.c,Terminate,TERMINATE,Failed,0.25,Failed,0.474415541,Unknown,4.13,Unknown,4.65,Unknown,2.21,Nonterminate,1.43,Terminate,Terminate,Terminate,timeout,Terminate,54.63,Terminate,Nested,2,2,2,FALSE,FALSE,TRUE,FALSE,TRUE,26,C,loop,
HarrisLalNoriRajamani-SAS2010-Fig1_true-termination.c,failed,Failed,Unknown,0.93,Terminate,99.72304583,Terminate,6.4,Terminate,8.72,Terminate,2.76,Terminate,3.13,Terminate,Terminate,Terminate,Terminate,Terminate,7.04,Terminate,Multiple,2,1,4,FALSE,FALSE,TRUE,FALSE,TRUE,46,C,loop,
NoriSharma-FSE2013-Fig7_true-termination.c,Unknown,Unknown,Unknown,8.89,Terminate,2.538049698,Terminate,3.72,Unknown,265.97,Terminate,1.69,Terminate,1.77,Terminate,Terminate,Terminate,Terminate,Terminate,4.22,Terminate,Linear,1,1,4,FALSE,FALSE,TRUE,FALSE,FALSE,29,C,loop,
ChawdharyCookGulwaniSagivYang-ESOP2008-random2d_true-termination.c,failed,Failed,Terminate,0.31,Terminate,41.74072981,Terminate,2.84,Terminate,3.14,Terminate,1.68,Terminate,1.68,Terminate,Terminate,Terminate,Terminate,Terminate,3.88,Terminate,Linear,1,1,2,FALSE,FALSE,TRUE,FALSE,TRUE,35,C,loop,
svcomp_min_rf_true-alloca.c,failed,Failed,Failed,0.24,Failed,0.471168995,Unknown,2.95,Unknown,3.08,Unknown,1.83,Nonterminate,1.62,Terminate,Terminate,Terminate,timeout,Failed,117.38,Unknown,Linear,1,1,2,FALSE,FALSE,TRUE,FALSE,TRUE,18,C,loop,
TerminatorRec02_true.c,,,Terminate,0.23,Failed,0.323519468,Unknown,2.14,Failed,2.18,Unknown,1.12,Unknown,283.17,Terminate,Terminate,Terminate,Terminate,Terminate,3.82,Unknown,,0,0,0,FALSE,FALSE,TRUE,FALSE,TRUE,35,C,recur,non-tail
AliasDarteFeautrierGonnord-SAS2010-rsd_true-termination.c,Unknown,Unknown,Unknown,1.25,Terminate,6.976073265,Terminate,24.69,Terminate,4.63,Terminate,12.99,Terminate,13.04,Terminate,Terminate,Terminate,Terminate,Terminate,4.72,Terminate,Linear,1,1,2,FALSE,FALSE,TRUE,FALSE,TRUE,28,C,loop,
svcomp_b.13.c,failed,Failed,Terminate,0.27,Terminate,17.28842139,Terminate,2.64,Terminate,3.26,Terminate,1.66,Terminate,1.74,Terminate,Terminate,Terminate,Terminate,Terminate,4.13,Terminate,Linear,1,1,2,FALSE,FALSE,TRUE,FALSE,FALSE,23,C,loop,
svcomp_Avery-2006FLOPS-Tabel1_true-alloca.c,Unknown,Unknown,Failed,0.24,Failed,0.46442914,Unknown,6.62,Unknown,5.17,Unknown,3.2,Unknown,282.36,Terminate,Terminate,Terminate,Terminate,Terminate,5.15,Unknown,Multiple,2,1,2,FALSE,FALSE,TRUE,FALSE,TRUE,33,C,loop,
svcomp_c.03.c,failed,Failed,Terminate,0.21,Terminate,1.885166883,Terminate,2.67,Terminate,3.79,Terminate,1.68,Terminate,1.82,Terminate,Terminate,Terminate,Terminate,Terminate,5.24,Terminate,Linear,1,1,2,FALSE,FALSE,TRUE,FALSE,FALSE,21,C,loop,
PodelskiRybalchenko-TACAS2011-Fig1_true-termination.c,Terminate,TERMINATE,Terminate,0.11,Terminate,0.82054019,Terminate,2.75,Terminate,3.18,Terminate,1.4,Terminate,1.45,Terminate,Terminate,Terminate,Terminate,Terminate,3.73,Terminate,Linear,1,1,1,FALSE,FALSE,TRUE,FALSE,FALSE,20,C,loop,
Pure2Phase_true-termination.c,Unknown,Unknown,Unknown,0.48,Terminate,2.713484049,Terminate,3.35,Terminate,3.85,Terminate,1.51,Terminate,1.66,Terminate,Terminate,Terminate,Terminate,Terminate,4.65,Terminate,Linear,1,1,1,FALSE,FALSE,TRUE,FALSE,FALSE,28,C,loop,
Cairo_true-termination.c,Unknown,Unknown,Unknown,0.35,Unknown,3.622193575,Terminate,2.89,Terminate,3.33,Terminate,1.47,Terminate,1.49,Terminate,Terminate,Terminate,Terminate,Terminate,3.93,Terminate,Linear,1,1,1,FALSE,FALSE,TRUE,FALSE,FALSE,24,C,loop,
nondet_ll_search_zero.c,Unknown,Unknown,Unknown,0.83,Failed,0.464633942,Unknown,3.89,Unknown,3.99,Unknown,1.82,Unknown,289.73,Terminate,Terminate,timeout,timeout,Unknown,19.18,Unknown,Multiple,2,1,6,FALSE,FALSE,TRUE,FALSE,TRUE,37,C,loop,
MinusMin.c,Unknown,Unknown,Failed,300.05,Terminate,1.683344364,Terminate,2.41,Terminate,3.22,Terminate,1.52,Terminate,1.6,Terminate,Terminate,Terminate,Terminate,Terminate,4.79,Terminate,Linear,1,1,2,FALSE,FALSE,TRUE,FALSE,FALSE,25,C,loop,
Urban-WST2013-Fig2_true-termination.c,Unknown,Unknown,Terminate,0.2,Terminate,2.092039585,Terminate,3.83,Terminate,4.59,Terminate,1.85,Terminate,2.21,Terminate,Terminate,Terminate,Terminate,Terminate,4.77,Terminate,Nested,2,2,2,FALSE,FALSE,TRUE,FALSE,FALSE,27,C,loop,
ChenFlurMukhopadhyay-SAS2012-Ex3.09_true-termination.c,failed,Failed,Unknown,9.23,Terminate,1.758789063,Unknown,3.05,Unknown,3.73,Unknown,1.47,Nonterminate,1.27,Terminate,Terminate,Terminate,Terminate,Terminate,3.85,Unknown,Linear,1,1,2,TRUE,FALSE,TRUE,FALSE,TRUE,33,C,loop,
svcomp_a.07-alloca.c,Unknown,Unknown,Failed,0.24,Failed,0.486578941,Unknown,4.88,Unknown,4.34,Unknown,2.37,Unknown,289.28,Terminate,Terminate,Terminate,Terminate,Terminate,4.49,Unknown,Linear,1,1,2,FALSE,FALSE,TRUE,FALSE,TRUE,25,C,loop,
Nyala-2lex_true-termination.c,Unknown,Unknown,Terminate,0.38,Terminate,4.262490988,Terminate,3.03,Terminate,3.43,Terminate,1.49,Nonterminate,1.23,Terminate,Terminate,Terminate,Terminate,Terminate,4.21,Terminate,Linear,1,1,1,TRUE,FALSE,TRUE,FALSE,FALSE,26,C,loop,
ChenFlurMukhopadhyay-SAS2012-Ex3.10_true-termination.c,Unknown,Unknown,Terminate,0.62,Terminate,1.536236048,Terminate,2.88,Terminate,3.46,Terminate,1.46,Terminate,1.49,Terminate,Terminate,Terminate,Terminate,Terminate,3.81,Terminate,Linear,1,1,2,FALSE,FALSE,TRUE,FALSE,TRUE,32,C,loop,
svcomp_ex1-alloca.c,failed,Failed,Failed,0.25,Failed,0.43419981,Unknown,3.89,Unknown,4.11,Unknown,1.84,Nonterminate,1.43,Terminate,Terminate,Terminate,Terminate,Terminate,4.42,Unknown,Linear,1,1,1,FALSE,FALSE,TRUE,FALSE,TRUE,23,C,loop,
AliasDarteFeautrierGonnord-SAS2010-complex_true-termination.c,failed,Failed,Unknown,0.3,Terminate,3.205206871,TIMEOUT,300.04,Unknown,274.98,Failed,307.34,Unknown,150.43,Terminate,Terminate,Terminate,Terminate,Terminate,4.77,Failed,Nested,2,2,2,FALSE,FALSE,TRUE,FALSE,TRUE,33,C,loop,
BallRajamani-SPIN2000-Fig1_false-unreach-call.c,,,Terminate,0.19,Failed,0.441753626,Unknown,1.85,Failed,1.9,Failed,0.4,Failed,0.43,Terminate,MAYBE,Terminate,Unknown,Terminate,5.78,Unknown,,0,0,0,FALSE,FALSE,TRUE,FALSE,FALSE,33,C,recur,non-tail
kbfiltr_simpl1_true-unreach-call_true-termination.cil.c,,,Unknown,0.74,Terminate,0.484479666,Terminate,2.66,Terminate,2.43,Terminate,1.29,Terminate,1.4,timeout,timeout,Terminate,Terminate,Terminate,4.16,Terminate,,0,0,0,FALSE,FALSE,TRUE,FALSE,TRUE,768,C,Unknown,
ChenFlurMukhopadhyay-SAS2012-Ex3.05_true-termination.c,Unknown,Unknown,Unknown,0.68,Terminate,2.065848589,Unknown,4.43,Terminate,6.37,Unknown,2.08,Unknown,263.75,Terminate,Terminate,Terminate,Terminate,Terminate,3.86,Unknown,Linear,1,1,2,FALSE,FALSE,TRUE,FALSE,TRUE,29,C,loop,
PastaA9.c,Unknown,Unknown,Unknown,0.38,Terminate,1.120831013,Unknown,2.25,Unknown,2.42,Unknown,1.39,Nonterminate,1.28,Terminate,Terminate,Terminate,Terminate,Terminate,3.86,Unknown,Linear,1,1,2,FALSE,FALSE,TRUE,FALSE,FALSE,20,C,loop,
rec_counter1.c,Terminate,TERMINATE,Terminate,0.28,Failed,0.324733019,Unknown,2.16,Unknown,2.26,Failed,0.4,Failed,0.41,Terminate,Terminate,Failed,Terminate,Terminate,4.87,Terminate,Linear,1,1,1,FALSE,FALSE,TRUE,FALSE,FALSE,22,C,loop,non-tail
svcomp_c.02-alloca.c,failed,Failed,Failed,0.24,Failed,0.346795082,Unknown,3.62,Unknown,3.65,Unknown,2.17,Unknown,287.7,Terminate,Terminate,Terminate,timeout,TIMEOUT,300.01,Unknown,Nested,2,2,2,FALSE,FALSE,TRUE,FALSE,TRUE,27,C,loop,
svcomp_Ackermann01_true-unreach-call_modified_modified.c,failed,Failed,Terminate,0.34,Failed,0.445633173,Unknown,2.17,Failed,2.27,Failed,0.4,Failed,0.42,Terminate,Terminate,Failed,timeout,TIMEOUT,300.07,Unknown,,0,0,0,FALSE,FALSE,TRUE,FALSE,FALSE,40,C,recur,non-tail
svcomp_b.09-no-inv_assume-alloca.c,failed,Failed,Failed,0.24,Failed,0.474568605,Unknown,3.85,Unknown,4.11,Unknown,1.98,Unknown,291.57,Terminate,Terminate,Terminate,Terminate,Unknown,36.27,Unknown,Linear,1,1,1,FALSE,FALSE,TRUE,FALSE,TRUE,30,C,loop,
ChenFlurMukhopadhyay-SAS2012-Ex2.20_true-termination.c,failed,Failed,Terminate,0.26,Terminate,1.950015068,Terminate,2.94,Terminate,3.4,Terminate,1.44,Terminate,1.5,Terminate,Terminate,Terminate,Terminate,Terminate,3.72,Terminate,Linear,1,1,2,TRUE,FALSE,TRUE,FALSE,FALSE,31,C,loop,
diskperf_simpl1_true-unreach-call_true-termination.cil.c,Unknown,Unknown,Unknown,0.85,Failed,300,Terminate,9.89,Terminate,16.05,Terminate,4.62,Terminate,5.04,timeout,timeout,Terminate,timeout,Terminate,8.6,Terminate,Linear,1,1,0,FALSE,TRUE,TRUE,FALSE,TRUE,1453,C,loop,
svcomp_a.10-alloca.c,Unknown,Unknown,Failed,0.19,Failed,0.479483843,Unknown,3.37,Unknown,3.25,Unknown,1.8,Unknown,292.58,timeout,timeout,Terminate,Terminate,Terminate,19.89,Unknown,Linear,1,1,2,FALSE,FALSE,TRUE,FALSE,TRUE,26,C,loop,
Gothenburg_v2_true-termination.c,Unknown,Unknown,Terminate,0.27,Terminate,2.499520063,Terminate,3.27,Terminate,3.72,Terminate,1.54,Terminate,1.55,timeout,timeout,Terminate,Terminate,Unknown,8.62,Terminate,Linear,1,1,2,FALSE,FALSE,FALSE,FALSE,TRUE,25,C,loop,
PodelskiRybalchenko-VMCAI2004-Ex1_true-termination.c,failed,Failed,Unknown,4.26,Terminate,3.321290493,Terminate,3.24,Terminate,3.83,Terminate,1.54,Nonterminate,1.28,Terminate,Terminate,Terminate,Terminate,Terminate,4.47,Terminate,Linear,1,1,2,FALSE,FALSE,TRUE,FALSE,FALSE,32,C,loop,
svcomp_b.09-no-inv_assume.c,failed,Failed,Unknown,5.88,Unknown,8.018001556,Terminate,2.81,Terminate,3.55,Terminate,1.52,Terminate,1.55,Terminate,Terminate,Terminate,Terminate,Terminate,5.22,Terminate,Linear,1,1,1,FALSE,FALSE,TRUE,FALSE,FALSE,23,C,loop,
svcomp_java_Nested-alloca.c,Terminate,TERMINATE,Failed,0.24,Failed,0.463532209,Unknown,4.48,Unknown,4.75,Unknown,2.4,Unknown,284.02,Terminate,Terminate,Terminate,timeout,Terminate,17.38,Terminate,Nested,2,2,2,FALSE,FALSE,TRUE,FALSE,TRUE,16,C,loop,
Et3_true.c,,,Terminate,0.19,Failed,0.448193789,Unknown,1.73,Failed,1.8,Failed,0.39,Failed,0.41,Terminate,Terminate,Terminate,Terminate,Terminate,4.09,Unknown,,0,0,0,FALSE,FALSE,TRUE,FALSE,FALSE,43,C,recur,non-tail
PastaB6.c,Terminate,TERMINATE,Terminate,0.15,Terminate,1.665953636,Terminate,2.89,Terminate,3.37,Terminate,1.41,Terminate,1.47,Terminate,Terminate,Terminate,Terminate,Terminate,3.68,Terminate,Linear,1,1,2,FALSE,FALSE,TRUE,FALSE,TRUE,17,C,loop,
LeeJonesBen-Amram-POPL2001-Ex2_true-termination.c,,,Failed,300.03,Failed,0.446432352,Unknown,1.9,Failed,1.89,Failed,0.39,Failed,0.41,Terminate,Terminate,Failed,Terminate,Terminate,4.51,Unknown,,0,0,0,FALSE,FALSE,TRUE,FALSE,TRUE,36,C,recur,non-tail
svcomp_a.06.c,failed,Failed,Failed,300.11,Terminate,1.411432266,Terminate,2.3,Terminate,3.48,Terminate,1.47,Terminate,1.51,Terminate,Terminate,Terminate,Terminate,Terminate,3.84,Terminate,Linear,1,1,3,FALSE,FALSE,TRUE,FALSE,FALSE,16,C,loop,
Pure3Phase_true-termination.c,failed,Failed,Unknown,1.47,Unknown,85.11010146,Failed,299.51,Unknown,293.9,Failed,306.37,Unknown,152.58,Terminate,Terminate,Terminate,timeout,Terminate,4.56,Failed,Linear,1,1,1,FALSE,FALSE,TRUE,FALSE,FALSE,30,C,loop,
LeeJonesBen-Amram-POPL2001-Ex3_true-termination.c,,,Terminate,0.28,Failed,0.32026124,Unknown,2.13,Failed,2.15,Failed,0.39,Failed,0.41,Terminate,Terminate,Failed,timeout,Failed,283.11,Unknown,,0,0,0,FALSE,FALSE,TRUE,FALSE,TRUE,31,C,recur,non-tail
ChenFlurMukhopadhyay-SAS2012-Ex2.16_true-termination.c,failed,Failed,Unknown,0.54,Terminate,1.541995525,Unknown,4.9,Unknown,6.69,Unknown,2.07,Unknown,267.86,Terminate,Terminate,Terminate,Terminate,Terminate,3.67,Unknown,Linear,1,1,1,FALSE,FALSE,TRUE,FALSE,FALSE,28,C,loop,
svcomp_KroeningSharyginaTsitovichWintersteiger-2010CAV-Fig1_true-alloca.c,Terminate,TERMINATE,Failed,0.24,Failed,0.485980511,Unknown,3.25,Unknown,3.38,Unknown,1.52,Unknown,293.51,timeout,timeout,Terminate,Terminate,Terminate,6.38,Terminate,Linear,1,1,1,FALSE,FALSE,TRUE,FALSE,TRUE,22,C,loop,
AliasDarteFeautrierGonnord-SAS2010-Fig2a_true-termination.c,Unknown,Unknown,Terminate,0.3,Terminate,3.328688145,Terminate,3.73,Terminate,4.74,Terminate,1.78,Terminate,2.1,Terminate,Terminate,Terminate,Terminate,Terminate,5.06,Terminate,Nested,2,2,3,FALSE,FALSE,TRUE,FALSE,TRUE,22,C,loop,
PastaA5.c,Terminate,TERMINATE,Unknown,0.25,Terminate,1.00104022,Terminate,2.69,Terminate,3.05,Terminate,1.35,Terminate,1.44,Terminate,Terminate,Terminate,Terminate,Terminate,3.71,Terminate,Linear,1,1,2,FALSE,FALSE,TRUE,FALSE,FALSE,16,C,loop,
svcomp_ChenFlurMukhopadhyay-2012SAS-Fig1_true-alloca.c,failed,Failed,Failed,0.24,Failed,0.347530365,Unknown,3.63,Unknown,3.96,Unknown,1.68,Nonterminate,1.39,Terminate,Terminate,timeout,Terminate,Terminate,4.18,Unknown,Linear,1,1,1,FALSE,FALSE,TRUE,FALSE,TRUE,18,C,loop,
BrockschmidtCookFuhs-CAV2013-Fig9a_true-termination.c,failed,Failed,Unknown,0.58,Unknown,5.377459526,Terminate,8.34,Terminate,4.44,Terminate,4.22,Terminate,4.14,Terminate,Terminate,Terminate,Terminate,Terminate,5.55,Terminate,Nested,2,2,3,FALSE,FALSE,TRUE,FALSE,FALSE,31,C,loop,
svcomp_b.03-no-inv_assume.c,Unknown,Unknown,Unknown,0.33,Terminate,1.051329613,Unknown,2.39,Unknown,2.4,Unknown,1.33,Unknown,297.3,Terminate,Terminate,Terminate,Terminate,Terminate,3.84,Unknown,Linear,1,1,2,FALSE,FALSE,TRUE,FALSE,FALSE,18,C,loop,
ex3.c,,,Terminate,0.19,Failed,0.320417643,Unknown,2.18,Failed,2.19,Failed,0.42,Failed,0.42,Terminate,Terminate,Failed,timeout,Terminate,11.05,Unknown,,0,0,0,FALSE,FALSE,TRUE,FALSE,FALSE,20,C,recur,non-tail
PastaB1.c,Terminate,TERMINATE,Terminate,0.13,Terminate,1.380345106,Terminate,2.91,Terminate,3.33,Terminate,1.35,Terminate,1.45,Terminate,Terminate,Terminate,Terminate,Terminate,3.82,Terminate,Linear,1,1,2,FALSE,FALSE,TRUE,FALSE,FALSE,16,C,loop,
svcomp_GulwaniJainKoskinen-2009PLDI-Fig1_true-alloca.c,failed,Failed,Failed,0.24,Failed,0.482250452,Unknown,3.3,Unknown,3.82,Unknown,1.73,Unknown,280.05,Terminate,Terminate,timeout,Terminate,TIMEOUT,300.04,Unknown,Linear,1,1,3,FALSE,FALSE,TRUE,FALSE,TRUE,23,C,loop,
svcomp_a.10.c,Unknown,Unknown,Terminate,0.2,Terminate,9.780079842,Terminate,3.22,Terminate,4.14,Terminate,1.61,Terminate,1.66,Terminate,timeout,Terminate,Terminate,Terminate,4.84,Terminate,Linear,1,1,2,FALSE,FALSE,TRUE,FALSE,FALSE,19,C,loop,
PastaB14.c,Unknown,Unknown,Terminate,0.41,Terminate,2.30221653,Terminate,3.36,Terminate,4.03,Terminate,1.58,Terminate,1.99,Terminate,Terminate,Terminate,Terminate,Terminate,3.78,Terminate,Nested,2,2,2,FALSE,FALSE,TRUE,FALSE,TRUE,19,C,loop,
LeeJonesBen-Amram-POPL2001-Ex5_true-termination.c,,,Terminate,0.17,Failed,0.436649084,Unknown,1.87,Failed,1.87,Failed,0.43,Failed,0.4,Terminate,Terminate,Terminate,Terminate,Unknown,14.99,Unknown,,0,0,0,FALSE,FALSE,TRUE,FALSE,TRUE,32,C,recur,tail
NoriSharma-FSE2013-Fig8_true-termination.c,failed,Failed,Unknown,6.44,Terminate,2.986873627,Terminate,4.39,Unknown,269.47,Terminate,2.25,Terminate,2.68,Terminate,Terminate,Terminate,Terminate,Terminate,4.26,Terminate,Linear,1,1,2,FALSE,FALSE,TRUE,FALSE,FALSE,33,C,loop,
AliasDarteFeautrierGonnord-SAS2010-terminate_true-termination.c,failed,Failed,Terminate,0.42,Terminate,1.362347126,Terminate,3.41,Terminate,3.79,Terminate,1.57,Terminate,1.65,Terminate,Terminate,Terminate,Terminate,Terminate,3.92,Terminate,Linear,1,1,3,FALSE,FALSE,TRUE,FALSE,TRUE,23,C,loop,
svcomp_LarrazOliverasRodriguez-CarbonellRubio-2013FMCAD-Fig1_true-alloca.c,failed,Failed,Failed,0.19,Failed,0.466651201,Unknown,4.35,Unknown,4.21,Unknown,2.02,Nonterminate,1.39,Terminate,Terminate,timeout,timeout,Terminate,93.81,Unknown,Nested,2,2,2,FALSE,FALSE,TRUE,FALSE,TRUE,21,C,loop,
AliasDarteFeautrierGonnord-SAS2010-speedpldi2_true-termination.c,Unknown,Unknown,Terminate,0.25,Terminate,1.5462327,Unknown,4.71,Unknown,6.13,Unknown,2.1,Unknown,256.48,Terminate,Terminate,Terminate,Terminate,Terminate,4.43,Unknown,Linear,1,1,1,FALSE,FALSE,TRUE,FALSE,TRUE,28,C,loop,
svcomp_Urban-2013WST-Fig2_true-alloca.c,Unknown,Unknown,Failed,0.23,Failed,0.471933126,Unknown,4.17,Unknown,4.47,Unknown,1.88,Unknown,289.37,Terminate,Terminate,Terminate,Terminate,Terminate,5.36,Unknown,Nested,2,2,2,FALSE,FALSE,TRUE,FALSE,TRUE,13,C,loop,
KroeningSharyginaTsitovichWintersteiger-CAV2010-Fig1_true-termination.c,Unknown,Unknown,Unknown,0.2,Nonterminate,5.678646803,Unknown,9.04,Unknown,11.72,Unknown,4.01,Unknown,260.76,timeout,timeout,Terminate,Terminate,Terminate,7.16,Unknown,Linear,1,1,1,FALSE,FALSE,TRUE,FALSE,FALSE,30,C,loop,
svcomp_HarrisLalNoriRajamani-2010SAS-Fig1_true-alloca.c,failed,"ERROR,UNKNOWN",Failed,0.19,Failed,0.469980001,Unknown,2.1,Unknown,2.19,Unknown,1.26,Nonterminate,1.43,Terminate,Terminate,Terminate,timeout,Terminate,7.3,Unknown,Multiple,2,1,4,FALSE,FALSE,TRUE,FALSE,TRUE,43,C,loop,
svcomp_b.11.c,failed,Failed,Terminate,0.27,Terminate,3.354673624,Terminate,3.24,Terminate,3.9,Terminate,1.58,Terminate,1.72,Terminate,timeout,Terminate,Terminate,Terminate,4.07,Terminate,Linear,1,1,2,FALSE,FALSE,TRUE,FALSE,FALSE,23,C,loop,
nondet_ll_traverse-ptrdiff.c,Terminate,TERMINATE,Unknown,1.15,Failed,0.343068838,Unknown,4.4,Unknown,4.7,Unknown,1.93,Unknown,277.59,Terminate,Terminate,Failed,Unknown,Unknown,3.1,Terminate,Multiple,2,1,3,FALSE,FALSE,TRUE,FALSE,TRUE,43,C,loop,
desc_ll_search_mod.c,failed,Failed,Unknown,1.49,Failed,0.345898867,Unknown,4.09,Unknown,3.95,Unknown,1.81,Unknown,290.51,Terminate,Terminate,timeout,timeout,Failed,98.44,Unknown,Multiple,2,1,5,FALSE,FALSE,TRUE,FALSE,TRUE,39,C,loop,
svcomp_ex3b.c,Unknown,Unknown,Unknown,0.8,Unknown,3.126955032,Nonterminate,2.06,Unknown,281.79,Nonterminate,1.3,Unknown,266.06,Terminate,Terminate,Terminate,Unknown,Unknown,6.98,Unknown,Linear,1,1,1,FALSE,FALSE,TRUE,FALSE,TRUE,15,C,loop,
NestedRecursion_2c_true-termination.c,,,Terminate,0.18,Failed,0.438066244,Unknown,1.7,Failed,1.73,Failed,0.4,Failed,0.39,Terminate,Terminate,Failed,timeout,TIMEOUT,300.02,Unknown,,0,0,0,FALSE,FALSE,TRUE,FALSE,FALSE,22,C,recur,non-tail
svcomp_ex3b-alloca.c,Unknown,Unknown,Failed,0.24,Failed,0.346635342,Unknown,3.91,Unknown,3.91,Unknown,1.87,Unknown,291.38,Terminate,Terminate,Terminate,Unknown,Unknown,9.29,Unknown,Linear,1,1,1,FALSE,FALSE,TRUE,FALSE,TRUE,22,C,loop,
PastaB17.c,Terminate,TERMINATE,Terminate,0.32,Terminate,2.484492064,Terminate,2.5,Terminate,3.34,Terminate,1.52,Terminate,1.62,Terminate,Terminate,Terminate,Terminate,Terminate,4.1,Terminate,Nested,2,2,3,FALSE,FALSE,TRUE,FALSE,FALSE,21,C,loop,
svcomp_easySum-alloca.c,Unknown,Unknown,Failed,0.2,Failed,0.471258402,Unknown,3.07,Unknown,2.8,Unknown,1.75,Unknown,292.84,Terminate,Terminate,Terminate,Terminate,Terminate,4,Unknown,Linear,1,1,2,FALSE,FALSE,TRUE,FALSE,TRUE,20,C,loop,
svcomp_a.09_assume.c,Unknown,Unknown,Unknown,0.36,Terminate,1.265568733,Unknown,2.96,Unknown,3.2,Unknown,1.38,Nonterminate,1.27,Terminate,Terminate,Terminate,Terminate,Terminate,3.71,Unknown,Linear,1,1,2,FALSE,FALSE,TRUE,FALSE,FALSE,21,C,loop,
NestedRecursion_1c_true-termination.c,Unknown,Unknown,Terminate,0.25,Failed,0.318423986,Unknown,2.14,Failed,2.22,Failed,0.39,Failed,0.39,Terminate,Terminate,Failed,timeout,Terminate,4.76,Unknown,,0,0,0,FALSE,FALSE,TRUE,FALSE,FALSE,26,C,recur,non-tail
gcd01_true-unreach-call_true-termination.c,,,Terminate,0.26,Failed,0.44483304,Unknown,1.75,Failed,1.74,Failed,0.39,Failed,0.41,Terminate,Terminate,Terminate,Terminate,Terminate,6.22,Unknown,,0,0,0,FALSE,FALSE,TRUE,FALSE,TRUE,43,C,recur,non-tail
EvenOdd01_true-unreach-call_true-termination.c,,,Failed,300.04,Failed,0.435204506,Unknown,2.17,Failed,2.22,Failed,0.41,Failed,0.43,Terminate,Terminate,Failed,timeout,Terminate,5.09,Unknown,,0,0,0,FALSE,FALSE,TRUE,FALSE,FALSE,49,C,recur,non-tail
ChenFlurMukhopadhyay-SAS2012-Ex2.21_true-termination.c,Terminate,TERMINATE,Terminate,0.23,Terminate,1.676303625,Terminate,3.03,Terminate,3.54,Terminate,1.48,Terminate,1.52,Terminate,Terminate,Terminate,Terminate,Terminate,3.87,Terminate,Linear,1,1,1,FALSE,FALSE,TRUE,FALSE,FALSE,31,C,loop,
Parallel_true-termination.c,failed,Failed,Terminate,0.17,Terminate,1.888111353,Terminate,2.42,Terminate,2.95,Terminate,1.5,Terminate,1.56,Terminate,Terminate,Terminate,Terminate,Terminate,3.8,Terminate,Linear,1,1,0,TRUE,TRUE,TRUE,FALSE,FALSE,30,C,loop,
PastaA6.c,Terminate,TERMINATE,Unknown,6.8,Terminate,1.904946804,Terminate,2.92,Terminate,3.98,Terminate,1.37,Terminate,1.49,Terminate,Terminate,Terminate,Terminate,Terminate,3.8,Terminate,Linear,1,1,3,FALSE,FALSE,TRUE,FALSE,FALSE,19,C,loop,
ChenFlurMukhopadhyay-SAS2012-Ex3.08_true-termination.c,Unknown,Unknown,Unknown,1.9,Terminate,2.070313215,Terminate,2.33,Terminate,2.87,Terminate,1.44,Terminate,1.56,Terminate,Terminate,Terminate,Terminate,Terminate,3.95,Terminate,Linear,1,1,2,FALSE,FALSE,TRUE,FALSE,FALSE,30,C,loop,
Fibonacci01_true-unreach-call.c,,,Terminate,0.13,Failed,0.444689512,Unknown,2.15,Failed,2.2,Failed,0.43,Failed,0.38,Terminate,Terminate,Failed,timeout,Terminate,7.8,Unknown,,0,0,0,FALSE,FALSE,TRUE,FALSE,FALSE,38,C,recur,non-tail
Toulouse-BranchesToLoop_true-termination.c,Unknown,Unknown,Unknown,0.29,Unknown,5.201467037,Terminate,2.82,Unknown,288.57,Terminate,1.72,Terminate,1.76,Terminate,Terminate,Terminate,Terminate,Terminate,4.1,Terminate,Linear,1,1,2,FALSE,FALSE,TRUE,FALSE,TRUE,25,C,loop,
PastaC1.c,Unknown,Unknown,Unknown,0.29,Terminate,1.453138113,Terminate,3.26,Terminate,3.73,Terminate,1.55,Terminate,1.63,Terminate,Terminate,Terminate,Terminate,Terminate,4.97,Terminate,Nested,2,2,2,FALSE,FALSE,TRUE,FALSE,TRUE,19,C,loop,
Lobnya-Boolean-Reordered_true-termination.c,failed,Failed,Unknown,0.58,Terminate,7.937224388,Unknown,7.25,Unknown,17.17,Unknown,3.26,Unknown,281.84,Terminate,Terminate,Terminate,Terminate,Terminate,12.61,Unknown,Linear,1,1,0,TRUE,TRUE,TRUE,FALSE,FALSE,24,C,loop,
ChawdharyCookGulwaniSagivYang-ESOP2008-aaron12_true-termination.c,failed,Failed,Unknown,0.76,Unknown,100.0109153,Nonterminate,3.62,Unknown,276.07,Nonterminate,1.73,Unknown,279.97,Terminate,Terminate,Terminate,Unknown,Unknown,10.82,Nonterminate,Linear,1,1,2,FALSE,FALSE,TRUE,FALSE,TRUE,29,C,loop,
svcomp_c.01_assume-alloca.c,failed,Failed,Failed,0.25,Failed,0.344102859,Unknown,3.05,Unknown,2.63,Unknown,1.54,Nonterminate,1.4,Terminate,Terminate,Terminate,Terminate,Terminate,5.67,Unknown,Nested,2,2,2,FALSE,FALSE,TRUE,FALSE,TRUE,27,C,loop,
svcomp_b.16.c,failed,Failed,Terminate,0.29,Terminate,2.75505805,Terminate,2.57,Terminate,3.05,Terminate,1.54,Terminate,1.97,Terminate,Terminate,Terminate,Terminate,Terminate,3.86,Terminate,Nested,2,2,2,FALSE,FALSE,TRUE,FALSE,FALSE,19,C,loop,
svcomp_c.03-alloca.c,failed,Failed,Failed,0.23,Failed,0.355946779,Unknown,4.93,Unknown,4.87,Unknown,2.28,Unknown,289.61,Terminate,Terminate,Terminate,Terminate,Terminate,9.03,Unknown,Linear,1,1,2,FALSE,FALSE,TRUE,FALSE,TRUE,28,C,loop,
svcomp_twisted.c,Terminate,TERMINATE,Unknown,1.25,Terminate,9.008149385,Failed,3.12,Failed,4.46,Unknown,1.73,Unknown,267.93,Terminate,Terminate,Terminate,Terminate,Terminate,4.37,Terminate,Multiple,2,1,4,FALSE,FALSE,TRUE,FALSE,FALSE,25,C,loop,
genady_true-termination.c,Unknown,Unknown,Terminate,0.29,Terminate,0.762753248,Terminate,4.46,Terminate,4.9,Terminate,2.05,Terminate,2.16,Terminate,Terminate,Terminate,Terminate,Terminate,4.42,Terminate,Linear,1,1,2,FALSE,FALSE,TRUE,FALSE,FALSE,14,C,loop,
NestedRecursion_1b_true-termination.c,failed,Failed,Terminate,0.28,Failed,0.442726374,Unknown,1.5,Failed,1.4,Failed,0.42,Failed,0.4,Unknown,timeout,Failed,Terminate,Terminate,8.25,Unknown,,0,0,0,FALSE,FALSE,TRUE,FALSE,FALSE,26,C,recur,non-tail
svcomp_CookSeeZuleger-2013TACAS-Fig7b_true-alloca.c,Terminate,TERMINATE,Failed,0.24,Failed,0.345482349,Unknown,3.62,Unknown,3.72,Unknown,1.74,Nonterminate,1.5,Terminate,Terminate,timeout,timeout,Terminate,10.92,Terminate,Linear,1,1,3,FALSE,FALSE,TRUE,FALSE,TRUE,21,C,loop,
ChenFlurMukhopadhyay-SAS2012-Ex2.19_true-termination.c,failed,Failed,Unknown,0.56,Terminate,1.730714798,Terminate,3.29,Terminate,3.5,Terminate,1.53,Terminate,1.65,Terminate,Terminate,Terminate,Terminate,Terminate,3.79,Terminate,Linear,1,1,2,FALSE,FALSE,TRUE,FALSE,TRUE,31,C,loop,
svcomp_b.10.c,Unknown,Unknown,Unknown,0.46,Terminate,3.192674398,Terminate,3.14,Terminate,4.04,Terminate,1.66,Terminate,1.7,Terminate,Terminate,Terminate,Terminate,Terminate,4.04,Terminate,Linear,1,1,2,FALSE,FALSE,TRUE,FALSE,FALSE,23,C,loop,
svcomp_c.08-alloca.c,Unknown,Unknown,Failed,0.24,Failed,0.347391844,Unknown,3.99,Unknown,4.18,Unknown,2.13,Unknown,288.08,Terminate,Terminate,Terminate,Terminate,TIMEOUT,300.05,Unknown,Nested,2,2,2,FALSE,FALSE,TRUE,FALSE,TRUE,26,C,loop,
PodelskiRybalchenko-TACAS2011-Fig4_true-termination.c,Unknown,Unknown,Terminate,0.17,Terminate,8.927428722,Terminate,2.99,Terminate,3.25,Terminate,1.68,Terminate,1.72,Terminate,Terminate,Terminate,Terminate,Terminate,4.25,Terminate,Linear,1,1,2,FALSE,FALSE,TRUE,FALSE,TRUE,23,C,loop,
svcomp_Ben-Amram-2010LMCS-Ex2.3_true-alloca.c,failed,Failed,Failed,0.25,Failed,0.463891506,Unknown,3.76,Unknown,4.07,Unknown,1.72,Nonterminate,1.39,Terminate,Terminate,Terminate,Terminate,Terminate,6.35,Unknown,Linear,1,1,3,FALSE,FALSE,TRUE,FALSE,TRUE,35,C,loop,
ChenFlurMukhopadhyay-SAS2012-Ex1.01_true-termination.c,Unknown,Unknown,Unknown,0.33,Unknown,2.685703993,Unknown,2.75,Unknown,2.95,Unknown,1.3,Unknown,291.57,Terminate,Terminate,Terminate,Unknown,Unknown,6.89,Unknown,Linear,1,1,1,FALSE,FALSE,TRUE,FALSE,TRUE,29,C,loop,
svcomp_a.08.c,failed,Failed,Terminate,0.24,Terminate,1.697912931,Terminate,3,Terminate,3.58,Terminate,1.42,Terminate,1.52,Terminate,Terminate,Terminate,Terminate,Terminate,3.8,Terminate,Linear,1,1,2,FALSE,FALSE,TRUE,FALSE,FALSE,16,C,loop,
WhileFalse_true-termination.c,failed,Failed,Unknown,0.09,Terminate,0.38523674,Terminate,1.68,Terminate,1.68,Terminate,1.06,Terminate,1.16,Terminate,Terminate,Terminate,Terminate,Terminate,3.47,Terminate,Linear,1,1,0,FALSE,FALSE,FALSE,FALSE,FALSE,15,C,loop,
svcomp_java_Continue1.c,Unknown,Unknown,Terminate,0.16,Terminate,0.887609005,Terminate,6.06,Terminate,5.93,Terminate,3.38,Terminate,1.31,Terminate,Terminate,Terminate,Terminate,Terminate,3.94,Terminate,Linear,1,1,1,FALSE,FALSE,TRUE,FALSE,FALSE,10,C,loop,
aviad_true-termination.c,failed,Failed,Terminate,0.48,Terminate,2.32350421,Terminate,4.62,Terminate,3.01,Terminate,2.46,Terminate,2.87,Terminate,Terminate,Terminate,Terminate,Terminate,3.93,Terminate,Linear,1,1,1,FALSE,FALSE,TRUE,FALSE,FALSE,25,C,loop,
svcomp_openbsd_cmemchr_alloca.c,Unknown,Unknown,Failed,0.24,Failed,0.348505974,Unknown,2.97,Unknown,3.09,Unknown,1.39,Unknown,265.08,Terminate,Terminate,Terminate,Terminate,Unknown,9.62,Unknown,Linear,1,1,1,FALSE,FALSE,TRUE,FALSE,TRUE,32,C,loop,
2Nested_true-termination.c,Unknown,Unknown,Unknown,0.56,Terminate,1.542494774,Terminate,3.38,Terminate,4.19,Terminate,1.59,Terminate,1.79,Terminate,Terminate,Terminate,Terminate,Terminate,3.92,Terminate,Linear,1,1,1,FALSE,FALSE,TRUE,FALSE,FALSE,24,C,loop,
asc_ll_search_last.c,failed,Failed,Unknown,1.57,Failed,0.345612049,Unknown,4.68,Unknown,4.92,Unknown,2.26,Unknown,264.33,Terminate,Terminate,timeout,timeout,Unknown,16.56,Unknown,Multiple,2,1,4,FALSE,FALSE,TRUE,FALSE,TRUE,37,C,loop,
AliasDarteFeautrierGonnord-SAS2010-random2d_true-termination.c,failed,Failed,Terminate,0.31,Terminate,41.80069423,Terminate,3.54,Terminate,3.62,Terminate,1.66,Terminate,1.68,Terminate,Terminate,Terminate,Terminate,Terminate,3.83,Terminate,Linear,1,1,2,FALSE,FALSE,TRUE,FALSE,TRUE,35,C,loop,
PodelskiRybalchenko-TACAS2011-Fig2_true-termination.c,failed,Failed,Terminate,0.2,Terminate,2.206729889,Terminate,2.5,Terminate,2.9,Terminate,1.5,Terminate,1.63,Terminate,Terminate,Terminate,Terminate,Terminate,4.63,Terminate,Nested,2,2,2,FALSE,FALSE,TRUE,FALSE,FALSE,25,C,loop,
CookSeeZuleger-TACAS2013-Fig8b_true-termination.c,Unknown,Unknown,Unknown,0.21,Terminate,4.403447151,Unknown,2.86,Unknown,2.96,Unknown,1.36,Unknown,262.36,Terminate,Terminate,Terminate,Terminate,Terminate,5.42,Unknown,Linear,1,1,2,FALSE,FALSE,TRUE,FALSE,FALSE,27,C,loop,
cdaudio_simpl1_false-unreach-call_true-termination.cil.c,failed,Failed,Unknown,1.31,Terminate,0.745084524,Terminate,3.04,Terminate,3.21,Terminate,1.83,Terminate,2.13,timeout,timeout,Terminate,Unknown,Terminate,5.77,Terminate,Linear,1,1,0,FALSE,TRUE,TRUE,FALSE,TRUE,2948,C,loop,
svcomp_fermat-alloca.c,Unknown,Unknown,Failed,0.24,Failed,0.338180065,Unknown,34.65,Unknown,226.05,Unknown,21.99,Unknown,261.4,Terminate,Terminate,Terminate,timeout,TIMEOUT,300.02,Unknown,Linear,1,1,0,TRUE,TRUE,TRUE,FALSE,TRUE,31,C,loop,
LeikeHeizmann-TACAS2014-Ex1_true-termination.c,Terminate,TERMINATE,Terminate,0.12,Terminate,1.450192213,Terminate,2.49,Terminate,2.95,Terminate,1.37,Terminate,1.45,Terminate,Terminate,Terminate,Terminate,Terminate,3.74,Terminate,Linear,1,1,1,FALSE,FALSE,TRUE,FALSE,FALSE,25,C,loop,
LeikeHeizmann-TACAS2014-Ex9_true-termination.c,failed,Failed,Terminate,0.22,Terminate,2.643092632,Terminate,3.31,Terminate,4.01,Terminate,1.56,Terminate,1.59,Terminate,Terminate,Terminate,Terminate,Terminate,3.85,Terminate,Linear,1,1,2,TRUE,FALSE,TRUE,FALSE,TRUE,26,C,loop,
svcomp_b.15.c,Unknown,Unknown,Terminate,0.52,Terminate,2.267091751,Terminate,3.1,Terminate,4,Terminate,1.68,Terminate,2.02,Terminate,Terminate,Terminate,Terminate,Terminate,3.89,Terminate,Nested,2,2,3,FALSE,FALSE,TRUE,FALSE,TRUE,18,C,loop,
HeizmannHoenickeLeikePodelski-ATVA2013-Fig5_true-termination.c,failed,Failed,Terminate,0.18,Unknown,8.708780527,Unknown,5.38,Unknown,7.56,Unknown,2.38,Unknown,262.96,Terminate,Terminate,Terminate,Unknown,Unknown,6.17,Unknown,Linear,1,1,1,FALSE,FALSE,TRUE,FALSE,FALSE,19,C,loop,
BradleyMannaSipma-ICALP2005-Fig1_true-termination.c,Unknown,Unknown,Unknown,0.54,Terminate,17.78124428,Terminate,5.55,Terminate,17.4,Terminate,2.59,Terminate,3.07,Terminate,timeout,Terminate,Terminate,Terminate,4.2,Terminate,Linear,1,1,2,FALSE,FALSE,TRUE,FALSE,TRUE,35,C,loop,
svcomp_b.01.c,Unknown,Unknown,Terminate,0.15,Terminate,1.50586462,Terminate,2.94,Terminate,3.46,Terminate,1.39,Terminate,1.5,Terminate,Terminate,Terminate,Terminate,Terminate,3.83,Terminate,Linear,1,1,2,FALSE,FALSE,TRUE,FALSE,FALSE,15,C,loop,
svcomp_b.09_assume.c,Unknown,Unknown,Terminate,0.22,Terminate,4.537672281,Terminate,2.39,Terminate,3.67,Terminate,1.52,Terminate,1.61,Terminate,Terminate,Terminate,Terminate,Terminate,4.07,Terminate,Linear,1,1,1,FALSE,FALSE,TRUE,FALSE,FALSE,27,C,loop,
PodelskiRybalchenko-LICS2004-Fig1_true-termination.c,Terminate,TERMINATE,Unknown,0.17,Terminate,1.421187878,Terminate,3.34,Terminate,3.88,Terminate,1.57,Terminate,1.62,Terminate,Terminate,Terminate,Terminate,Terminate,4.5,Terminate,Nested,2,2,2,FALSE,FALSE,TRUE,FALSE,TRUE,25,C,loop,
AliasDarteFeautrierGonnord-SAS2010-speedpldi4_true-termination.c,Terminate,TERMINATE,Terminate,0.12,Terminate,1.835783243,Unknown,2.94,Unknown,3.1,Unknown,1.4,Unknown,297.17,Terminate,Terminate,Terminate,Terminate,Terminate,4.24,Terminate,Linear,1,1,1,FALSE,FALSE,TRUE,FALSE,TRUE,25,C,loop,
LeikeHeizmann-WST2014-Ex9_true-termination.c,Terminate,TERMINATE,Terminate,0.14,Terminate,1.314096928,Unknown,6.78,Unknown,7.2,Unknown,3.01,Unknown,289.87,Terminate,Terminate,Terminate,Terminate,Terminate,3.78,Terminate,Linear,1,1,1,FALSE,FALSE,TRUE,FALSE,FALSE,17,C,loop,
LeikeHeizmann-TACAS2014-Ex8_true-termination.c,Terminate,TERMINATE,Unknown,0.46,Terminate,2.61330843,Unknown,2.54,Unknown,3.03,Unknown,1.51,Unknown,265.22,Terminate,Terminate,Terminate,Terminate,Terminate,4.4,Terminate,Linear,1,1,1,FALSE,FALSE,TRUE,FALSE,FALSE,27,C,loop,
s3_clnt_1_false-unreach-call.cil.c,failed,Failed,Failed,300.14,Failed,300,TIMEOUT,300.16,TIMEOUT,300.07,TIMEOUT,310.09,TIMEOUT,310.15,timeout,timeout,timeout,Unknown,Terminate,9.82,Failed,Linear,1,1,0,FALSE,TRUE,TRUE,FALSE,TRUE,770,C,loop,
ChawdharyCookGulwaniSagivYang-ESOP2008-aaron4_true-termination.c,failed,Failed,Unknown,0.49,Failed,300,Unknown,288.24,Terminate,6.73,Unknown,295.46,Unknown,132.85,Terminate,timeout,timeout,Terminate,Terminate,4.42,Unknown,Linear,1,1,4,FALSE,FALSE,TRUE,FALSE,TRUE,36,C,loop,
BradleyMannaSipma-CAV2005-Fig1_true-termination.c,failed,Failed,Terminate,0.22,Unknown,9.309854269,Unknown,2.27,Unknown,2.43,Unknown,1.38,Unknown,297.16,Terminate,Terminate,Terminate,Terminate,Terminate,5.53,Unknown,Linear,1,1,2,FALSE,FALSE,TRUE,FALSE,TRUE,33,C,loop,
GCD3.c,failed,Failed,Terminate,0.49,Terminate,3.040864706,Unknown,3.37,Unknown,3.13,Unknown,1.65,Unknown,273.85,Terminate,Terminate,Terminate,Terminate,Terminate,5.32,Unknown,Multiple,3,1,3,FALSE,FALSE,TRUE,FALSE,TRUE,41,C,loop,
ChawdharyCookGulwaniSagivYang-ESOP2008-aaron1_true-termination.c,failed,Failed,Unknown,0.45,Terminate,237.4918015,Terminate,3.58,Terminate,4.24,Terminate,1.88,Terminate,2.21,Terminate,Terminate,Terminate,Terminate,Terminate,4.1,Terminate,Linear,1,1,4,FALSE,FALSE,TRUE,FALSE,TRUE,30,C,loop,
svcomp_b.06-alloca.c,Unknown,Unknown,Failed,0.24,Failed,0.345372915,Unknown,3.38,Unknown,3.89,Unknown,1.96,Unknown,292.11,Terminate,Terminate,Terminate,Terminate,Terminate,4,Unknown,Linear,1,1,1,FALSE,FALSE,TRUE,FALSE,TRUE,23,C,loop,
AliasDarteFeautrierGonnord-SAS2010-Fig1_true-termination.c,failed,Failed,Unknown,0.57,Terminate,12.76794291,Terminate,5.92,Terminate,7.64,Terminate,2.67,Terminate,2.64,Terminate,Terminate,timeout,Terminate,Terminate,6.38,Terminate,Nested,2,2,4,FALSE,FALSE,TRUE,FALSE,TRUE,23,C,loop,
svcomp_b.02.c,Unknown,Unknown,Terminate,0.27,Terminate,1.183323383,Terminate,3.08,Terminate,3.49,Terminate,1.47,Terminate,1.54,Terminate,Terminate,Terminate,Terminate,Terminate,3.86,Terminate,Linear,1,1,2,FALSE,FALSE,TRUE,FALSE,FALSE,16,C,loop,
svcomp_b.13-alloca.c,failed,Failed,Failed,0.24,Failed,0.472171783,Unknown,4.7,Unknown,4.95,Unknown,2.47,Unknown,282.37,Terminate,Terminate,Terminate,Terminate,Terminate,64.04,Unknown,Linear,1,1,2,FALSE,FALSE,TRUE,FALSE,TRUE,32,C,loop,
Gothenburg_true-termination.c,failed,Failed,Unknown,0.83,Terminate,2.71927762,Terminate,2.75,Terminate,3.41,Terminate,1.76,Terminate,1.78,Terminate,Terminate,Terminate,Terminate,Terminate,4.92,Terminate,Linear,1,1,2,FALSE,FALSE,TRUE,FALSE,FALSE,26,C,loop,
GulavaniGulwani-CAV2008-Fig1c_true-termination.c,Unknown,Unknown,Terminate,0.15,Terminate,1.211231709,Terminate,2.86,Terminate,3.53,Terminate,1.55,Terminate,1.58,Terminate,Terminate,Terminate,Terminate,Terminate,3.8,Terminate,Linear,1,1,2,FALSE,FALSE,TRUE,FALSE,FALSE,23,C,loop,
ChenFlurMukhopadhyay-SAS2012-Ex2.08_true-termination.c,Terminate,TERMINATE,Unknown,0.63,Terminate,1.166841745,Unknown,2.82,Unknown,3.97,Unknown,1.82,Unknown,269.36,Terminate,Terminate,Terminate,Terminate,Terminate,3.8,Terminate,Linear,1,1,1,FALSE,FALSE,TRUE,FALSE,TRUE,28,C,loop,
desc_ll_search_existing.c,Terminate,TERMINATE,Unknown,0.94,Failed,0.477369785,Unknown,5.6,Unknown,5.18,Unknown,2.87,Unknown,283.68,Terminate,Terminate,timeout,timeout,Unknown,20.46,Terminate,Multiple,2,1,5,FALSE,FALSE,TRUE,FALSE,TRUE,39,C,loop,
nondet_ll_insert.c,Unknown,Unknown,Unknown,0.94,Failed,0.34095645,Unknown,4.29,Unknown,4.58,Unknown,2.38,Unknown,282.97,Terminate,Terminate,Failed,timeout,Unknown,202.28,Unknown,Multiple,2,1,6,FALSE,FALSE,TRUE,FALSE,TRUE,53,C,loop,
PastaC7.c,failed,Failed,Unknown,1.48,Terminate,1.987335443,Terminate,2.26,Terminate,2.88,Terminate,1.52,Terminate,1.6,Terminate,Terminate,Terminate,Terminate,Terminate,3.97,Terminate,Linear,1,1,3,FALSE,FALSE,TRUE,FALSE,TRUE,21,C,loop,
svcomp_java_Sequence.c,Unknown,Unknown,Terminate,0.33,Terminate,1.15984273,Failed,277.13,Failed,275.52,Failed,298.74,Terminate,1.79,Terminate,Terminate,Terminate,Terminate,Terminate,3.8,Unknown,Multiple,2,1,2,FALSE,FALSE,TRUE,FALSE,FALSE,7,C,loop,
ChenFlurMukhopadhyay-SAS2012-Fig1_true-termination.c,failed,Failed,Terminate,0.96,Terminate,1.646982908,Terminate,3.64,Terminate,4.43,Terminate,1.97,Terminate,1.92,Terminate,Terminate,Terminate,Terminate,Terminate,4.1,Terminate,Linear,1,1,1,FALSE,FALSE,TRUE,FALSE,FALSE,25,C,loop,
Avery-FLOPS2006-Table1_true-termination.c,Terminate,TERMINATE,Terminate,0.43,Terminate,2.445770264,Terminate,5.83,TIMEOUT,300.04,Terminate,2.76,Terminate,2.5,Terminate,Terminate,Terminate,Terminate,Terminate,4.03,Terminate,Multiple,2,1,2,FALSE,FALSE,TRUE,FALSE,FALSE,35,C,loop,
svcomp_java_LogBuiltIn-alloca.c,Terminate,TERMINATE,Failed,0.24,Failed,0.466133595,Unknown,5.05,Unknown,5.11,Unknown,2.47,Unknown,288.88,Terminate,Terminate,Terminate,Terminate,Terminate,3.99,Terminate,Linear,1,1,1,FALSE,FALSE,TRUE,FALSE,TRUE,20,C,loop,
McCarthyIterative.c,Unknown,Unknown,Terminate,0.14,Terminate,2.096891165,Terminate,8.78,Unknown,274.34,Terminate,5.44,Terminate,5.28,Terminate,Terminate,timeout,timeout,Terminate,5.95,Terminate,Linear,1,1,1,FALSE,FALSE,TRUE,FALSE,FALSE,22,C,loop,
svcomp_genady_true-alloca.c,failed,Failed,Failed,0.25,Failed,0.347351313,Unknown,3.16,Unknown,3.27,Unknown,1.45,Unknown,295.5,Terminate,Terminate,Terminate,Terminate,Terminate,3.86,Unknown,Linear,1,1,2,FALSE,FALSE,TRUE,FALSE,TRUE,10,C,loop,
svcomp_b.02-alloca.c,Terminate,TERMINATE,Failed,0.23,Failed,0.336876392,Unknown,3.85,Unknown,4.06,Unknown,1.77,Unknown,291.82,Terminate,Terminate,Terminate,Terminate,Terminate,4.16,Terminate,Linear,1,1,2,FALSE,FALSE,TRUE,FALSE,TRUE,23,C,loop,
Thun_true-termination.c,failed,Failed,Unknown,0.54,Terminate,1.216762066,Terminate,3.17,Terminate,3.61,Terminate,1.47,Terminate,1.5,Terminate,Terminate,Terminate,Terminate,Terminate,3.81,Terminate,Linear,1,1,1,FALSE,FALSE,TRUE,FALSE,TRUE,33,C,loop,
DivMinus2.c,failed,Failed,Unknown,1.46,Terminate,19.73166084,Terminate,3.79,Terminate,4.53,Terminate,1.75,Terminate,2.06,Terminate,Terminate,Terminate,Terminate,Terminate,5.34,Terminate,Nested,2,2,3,FALSE,FALSE,TRUE,FALSE,TRUE,29,C,loop,
recHanoi01_true-unreach-call_true-termination.c,,,Terminate,0.38,Failed,0.319832563,Unknown,1.82,Unknown,2.01,Failed,0.4,Failed,0.4,Terminate,Terminate,Failed,timeout,TIMEOUT,300.02,Unknown,,0,0,0,FALSE,FALSE,TRUE,FALSE,TRUE,56,C,recur,non-tail
TelAviv-Amir-Minimum_true-termination.c,Unknown,Unknown,Unknown,1.58,Failed,22.41409254,Terminate,2.89,Terminate,3.72,Terminate,1.78,Terminate,1.82,timeout,timeout,Terminate,Terminate,Terminate,6.93,Terminate,Linear,1,1,2,FALSE,FALSE,TRUE,FALSE,TRUE,38,C,loop,
svcomp_b.11-alloca.c,failed,Failed,Failed,0.24,Failed,0.470309734,Unknown,3.33,Unknown,3.35,Unknown,1.87,Unknown,292.34,timeout,timeout,Terminate,Terminate,Terminate,5.82,Unknown,Linear,1,1,2,FALSE,FALSE,TRUE,FALSE,TRUE,30,C,loop,
SyntaxSupportPointer01_true-termination.c,Unknown,Unknown,Terminate,0.6,Failed,0.345550537,Unknown,2.79,Unknown,2.96,Unknown,1.32,Nonterminate,1.39,Terminate,Terminate,Terminate,Terminate,Terminate,3.85,Unknown,Linear,1,1,1,FALSE,FALSE,TRUE,FALSE,TRUE,16,C,loop,
LeeJonesBen-Amram-POPL2001-Ex1_true-termination.c,,,Terminate,0.38,Failed,0.44423008,Unknown,2.09,Failed,2.2,Failed,0.43,Failed,0.43,Terminate,Terminate,Terminate,Terminate,Terminate,4.04,Unknown,,0,0,0,FALSE,FALSE,TRUE,FALSE,FALSE,31,C,recur,tail
PastaC9.c,Terminate,TERMINATE,Terminate,0.39,Terminate,5.351739407,Terminate,2.92,Terminate,3.62,Terminate,1.62,Terminate,1.65,Terminate,Terminate,Terminate,Terminate,Terminate,4.47,Terminate,Linear,1,1,2,FALSE,FALSE,TRUE,FALSE,TRUE,24,C,loop,
svcomp_aviad_true-alloca.c,Unknown,Unknown,Failed,0.23,Failed,0.473970652,Unknown,4.66,Unknown,5.15,Unknown,2.26,Unknown,288.79,Terminate,Terminate,Terminate,timeout,Terminate,4.41,Unknown,Linear,1,1,1,FALSE,FALSE,TRUE,FALSE,TRUE,25,C,loop,
ChenFlurMukhopadhyay-SAS2012-Ex2.18_true-termination.c,Unknown,Unknown,Unknown,2.09,Terminate,1.733024597,Terminate,2.77,Terminate,3.26,Terminate,1.49,Terminate,1.52,Terminate,Terminate,Terminate,Terminate,Terminate,3.83,Terminate,Linear,1,1,1,FALSE,FALSE,TRUE,FALSE,TRUE,31,C,loop,
svcomp_c.08.c,Unknown,Unknown,Terminate,0.37,Terminate,1.888632059,Terminate,3.51,Terminate,3.84,Terminate,1.63,Terminate,2,Terminate,Terminate,Terminate,Terminate,Terminate,4.2,Terminate,Nested,2,2,2,FALSE,FALSE,TRUE,FALSE,FALSE,19,C,loop,
RecursiveMultiplication_true-termination.c,,,Terminate,0.21,Failed,0.329777718,Unknown,2.17,Failed,2.19,Failed,0.41,Failed,0.42,Terminate,Terminate,Failed,Terminate,Terminate,4.71,Unknown,,0,0,0,FALSE,FALSE,TRUE,FALSE,TRUE,27,C,recur,non-tail
PastaC3.c,Terminate,TERMINATE,Terminate,0.24,Terminate,2.222445488,Terminate,3.74,Terminate,4.29,Terminate,1.78,Terminate,2.11,Terminate,Terminate,Terminate,Terminate,Terminate,4.34,Terminate,Linear,1,1,2,FALSE,FALSE,TRUE,FALSE,FALSE,22,C,loop,
svcomp_c.07-alloca.c,Terminate,TERMINATE,Failed,0.24,Failed,0.465566158,Unknown,8.1,Unknown,8.38,Unknown,3.83,Nonterminate,1.49,Terminate,Terminate,timeout,Terminate,Terminate,4.6,Terminate,Linear,1,1,1,FALSE,FALSE,TRUE,FALSE,TRUE,29,C,loop,
svcomp_b.10-alloca.c,failed,Failed,Failed,0.24,Failed,0.343595505,Unknown,3.28,Unknown,3.99,Unknown,1.83,Unknown,285.94,Terminate,Terminate,Terminate,Terminate,Terminate,4.55,Unknown,Linear,1,1,2,FALSE,FALSE,TRUE,FALSE,TRUE,30,C,loop,
4NestedWith3Variables_true-termination.c,failed,Failed,Unknown,19.2,Terminate,5.514134645,Unknown,2.88,TIMEOUT,300.13,Unknown,1.52,Unknown,295.97,Terminate,Terminate,timeout,Terminate,Terminate,5.21,Unknown,Linear,1,1,1,FALSE,FALSE,TRUE,FALSE,TRUE,29,C,loop,
svcomp_flag.c,Unknown,Unknown,Terminate,0.33,Terminate,5.301789999,Unknown,9.23,Terminate,4.67,Unknown,4.68,Unknown,267.2,Terminate,Terminate,Terminate,Terminate,Terminate,5.82,Unknown,Linear,1,1,1,FALSE,FALSE,TRUE,FALSE,FALSE,16,C,loop,
ChenFlurMukhopadhyay-SAS2012-Ex2.22_true-termination.c,failed,Failed,Terminate,3.52,Terminate,1.966259956,Unknown,2.88,Unknown,3.13,Unknown,1.39,Unknown,288.93,Terminate,Terminate,Terminate,Terminate,Terminate,3.82,Unknown,Linear,1,1,1,TRUE,FALSE,TRUE,FALSE,FALSE,32,C,loop,
AliasDarteFeautrierGonnord-SAS2010-while2_true-termination.c,failed,Failed,Terminate,0.22,Terminate,1.846493959,Terminate,3.54,Terminate,4.02,Terminate,1.64,Terminate,2.02,Terminate,Terminate,Terminate,Terminate,Terminate,4.41,Terminate,Nested,2,2,2,FALSE,FALSE,TRUE,FALSE,FALSE,22,C,loop,
svcomp_Urban_true-alloca.c,failed,Failed,Failed,0.2,Failed,0.347885132,Unknown,3.12,Unknown,3.34,Unknown,1.46,Nonterminate,1.38,Terminate,Terminate,Terminate,Terminate,Terminate,7.74,Unknown,Linear,1,1,2,FALSE,FALSE,TRUE,FALSE,TRUE,25,C,loop,
ChenFlurMukhopadhyay-SAS2012-Ex3.01_true-termination.c,Terminate,TERMINATE,Terminate,0.17,Terminate,1.213907957,Unknown,3.48,Unknown,5.57,Unknown,1.64,Unknown,269.98,Terminate,Terminate,Terminate,Terminate,Terminate,3.81,Terminate,Linear,1,1,2,FALSE,FALSE,TRUE,FALSE,FALSE,29,C,loop,
svcomp_a.05.c,Terminate,TERMINATE,Unknown,6.86,Terminate,1.109806538,Terminate,2.95,Terminate,3.52,Terminate,1.45,Terminate,1.51,Terminate,Terminate,Terminate,Terminate,Terminate,3.81,Terminate,Linear,1,1,2,FALSE,FALSE,TRUE,FALSE,FALSE,15,C,loop,
svcomp_ex3a-alloca.c,failed,Failed,Failed,0.24,Failed,0.465542555,Unknown,3.03,Unknown,2.41,Unknown,1.49,Unknown,294.57,Terminate,Terminate,Terminate,Unknown,Unknown,8.85,Unknown,Linear,1,1,1,FALSE,FALSE,TRUE,FALSE,TRUE,20,C,loop,
nondet_ll_search_last_n.c,failed,Failed,Unknown,1.39,Failed,0.474986076,Unknown,3.43,Unknown,3.85,Unknown,1.73,Unknown,281.77,Terminate,Terminate,timeout,timeout,Unknown,16.5,Unknown,Multiple,2,1,5,FALSE,FALSE,TRUE,FALSE,TRUE,40,C,loop,
ChenFlurMukhopadhyay-SAS2012-Ex3.03_true-termination.c,failed,Failed,Unknown,1.49,Terminate,2.267417192,Unknown,4.23,Unknown,5.09,Unknown,1.83,Unknown,274.79,Terminate,Terminate,Terminate,Terminate,Terminate,3.92,Unknown,Linear,1,1,1,FALSE,FALSE,TRUE,FALSE,FALSE,30,C,loop,
Log.c,Unknown,Unknown,Terminate,0.54,Terminate,2.274074793,Terminate,3.62,Terminate,4.27,Terminate,1.7,Terminate,2.03,Terminate,Terminate,Terminate,Terminate,Terminate,4.34,Terminate,Nested,2,2,2,FALSE,FALSE,TRUE,FALSE,FALSE,28,C,loop,
PastaA10.c,Terminate,TERMINATE,Terminate,0.23,Terminate,6.618270397,Terminate,2.81,Terminate,3.59,Terminate,1.58,Terminate,1.59,Terminate,Terminate,Terminate,Terminate,Terminate,4.76,Terminate,Linear,1,1,2,FALSE,FALSE,TRUE,FALSE,FALSE,20,C,loop,
ChenFlurMukhopadhyay-SAS2012-Ex2.01_true-termination.c,Unknown,Unknown,Unknown,0.62,Terminate,1.618233204,Unknown,4.28,Unknown,5.52,Unknown,1.86,Unknown,272.66,Terminate,Terminate,Terminate,Terminate,Terminate,3.81,Unknown,Linear,1,1,1,FALSE,FALSE,TRUE,FALSE,FALSE,28,C,loop,
svcomp_b.17-alloca.c,failed,Failed,Failed,0.24,Failed,0.341404438,Unknown,5.53,Unknown,7.2,Unknown,3.02,Nonterminate,1.41,Terminate,Terminate,Terminate,timeout,Terminate,30.24,Unknown,Nested,2,2,3,FALSE,FALSE,TRUE,FALSE,TRUE,28,C,loop,
McCarthy91_Iteration_true-termination.c,Unknown,Unknown,Terminate,0.16,Terminate,1.933270931,Terminate,8.92,Terminate,4.21,Terminate,5.16,Terminate,5.11,Terminate,Terminate,Terminate,Terminate,Terminate,7.47,Terminate,Linear,1,1,1,FALSE,FALSE,TRUE,FALSE,FALSE,24,C,loop,
ChenFlurMukhopadhyay-SAS2012-Ex3.04_true-termination.c,Unknown,Unknown,Unknown,0.51,Terminate,2.271259546,Unknown,4.26,Unknown,16.72,Unknown,1.9,Unknown,264.82,Terminate,Terminate,Terminate,Terminate,Terminate,3.84,Unknown,Linear,1,1,3,FALSE,FALSE,TRUE,FALSE,TRUE,29,C,loop,
LogAG.c,Terminate,TERMINATE,Unknown,1.78,Terminate,2.088848352,Terminate,3.42,Terminate,4.2,Terminate,1.61,Terminate,1.99,Terminate,Terminate,Terminate,Terminate,Terminate,4.65,Terminate,Nested,2,2,2,FALSE,FALSE,TRUE,FALSE,FALSE,29,C,loop,
svcomp_EvenOdd01_true-unreach-call_true-termination_modified.c,,,Failed,300.03,Failed,0.440772057,Unknown,1.82,Failed,1.96,Failed,0.43,Failed,0.39,Terminate,Terminate,Failed,Terminate,Terminate,4.92,Unknown,,0,0,0,FALSE,FALSE,TRUE,FALSE,FALSE,48,C,recur,non-tail
CookSeeZuleger-TACAS2013-Fig7a_true-termination.c,Unknown,Unknown,Terminate,0.26,Terminate,15.82887411,Terminate,3.42,Terminate,3.7,Terminate,1.98,Terminate,2.3,Terminate,Terminate,Terminate,Terminate,Terminate,4.59,Terminate,Linear,1,1,3,FALSE,FALSE,TRUE,FALSE,TRUE,27,C,loop,
IntPath.c,failed,Failed,Unknown,0.12,Unknown,2.176334381,Terminate,2.31,Terminate,2.39,Terminate,1.18,Terminate,1.21,Terminate,Terminate,Terminate,Terminate,Terminate,3.57,Terminate,Linear,1,1,2,FALSE,FALSE,TRUE,FALSE,FALSE,21,C,loop,
CookSeeZuleger-TACAS2013-Fig1_true-termination.c,Unknown,Unknown,Terminate,0.14,Terminate,8.679799557,Terminate,3.55,Terminate,4.48,Terminate,1.68,Terminate,1.78,Terminate,Terminate,Terminate,Terminate,Terminate,4.43,Terminate,Linear,1,1,2,FALSE,FALSE,TRUE,FALSE,TRUE,23,C,loop,
PastaA1.c,Unknown,Unknown,Terminate,0.26,Terminate,1.281229734,Terminate,3.11,Terminate,3.6,Terminate,1.56,Terminate,1.63,Terminate,Terminate,Terminate,Terminate,Terminate,4.48,Terminate,Nested,2,2,2,FALSE,FALSE,TRUE,FALSE,FALSE,19,C,loop,
GulavaniGulwani-CAV2008-Fig1b_true-termination.c,failed,Failed,Terminate,0.32,Terminate,2.751409292,Terminate,3.41,Unknown,267.34,Terminate,1.55,Terminate,1.62,Terminate,Terminate,Terminate,Terminate,Terminate,4.05,Terminate,Multiple,2,1,3,FALSE,FALSE,TRUE,FALSE,FALSE,28,C,loop,
ChenFlurMukhopadhyay-SAS2012-Ex2.07_true-termination.c,Terminate,TERMINATE,Unknown,0.5,Terminate,1.236247063,Unknown,4.68,Unknown,4.41,Unknown,2.4,Unknown,262.53,Terminate,Terminate,Terminate,Terminate,Terminate,3.81,Terminate,Linear,1,1,2,FALSE,FALSE,TRUE,FALSE,TRUE,28,C,loop,
nondet_ll_search_last_zero.c,Unknown,Unknown,Unknown,1.28,Failed,0.337691545,Unknown,2.96,Unknown,3.09,Unknown,1.72,Unknown,281.85,Terminate,Terminate,timeout,timeout,Unknown,16.51,Unknown,Multiple,2,1,5,FALSE,FALSE,TRUE,FALSE,TRUE,40,C,loop,
svcomp_a.01-alloca.c,Unknown,Unknown,Failed,0.24,Failed,0.474827528,Unknown,3.56,Unknown,3.8,Unknown,2.11,Unknown,288.34,Terminate,Terminate,Terminate,timeout,Terminate,101.73,Unknown,Nested,2,2,2,FALSE,FALSE,TRUE,FALSE,TRUE,26,C,loop,
Binomial_true.c,failed,"ERROR,TERMINATE",Failed,300.02,Failed,0.323999166,Unknown,2.22,Unknown,2.36,Failed,0.4,Failed,0.41,Unknown,Unknown,timeout,timeout,TIMEOUT,300.03,Unknown,Multiple,2,1,3,FALSE,FALSE,TRUE,FALSE,TRUE,45,C,loop,non-tail
svcomp_c.01-no-inv.c,Unknown,Unknown,Unknown,0.93,Unknown,5.683444262,Terminate,2.95,Terminate,3.51,Terminate,1.66,Terminate,1.98,Terminate,Terminate,Terminate,Terminate,Terminate,4.8,Terminate,Nested,2,2,2,FALSE,FALSE,TRUE,FALSE,TRUE,19,C,loop,
svcomp_java_Break.c,failed,Failed,Terminate,0.21,Terminate,1.033479452,Terminate,7.76,Terminate,6.35,Terminate,3.92,Terminate,1.27,Terminate,Terminate,Terminate,Terminate,Terminate,3.78,Terminate,Linear,1,1,0,TRUE,TRUE,TRUE,FALSE,FALSE,10,C,loop,
McCarthy91_Recursion_true-termination.c,,,Terminate,0.16,Failed,0.442765951,Unknown,2.07,Failed,2.15,Failed,0.42,Failed,0.41,Unknown,Unknown,Failed,Terminate,Terminate,7.16,Unknown,,0,0,0,FALSE,FALSE,TRUE,FALSE,FALSE,17,C,recur,non-tail
PastaB4.c,failed,Failed,Terminate,0.3,Terminate,1.266696453,Unknown,2.83,Unknown,3.18,Unknown,1.38,Unknown,276.8,Terminate,Terminate,Terminate,Terminate,Terminate,3.77,Unknown,Linear,1,1,2,FALSE,FALSE,TRUE,FALSE,FALSE,19,C,loop,
Piecewise_true-termination.c,Terminate,TERMINATE,Unknown,0.32,Terminate,31.30021977,Terminate,3.29,Terminate,4.25,Terminate,1.64,Terminate,1.62,Terminate,Terminate,Terminate,Terminate,Terminate,5,Terminate,Linear,1,1,2,FALSE,FALSE,TRUE,FALSE,TRUE,32,C,loop,
HeizmannHoenickeLeikePodelski-ATVA2013-Fig6_true-termination.c,Terminate,TERMINATE,Terminate,0.18,Terminate,1.932519674,Terminate,2.49,Terminate,3.18,Terminate,1.38,Terminate,1.46,Terminate,Terminate,Terminate,Terminate,Terminate,3.87,Terminate,Linear,1,1,1,TRUE,FALSE,TRUE,FALSE,FALSE,25,C,loop,
svcomp_b.03-no-inv_assume-alloca.c,Unknown,Unknown,Failed,0.25,Failed,0.470676661,Unknown,2.71,Unknown,3.2,Unknown,1.53,Unknown,294.96,Terminate,Terminate,Terminate,Terminate,Terminate,3.93,Unknown,Linear,1,1,2,FALSE,FALSE,TRUE,FALSE,TRUE,23,C,loop,
svcomp_Addition01_true-unreach-call_true-termination_modified.c,,,Terminate,0.3,Failed,0.319576979,Unknown,2.13,Failed,2.15,Failed,0.4,Failed,0.42,Terminate,Terminate,Terminate,Terminate,Terminate,4.8,Unknown,,0,0,0,FALSE,FALSE,TRUE,FALSE,FALSE,37,C,recur,tail
Singapore_true-termination.c,failed,Failed,Unknown,0.49,Unknown,4.931873083,Terminate,3.31,Terminate,6.26,Terminate,1.56,Terminate,1.62,timeout,timeout,Terminate,Terminate,Terminate,4.08,Terminate,Linear,1,1,1,FALSE,FALSE,TRUE,FALSE,FALSE,23,C,loop,
svcomp_CookSeeZuleger-2013TACAS-Fig7a_true-alloca.c,Unknown,Unknown,Failed,0.23,Failed,0.470653772,Unknown,3.63,Unknown,3.71,Unknown,1.71,Nonterminate,1.36,Terminate,Terminate,Terminate,Terminate,Terminate,10.2,Unknown,Linear,1,1,3,FALSE,FALSE,TRUE,FALSE,TRUE,20,C,loop,
Et1.c,Unknown,Unknown,Unknown,0.86,Terminate,1.933134079,Terminate,3.71,Terminate,5.26,Terminate,1.8,Terminate,1.82,Terminate,Terminate,Terminate,Terminate,Terminate,4.11,Terminate,Linear,1,1,2,FALSE,FALSE,TRUE,FALSE,FALSE,17,C,loop,
svcomp_a.08-alloca.c,Terminate,TERMINATE,Failed,0.23,Failed,0.47321105,Unknown,3.81,Unknown,3.95,Unknown,1.76,Unknown,292.37,Terminate,Terminate,Terminate,Terminate,Terminate,4.02,Terminate,Linear,1,1,2,FALSE,FALSE,TRUE,FALSE,TRUE,23,C,loop,
svcomp_ex1.c,failed,Failed,Terminate,0.2,Terminate,1.16191411,Terminate,2.97,Terminate,3.46,Terminate,1.42,Terminate,1.51,Terminate,Terminate,Terminate,Terminate,Terminate,4.17,Terminate,Linear,1,1,1,FALSE,FALSE,TRUE,FALSE,TRUE,15,C,loop,
LeeJonesBen-Amram-POPL2001-Ex4_true-termination.c,,,Terminate,0.41,Failed,0.442892551,Unknown,2.13,Failed,2.22,Failed,0.42,Failed,0.39,Terminate,Terminate,Terminate,Terminate,Terminate,7.31,Unknown,,0,0,0,FALSE,FALSE,TRUE,FALSE,TRUE,32,C,recur,non-tail
svcomp_b.05-alloca.c,failed,Failed,Failed,0.24,Failed,0.348843336,Unknown,2.27,Unknown,2.93,Unknown,1.48,Nonterminate,1.45,Terminate,Terminate,Terminate,Terminate,Terminate,4.08,Unknown,Linear,1,1,1,FALSE,FALSE,TRUE,FALSE,TRUE,21,C,loop,
Et2_true.c,,,Terminate,0.26,Failed,0.433559418,Unknown,2.19,Failed,2.17,Failed,0.42,Failed,0.43,Terminate,Terminate,Terminate,Terminate,Terminate,4.49,Unknown,,0,0,0,FALSE,FALSE,TRUE,FALSE,FALSE,45,C,recur,non-tail
AliasDarteFeautrierGonnord-SAS2010-speedFails4_true-termination.c,Unknown,Unknown,Unknown,0.15,Unknown,10.9145484,Terminate,3.08,TIMEOUT,300.04,Terminate,1.63,Terminate,1.7,Terminate,Terminate,Terminate,Terminate,Terminate,4.61,Terminate,Linear,1,1,2,FALSE,FALSE,TRUE,FALSE,FALSE,32,C,loop,
Copenhagen_disj_true-termination.c,failed,Failed,Unknown,2.27,Terminate,6.587093115,Terminate,3.64,Unknown,275.55,Terminate,1.66,Terminate,1.71,Terminate,Terminate,Terminate,Terminate,Unknown,10.37,Terminate,Linear,1,1,2,FALSE,FALSE,TRUE,FALSE,FALSE,22,C,loop,
svcomp_MultCommutative_true-unreach-call_true-termination_modified.c,,,Failed,300.03,Failed,0.445040703,Unknown,2.12,Failed,2.2,Failed,0.42,Failed,0.39,Terminate,Terminate,Terminate,Terminate,Terminate,5.04,Unknown,,0,0,0,FALSE,FALSE,TRUE,FALSE,FALSE,42,C,recur,non-tail
svcomp_CookSeeZuleger-2013TACAS-Fig3_true-alloca.c,Unknown,Unknown,Failed,0.24,Failed,0.342135668,Unknown,2.97,Unknown,2.88,Unknown,1.49,Nonterminate,1.43,Terminate,Terminate,Terminate,Terminate,Terminate,5.16,Unknown,Linear,1,1,2,FALSE,FALSE,TRUE,FALSE,TRUE,16,C,loop,
svcomp_easySum.c,Unknown,Unknown,Terminate,0.24,Terminate,1.551195145,Terminate,2.9,Terminate,3.48,Terminate,1.39,Terminate,1.5,Terminate,Terminate,Terminate,Terminate,Terminate,3.79,Terminate,Linear,1,1,2,FALSE,FALSE,TRUE,FALSE,FALSE,14,C,loop,
majority-noarray_true-termination.c,failed,Failed,Unknown,60.54,Failed,300,Nonterminate,25.81,Failed,28.01,Nonterminate,13.61,Nonterminate,2.41,Unknown,Unknown,Terminate,Terminate,Terminate,10.8,Nonterminate,Nested,5,2,2,TRUE,TRUE,TRUE,FALSE,TRUE,460,C,loop,
PodelskiRybalchenko-LICS2004-Fig2_true-termination.c,Unknown,Unknown,Unknown,1.4,Terminate,19.31399202,Terminate,5.02,Terminate,6.21,Terminate,2.19,Terminate,2.49,Terminate,Terminate,Terminate,Terminate,Terminate,7.45,Terminate,Linear,1,1,2,FALSE,FALSE,TRUE,FALSE,TRUE,28,C,loop,
McCarthy91_false-unreach-call_false-termination.c,,,Terminate,0.17,Failed,0.326910973,Unknown,2.05,Failed,2.12,Failed,0.38,Failed,0.42,Unknown,timeout,Failed,MAYBE,Terminate,7.72,Unknown,,0,0,0,FALSE,FALSE,TRUE,FALSE,TRUE,32,C,recur,non-tail
ChenFlurMukhopadhyay-SAS2012-Ex2.09_true-termination.c,failed,Failed,Unknown,2.26,Terminate,1.500894785,Terminate,2.52,Terminate,6.33,Terminate,1.54,Nonterminate,1.24,Terminate,Terminate,Terminate,Terminate,Terminate,3.92,Terminate,Linear,1,1,2,FALSE,FALSE,TRUE,FALSE,TRUE,32,C,loop,
svcomp_b.04.c,failed,Failed,Terminate,0.15,Terminate,1.064395666,Unknown,2.9,Unknown,3.09,Unknown,1.35,Unknown,276.69,Terminate,Terminate,Terminate,Terminate,Terminate,3.79,Unknown,Linear,1,1,2,FALSE,FALSE,TRUE,FALSE,FALSE,15,C,loop,
GopanReps-CAV2006-Fig1a_true-termination.c.c,failed,Failed,Unknown,0.5,Terminate,1.477930307,Unknown,275.24,Unknown,277.45,Unknown,290.6,Terminate,2.39,Terminate,Terminate,Terminate,Terminate,Terminate,4.57,Unknown,Linear,1,1,0,TRUE,TRUE,TRUE,FALSE,FALSE,24,C,loop,
svcomp_gcd01_true-unreach-call_true-termination_modified.c,,,Terminate,0.25,Failed,0.449056149,Unknown,2.14,Failed,2.21,Failed,0.4,Failed,0.44,Terminate,Terminate,Terminate,Terminate,Terminate,4.77,Unknown,,0,0,0,FALSE,FALSE,TRUE,FALSE,TRUE,43,C,recur,non-tail
PastaC2.c,failed,Failed,Unknown,0.46,Terminate,2.747471571,Terminate,3.6,Terminate,4.05,Terminate,1.64,Terminate,1.97,Terminate,Terminate,Terminate,Terminate,Terminate,4.34,Terminate,Nested,2,2,2,FALSE,FALSE,TRUE,FALSE,FALSE,20,C,loop,
svcomp_ex2.c,failed,Failed,Unknown,0.5,Unknown,50.98942494,Unknown,3.05,Unknown,3.52,Unknown,1.45,Unknown,262.58,Terminate,timeout,Terminate,Unknown,Unknown,9.09,Unknown,Linear,1,1,2,FALSE,FALSE,TRUE,FALSE,TRUE,25,C,loop,
GulavaniGulwani-CAV2008-Fig1a_true-termination.c,failed,Failed,Terminate,0.16,Terminate,3.352276325,Terminate,3.42,Unknown,266.11,Terminate,1.61,Terminate,1.63,Terminate,Terminate,Terminate,Terminate,Terminate,4.62,Terminate,Linear,1,1,2,FALSE,FALSE,TRUE,FALSE,FALSE,28,C,loop,
gcd1_true-termination.c,failed,Failed,Terminate,0.45,Terminate,2.763065338,Unknown,3.45,Unknown,3.63,Unknown,1.6,Unknown,275.34,Terminate,Terminate,Terminate,Terminate,Terminate,5.28,Unknown,Nested,2,2,2,FALSE,FALSE,TRUE,FALSE,FALSE,39,C,loop,
svcomp_ex3a.c,failed,Failed,Terminate,0.23,Unknown,2.780764341,Nonterminate,2.42,Unknown,279.1,Nonterminate,1.33,Unknown,265.59,Terminate,Terminate,Terminate,Unknown,Unknown,7.01,Nonterminate,Linear,1,1,1,FALSE,FALSE,TRUE,FALSE,TRUE,15,C,loop,
HeizmannHoenickeLeikePodelski-ATVA2013-Fig9_true-termination.c,Unknown,Unknown,Terminate,0.14,Unknown,4.381327629,Unknown,2.27,Unknown,2.87,Unknown,1.4,Unknown,295.94,Terminate,Terminate,Terminate,Terminate,Terminate,4.76,Unknown,Linear,1,1,2,FALSE,FALSE,TRUE,FALSE,TRUE,22,C,loop,
svcomp_Toulouse-MultiBranchesToLoop_true-alloca.c,Unknown,Unknown,Failed,0.23,Failed,0.47383523,Unknown,12.03,Unknown,12.21,Unknown,6.81,Unknown,279.34,Terminate,Terminate,Terminate,Terminate,Terminate,6.6,Unknown,Linear,1,1,2,FALSE,FALSE,TRUE,FALSE,TRUE,61,C,loop,
PastaA7.c,Unknown,Unknown,Terminate,0.26,Terminate,1.901131392,Terminate,2.27,Terminate,2.76,Terminate,1.39,Terminate,1.47,Terminate,Terminate,Terminate,Terminate,Terminate,3.78,Terminate,Linear,1,1,3,FALSE,FALSE,TRUE,FALSE,TRUE,19,C,loop,
svcomp_b.15-alloca.c,failed,Failed,Failed,0.2,Failed,0.462046862,Unknown,5.55,Unknown,5.83,Unknown,3.05,Unknown,262.61,Terminate,Terminate,Terminate,Terminate,Terminate,5.64,Unknown,Nested,2,2,3,FALSE,FALSE,TRUE,FALSE,TRUE,27,C,loop,
svcomp_java_LogBuiltIn.c,Unknown,Unknown,Terminate,0.39,Terminate,1.565745592,Terminate,23.43,Unknown,265.17,Terminate,10.46,Terminate,10.02,Terminate,Terminate,Terminate,Terminate,Terminate,3.76,Terminate,Linear,1,1,1,FALSE,FALSE,TRUE,FALSE,FALSE,20,C,loop,
svcomp_b.03_assume-alloca.c,failed,Failed,Failed,0.23,Failed,0.342923641,Unknown,2.51,Unknown,2.57,Unknown,1.5,Unknown,295.22,Terminate,Terminate,Terminate,Terminate,Terminate,4,Unknown,Linear,1,1,2,FALSE,FALSE,TRUE,FALSE,TRUE,27,C,loop,
Addition01_true-unreach-call_true-termination.c,,,Terminate,0.34,Failed,0.32468152,Unknown,2.14,Failed,2.27,Failed,0.4,Failed,0.37,Terminate,Terminate,Terminate,Terminate,Terminate,4.53,Unknown,,0,0,0,FALSE,FALSE,TRUE,FALSE,FALSE,41,C,recur,tail
svcomp_NoriSharma-2013FSE-Fig7_true-alloca.c,failed,Failed,Failed,0.24,Failed,0.474297762,Unknown,43.29,Unknown,41.54,Unknown,27.72,Unknown,260.1,Terminate,Terminate,Terminate,Terminate,Terminate,19,Unknown,Linear,1,1,4,FALSE,FALSE,TRUE,FALSE,TRUE,20,C,loop,
nondet_ll_traverse.c,Terminate,TERMINATE,Unknown,1.17,Failed,0.466519356,Unknown,3.87,Unknown,4.06,Unknown,1.76,Unknown,290.87,Terminate,Terminate,timeout,timeout,Unknown,17.37,Terminate,Multiple,2,1,4,FALSE,FALSE,TRUE,FALSE,TRUE,37,C,loop,
Benghazi_true-termination.c,failed,Failed,Failed,300.11,Terminate,1.970355511,Terminate,3.41,Terminate,3.6,Terminate,1.58,Terminate,1.71,Terminate,Terminate,Terminate,Terminate,Terminate,4.04,Terminate,Linear,1,1,1,FALSE,FALSE,TRUE,FALSE,FALSE,29,C,loop,
AliasDarteFeautrierGonnord-SAS2010-counterex1a_true-termination.c,Unknown,Unknown,Unknown,0.49,Terminate,196.665844,Terminate,7.76,Failed,298.41,Terminate,3.29,Terminate,3.22,Terminate,Terminate,Terminate,Terminate,Terminate,6.22,Terminate,Linear,1,1,3,FALSE,FALSE,TRUE,FALSE,TRUE,30,C,loop,
svcomp_Urban-2013WST-Fig2-modified1000_true-alloca.c,Unknown,Unknown,Failed,0.2,Failed,0.475070477,Unknown,274.87,Unknown,273.73,Unknown,291.49,Unknown,145.56,Terminate,Terminate,Terminate,timeout,TIMEOUT,300.04,Unknown,Nested,2,2,2,FALSE,FALSE,TRUE,FALSE,TRUE,13,C,loop,
nondet_ll_delete.c,failed,Failed,Unknown,0.73,Failed,0.34203577,Unknown,3.54,Unknown,3.69,Unknown,2.11,Unknown,285.94,Terminate,Terminate,Failed,timeout,Unknown,46.88,Unknown,Multiple,2,1,4,FALSE,FALSE,TRUE,FALSE,TRUE,50,C,loop,
Waldkirch_true-termination.c,Terminate,TERMINATE,Terminate,0.12,Terminate,0.901721239,Terminate,2.73,Terminate,3.13,Terminate,1.36,Terminate,1.22,Terminate,Terminate,Terminate,Terminate,Terminate,3.86,Terminate,Linear,1,1,1,FALSE,FALSE,TRUE,FALSE,FALSE,19,C,loop,
easy2_true-termination.c,failed,Failed,Terminate,0.27,Terminate,1.115480185,Terminate,2.54,Unknown,267.58,Terminate,1.41,Terminate,1.53,Terminate,Terminate,Terminate,Terminate,Terminate,5.66,Terminate,Linear,1,1,1,FALSE,FALSE,TRUE,FALSE,FALSE,26,C,loop,
svcomp_openbsd_cmemset_alloca.c,Unknown,Unknown,Failed,0.25,Failed,0.470044374,Unknown,2.62,Unknown,2.7,Unknown,1.42,Unknown,270.52,Terminate,Terminate,Terminate,Terminate,Unknown,8.76,Unknown,Linear,1,1,1,FALSE,FALSE,TRUE,FALSE,TRUE,31,C,loop,
Sequence.c,failed,Failed,Terminate,0.23,Terminate,1.350039005,Terminate,258.7,Terminate,260.33,Terminate,134.36,Terminate,1.6,Terminate,Terminate,Terminate,Terminate,Terminate,4.03,Terminate,Multiple,2,1,2,FALSE,FALSE,TRUE,FALSE,FALSE,16,C,loop,
HeizmannHoenickeLeikePodelski-ATVA2013-Fig4_true-termination.c,Unknown,Unknown,Terminate,0.11,Terminate,1.186808586,Terminate,2.83,Terminate,3.3,Terminate,1.37,Terminate,1.46,Terminate,Terminate,Terminate,Terminate,Terminate,3.79,Terminate,Linear,1,1,2,FALSE,FALSE,TRUE,FALSE,FALSE,21,C,loop,
aaron3_true-termination.c,Unknown,Unknown,Unknown,0.4,Terminate,0.960868597,Terminate,2.83,Terminate,3.49,Terminate,1.43,Terminate,1.19,Terminate,Terminate,timeout,Terminate,Terminate,3.68,Terminate,Linear,1,1,4,FALSE,FALSE,FALSE,FALSE,TRUE,27,C,loop,
AliasDarteFeautrierGonnord-SAS2010-Fig2b_true-termination.c,failed,Failed,Failed,0.21,Terminate,10.76107049,Unknown,23.05,Failed,295.34,Unknown,10.37,Unknown,263.06,Terminate,Terminate,timeout,timeout,Terminate,9.79,Unknown,Nested,3,2,3,FALSE,FALSE,TRUE,FALSE,TRUE,26,C,loop,
svcomp_c.02.c,failed,Failed,Terminate,0.43,Terminate,4.060259342,Terminate,3.68,Terminate,3.97,Terminate,1.69,Terminate,2.01,Terminate,Terminate,Terminate,Terminate,Terminate,4.12,Terminate,Nested,2,2,2,FALSE,FALSE,TRUE,FALSE,FALSE,20,C,loop,
floppy_simpl3_false-unreach-call_true-termination.cil.c,Terminate,TERMINATE,Unknown,0.76,Failed,300,Terminate,2.6,Terminate,2.73,Terminate,1.61,Terminate,1.83,timeout,timeout,Terminate,Unknown,Terminate,6.53,Terminate,Linear,1,1,0,FALSE,TRUE,TRUE,FALSE,TRUE,1501,C,loop,
LeUserDefRec_true.c,,,Terminate,0.28,Failed,0.447752714,Unknown,1.84,Failed,1.85,Failed,0.41,Failed,0.39,Terminate,Terminate,Terminate,Terminate,Terminate,3.77,Unknown,,0,0,0,FALSE,FALSE,TRUE,FALSE,TRUE,47,C,recur,non-tail
svcomp_b.12.c,failed,Failed,Terminate,0.21,Terminate,12.48464584,Terminate,2.58,Terminate,3.08,Terminate,1.6,Terminate,1.63,Terminate,Terminate,Terminate,Terminate,Terminate,4.01,Terminate,Linear,1,1,1,FALSE,FALSE,TRUE,FALSE,FALSE,23,C,loop,
Avg_true.c,,,Terminate,0.28,Failed,0.446409941,Unknown,2.16,Failed,2.18,Failed,0.39,Failed,0.38,Terminate,Terminate,Terminate,Terminate,Terminate,5.04,Unknown,,0,0,0,FALSE,FALSE,TRUE,FALSE,FALSE,50,C,recur,non-tail
svcomp_java_AG313.c,Terminate,TERMINATE,Terminate,0.26,Terminate,1.400640726,Unknown,2.82,Unknown,2.49,Unknown,1.43,Unknown,265.89,Terminate,Terminate,Terminate,Terminate,Terminate,3.68,Terminate,Linear,1,1,2,FALSE,FALSE,TRUE,FALSE,TRUE,15,C,loop,
MenloPark_true-termination.c,Unknown,Unknown,Unknown,0.83,Terminate,1.644768238,Terminate,3.61,Terminate,3.74,Terminate,1.75,Terminate,1.78,Unknown,timeout,Terminate,Terminate,Terminate,3.85,Terminate,Linear,1,1,1,FALSE,FALSE,TRUE,FALSE,FALSE,28,C,loop,
AliasDarteFeautrierGonnord-SAS2010-cousot9_true-termination.c,failed,Failed,Terminate,0.2,Terminate,2.243287802,Terminate,3.55,Terminate,4.48,Terminate,1.59,Terminate,1.69,Terminate,Terminate,Terminate,Terminate,Terminate,4.55,Terminate,Linear,1,1,1,FALSE,FALSE,TRUE,FALSE,FALSE,24,C,loop,
svcomp_recHanoi02_true-unreach-call_true-termination_modified.c,,,Terminate,0.21,Failed,0.441465378,Unknown,2.02,Failed,2.15,Failed,0.43,Failed,0.42,Terminate,Terminate,Failed,Terminate,Terminate,4,Unknown,,0,0,0,FALSE,FALSE,TRUE,FALSE,TRUE,37,C,recur,non-tail
ex2.c,,,Failed,300.02,Failed,0.443924665,Unknown,1.72,Failed,2.04,Failed,0.42,Failed,0.43,Terminate,Terminate,Failed,Terminate,Terminate,6.26,Unknown,,0,0,0,FALSE,FALSE,TRUE,FALSE,FALSE,20,C,recur,non-tail
nondet_ll_skip.c,failed,Failed,Unknown,1.03,Failed,0.474651575,Unknown,4.36,Unknown,4.58,Unknown,2.02,Unknown,286.85,Terminate,Terminate,Failed,timeout,Unknown,51.57,Unknown,Multiple,2,1,5,FALSE,FALSE,TRUE,FALSE,TRUE,46,C,loop,
Bangalore_v4_true-termination.c,Unknown,Unknown,Unknown,0.14,Terminate,0.971367836,Unknown,2.77,Unknown,2.96,Unknown,1.31,Unknown,295.36,Terminate,Terminate,Terminate,Terminate,Terminate,4.84,Unknown,Linear,1,1,1,FALSE,FALSE,TRUE,FALSE,FALSE,22,C,loop,
nondet_ll_init.c,Unknown,Unknown,Terminate,0.99,Failed,0.339472771,Unknown,2.29,Unknown,2.38,Unknown,1.4,Unknown,282.85,Terminate,Terminate,Terminate,Terminate,Terminate,4.29,Unknown,Linear,1,1,2,FALSE,FALSE,TRUE,FALSE,TRUE,28,C,loop,
Ackermann_true-termination.c,,,Terminate,0.32,Failed,0.444999218,Unknown,2.16,Failed,2.26,Failed,0.42,Failed,0.41,Terminate,Terminate,Failed,timeout,TIMEOUT,300.05,Unknown,,0,0,0,FALSE,FALSE,TRUE,FALSE,FALSE,23,C,recur,non-tail
svcomp_a.05-alloca.c,Unknown,Unknown,Failed,0.24,Failed,0.349060535,Unknown,3.05,Unknown,3.82,Unknown,1.81,Unknown,292.1,Terminate,Terminate,Terminate,Terminate,Terminate,4.08,Unknown,Linear,1,1,2,FALSE,FALSE,TRUE,FALSE,TRUE,22,C,loop,
Stockholm_true-termination.c,Unknown,Unknown,Terminate,0.18,Terminate,1.902859926,Terminate,2.15,Terminate,2.64,Terminate,1.42,Terminate,1.45,Terminate,Terminate,Terminate,Terminate,Terminate,3.84,Terminate,Linear,1,1,1,FALSE,FALSE,TRUE,FALSE,FALSE,23,C,loop,
WhileDecr.c,Terminate,TERMINATE,Terminate,0.1,Terminate,1.174720287,Terminate,2.74,Terminate,3.23,Terminate,1.36,Terminate,1.44,Terminate,Terminate,Terminate,Terminate,Terminate,3.92,Terminate,Linear,1,1,1,FALSE,FALSE,TRUE,FALSE,FALSE,14,C,loop,
svcomp_b.12-alloca.c,Unknown,Unknown,Failed,0.26,Failed,0.476222038,Unknown,2.99,Unknown,2.99,Unknown,1.8,Unknown,278.51,Terminate,Terminate,Terminate,Terminate,Terminate,4.81,Unknown,Linear,1,1,1,FALSE,FALSE,TRUE,FALSE,TRUE,30,C,loop,
HeizmannHoenickeLeikePodelski-ATVA2013-Fig1_true-termination.c,Unknown,Unknown,Unknown,0.62,Terminate,1.632233143,Terminate,2.82,Terminate,3.28,Terminate,1.41,Terminate,1.43,Terminate,Terminate,Terminate,Terminate,Terminate,3.89,Terminate,Linear,1,1,1,FALSE,FALSE,TRUE,FALSE,FALSE,22,C,loop,
PodelskiRybalchenko-VMCAI2004-Ex2_true-termination.c,Terminate,TERMINATE,Unknown,0.32,Unknown,2.638544321,Unknown,2.79,Unknown,2.93,Unknown,1.35,Unknown,291.34,Terminate,Terminate,Terminate,Unknown,Unknown,6.66,Terminate,Linear,1,1,1,FALSE,FALSE,TRUE,FALSE,TRUE,21,C,loop,
CookSeeZuleger-TACAS2013-Fig8a-modified_true-termination.c,Terminate,TERMINATE,Unknown,0.15,Terminate,5.021686554,Terminate,3.21,Terminate,3.86,Terminate,1.5,Terminate,1.63,Terminate,Terminate,Terminate,Terminate,Terminate,5.31,Terminate,Linear,1,1,2,FALSE,FALSE,TRUE,FALSE,FALSE,25,C,loop,
GCD4.c,Unknown,Unknown,Terminate,0.52,Terminate,2.112157583,Unknown,3.5,Unknown,3.8,Unknown,1.56,Unknown,278.96,Terminate,Terminate,Terminate,Terminate,Terminate,5.3,Unknown,Nested,2,2,3,FALSE,FALSE,TRUE,FALSE,TRUE,26,C,loop,
svcomp_gcd1_true-alloca.c,failed,"ERROR,UNKNOWN",Failed,0.23,Failed,0.343958139,Unknown,3.73,Unknown,4,Unknown,2.1,Unknown,289.46,Terminate,Terminate,Terminate,Terminate,Terminate,6.08,Unknown,Nested,2,2,2,FALSE,FALSE,TRUE,FALSE,TRUE,30,C,loop,
BrockschmidtCookFuhs-CAV2013-Fig1_true-termination.c,Unknown,Unknown,Terminate,0.22,Terminate,2.279437304,Unknown,262.58,Unknown,269.34,Unknown,284.28,Unknown,138.54,Terminate,Terminate,Terminate,Terminate,Terminate,4.4,Unknown,Nested,2,2,3,FALSE,FALSE,TRUE,FALSE,FALSE,27,C,loop,
PlusSwap.c,failed,Failed,Terminate,0.52,Terminate,1.214020491,Terminate,3.07,Terminate,3.35,Terminate,1.5,Terminate,1.55,Terminate,Terminate,Terminate,Terminate,Terminate,3.85,Terminate,Linear,1,1,1,FALSE,FALSE,TRUE,FALSE,FALSE,24,C,loop,
desc_ll_with_offset_search.c,failed,Failed,Unknown,1,Failed,0.468345404,Unknown,5.9,Unknown,6,Unknown,2.65,Nonterminate,1.42,Terminate,Terminate,timeout,timeout,Unknown,93.1,Unknown,Multiple,2,1,6,FALSE,FALSE,TRUE,FALSE,TRUE,40,C,loop,
Copenhagen_true-termination.c,failed,Failed,Terminate,0.45,Terminate,1.11929059,Terminate,2.98,Terminate,3.43,Terminate,1.42,Terminate,1.43,Terminate,Terminate,Terminate,Terminate,Terminate,4.19,Terminate,Linear,1,1,2,FALSE,FALSE,TRUE,FALSE,TRUE,22,C,loop,
Terminate,61,61,162,0,209,0,177,0,162,0,177,0,174,0,357,350,316,308,326,0,205,0,0,0,0,0,0,0,0,0,,,,
